{"type":"FeatureCollection","features":[{"type":"Feature","properties":{"building_id":4719759,"kind":"ridge"},"geometry":{"type":"LineString","coordinates":[[168.836474,-44.940775],[168.836505,-44.940822]]}},{"type":"Feature","properties":{"building_id":4719759,"kind":"ridge"},"geometry":{"type":"LineString","coordinates":[[168.836505,-44.940822],[168.8365,-44.940837]]}},{"type":"Feature","properties":{"building_id":4719759,"kind":"ridge"},"geometry":{"type":"LineString","coordinates":[[168.8365,-44.940837],[168.836457,-44.940851]]}},{"type":"Feature","properties":{"building_id":4719759,"kind":"valley"},"geometry":{"type":"LineString","coordinates":[[168.836457,-44.940851],[168.836485,-44.940792]]}},{"type":"Feature","properties":{"building_id":4719759,"kind":"ridge"},"geometry":{"type":"LineString","coordinates":[[168.836505,-44.940824],[168.836585,-44.940842]]}},{"type":"Feature","properties":{"building_id":4719759,"kind":"ridge"},"geometry":{"type":"LineString","coordinates":[[168.836585,-44.940842],[168.836579,-44.940856]]}},{"type":"Feature","properties":{"building_id":4719759,"kind":"ridge"},"geometry":{"type":"LineString","coordinates":[[168.836585,-44.940842],[168.83663,-44.940825]]}},{"type":"Feature","properties":{"building_id":4719759,"kind":"ridge"},"geometry":{"type":"LineString","coordinates":[[168.836579,-44.940856],[168.836601,-44.940885]]}},{"type":"Feature","properties":{"building_id":4719759,"kind":"ridge"},"geometry":{"type":"LineString","coordinates":[[168.836579,-44.940856],[168.8365,-44.940837]]}},{"type":"Feature","properties":{"building_id":4719759,"kind":"cliff"},"geometry":{"type":"LineString","coordinates":[[168.8365,-44.940837],[168.836478,-44.940831]]}},{"type":"Feature","properties":{"building_id":4719759,"kind":"cliff"},"geometry":{"type":"LineString","coordinates":[[168.836478,-44.940831],[168.836484,-44.940819]]}},{"type":"Feature","properties":{"building_id":4719759,"kind":"cliff"},"geometry":{"type":"LineString","coordinates":[[168.836484,-44.940819],[168.836505,-44.940824]]}},{"type":"Feature","properties":{"building_id":4719759,"kind":"cliff"},"geometry":{"type":"LineString","coordinates":[[168.836532,-44.940814],[168.836526,-44.940828]]}},{"type":"Feature","properties":{"building_id":4719759,"kind":"cliff"},"geometry":{"type":"LineString","coordinates":[[168.836532,-44.940814],[168.836549,-44.940817]]}},{"type":"Feature","properties":{"building_id":4719759,"kind":"cliff"},"geometry":{"type":"LineString","coordinates":[[168.836549,-44.940817],[168.836543,-44.940832]]}},{"type":"Feature","properties":{"building_id":4719759,"kind":"cliff"},"geometry":{"type":"LineString","coordinates":[[168.836567,-44.940822],[168.836584,-44.940826]]}},{"type":"Feature","properties":{"building_id":4719759,"kind":"cliff"},"geometry":{"type":"LineString","coordinates":[[168.836584,-44.940826],[168.836578,-44.94084]]}},{"type":"Feature","properties":{"building_id":4719759,"kind":"cliff"},"geometry":{"type":"LineString","coordinates":[[168.836567,-44.940822],[168.836562,-44.940837]]}},{"type":"Feature","properties":{"building_id":4719759,"kind":"cliff"},"geometry":{"type":"LineString","coordinates":[[168.836547,-44.940865],[168.836553,-44.94085]]}},{"type":"Feature","properties":{"building_id":4719759,"kind":"cliff"},"geometry":{"type":"LineString","coordinates":[[168.836547,-44.940865],[168.836565,-44.940869]]}},{"type":"Feature","properties":{"building_id":4719759,"kind":"cliff"},"geometry":{"type":"LineString","coordinates":[[168.836565,-44.940869],[168.836571,-44.940854]]}},{"type":"Feature","properties":{"building_id":4719759,"kind":"cliff"},"geometry":{"type":"LineString","coordinates":[[168.836515,-44.940857],[168.836496,-44.940853]]}},{"type":"Feature","properties":{"building_id":4719759,"kind":"cliff"},"geometry":{"type":"LineString","coordinates":[[168.836496,-44.940853],[168.836504,-44.940838]]}},{"type":"Feature","properties":{"building_id":4719759,"kind":"cliff"},"geometry":{"type":"LineString","coordinates":[[168.836515,-44.940857],[168.836521,-44.940842]]}},{"type":"Feature","properties":{"building_id":4719759,"kind":"cliff"},"geometry":{"type":"LineString","coordinates":[[168.836599,-44.940807],[168.836595,-44.940816]]}},{"type":"Feature","properties":{"building_id":4719759,"kind":"cliff"},"geometry":{"type":"LineString","coordinates":[[168.836595,-44.940816],[168.836667,-44.940834]]}},{"type":"Feature","properties":{"building_id":4719759,"kind":"cliff"},"geometry":{"type":"LineString","coordinates":[[168.836667,-44.940834],[168.836672,-44.940824]]}},{"type":"Feature","properties":{"building_id":4719759,"kind":"valley"},"geometry":{"type":"LineString","coordinates":[[168.83663,-44.940825],[168.836601,-44.940885]]}},{"type":"Feature","properties":{"building_id":4719759,"kind":"ridge"},"geometry":{"type":"LineString","coordinates":[[168.83663,-44.940825],[168.836651,-44.940858]]}},{"type":"Feature","properties":{"building_id":4719759,"kind":"ridge"},"geometry":{"type":"LineString","coordinates":[[168.836651,-44.940858],[168.836646,-44.940872]]}},{"type":"Feature","properties":{"building_id":4719759,"kind":"ridge"},"geometry":{"type":"LineString","coordinates":[[168.836646,-44.940872],[168.836601,-44.940885]]}},{"type":"Feature","properties":{"building_id":4719759,"kind":"ridge"},"geometry":{"type":"LineString","coordinates":[[168.836651,-44.940858],[168.836731,-44.940878]]}},{"type":"Feature","properties":{"building_id":4719759,"kind":"ridge"},"geometry":{"type":"LineString","coordinates":[[168.836731,-44.940878],[168.836726,-44.940891]]}},{"type":"Feature","properties":{"building_id":4719759,"kind":"ridge"},"geometry":{"type":"LineString","coordinates":[[168.836726,-44.940891],[168.836646,-44.940872]]}},{"type":"Feature","properties":{"building_id":4719759,"kind":"ridge"},"geometry":{"type":"LineString","coordinates":[[168.836731,-44.940878],[168.836775,-44.940862]]}},{"type":"Feature","properties":{"building_id":4719759,"kind":"ridge"},"geometry":{"type":"LineString","coordinates":[[168.836775,-44.940862],[168.836796,-44.940853]]}},{"type":"Feature","properties":{"building_id":4719759,"kind":"ridge"},"geometry":{"type":"LineString","coordinates":[[168.836726,-44.940891],[168.836746,-44.940919]]}},{"type":"Feature","properties":{"building_id":4719759,"kind":"valley"},"geometry":{"type":"LineString","coordinates":[[168.836775,-44.940862],[168.83675,-44.94092]]}},{"type":"Feature","properties":{"building_id":4719759,"kind":"cliff"},"geometry":{"type":"LineString","coordinates":[[168.836653,-44.940874],[168.836645,-44.940889]]}},{"type":"Feature","properties":{"building_id":4719759,"kind":"cliff"},"geometry":{"type":"LineString","coordinates":[[168.836645,-44.940889],[168.836662,-44.940893]]}},{"type":"Feature","properties":{"building_id":4719759,"kind":"cliff"},"geometry":{"type":"LineString","coordinates":[[168.836662,-44.940893],[168.83667,-44.940878]]}},{"type":"Feature","properties":{"building_id":4719759,"kind":"cliff"},"geometry":{"type":"LineString","coordinates":[[168.836667,-44.940845],[168.83666,-44.94086]]}},{"type":"Feature","properties":{"building_id":4719759,"kind":"cliff"},"geometry":{"type":"LineString","coordinates":[[168.836667,-44.940845],[168.836682,-44.940849]]}},{"type":"Feature","properties":{"building_id":4719759,"kind":"cliff"},"geometry":{"type":"LineString","coordinates":[[168.836682,-44.940849],[168.836676,-44.940864]]}},{"type":"Feature","properties":{"building_id":4719759,"kind":"cliff"},"geometry":{"type":"LineString","coordinates":[[168.836701,-44.940853],[168.836694,-44.940869]]}},{"type":"Feature","properties":{"building_id":4719759,"kind":"cliff"},"geometry":{"type":"LineString","coordinates":[[168.836701,-44.940853],[168.836718,-44.940857]]}},{"type":"Feature","properties":{"building_id":4719759,"kind":"cliff"},"geometry":{"type":"LineString","coordinates":[[168.836718,-44.940857],[168.836711,-44.940873]]}},{"type":"Feature","properties":{"building_id":4719759,"kind":"cliff"},"geometry":{"type":"LineString","coordinates":[[168.836747,-44.940895],[168.836726,-44.940891]]}},{"type":"Feature","properties":{"building_id":4719759,"kind":"cliff"},"geometry":{"type":"LineString","coordinates":[[168.836747,-44.940895],[168.836752,-44.940883]]}},{"type":"Feature","properties":{"building_id":4719759,"kind":"cliff"},"geometry":{"type":"LineString","coordinates":[[168.836752,-44.940883],[168.836731,-44.940878]]}},{"type":"Feature","properties":{"building_id":4719759,"kind":"cliff"},"geometry":{"type":"LineString","coordinates":[[168.836703,-44.940886],[168.836696,-44.940901]]}},{"type":"Feature","properties":{"building_id":4719759,"kind":"cliff"},"geometry":{"type":"LineString","coordinates":[[168.836696,-44.940901],[168.836714,-44.940905]]}},{"type":"Feature","properties":{"building_id":4719759,"kind":"cliff"},"geometry":{"type":"LineString","coordinates":[[168.836714,-44.940905],[168.83672,-44.94089]]}},{"type":"Feature","properties":{"building_id":4725474,"kind":"ridge"},"geometry":{"type":"LineString","coordinates":[[168.664393,-45.035766],[168.664512,-45.035738]]}},{"type":"Feature","properties":{"building_id":4725474,"kind":"valley"},"geometry":{"type":"LineString","coordinates":[[168.664382,-45.03574],[168.664419,-45.035732]]}},{"type":"Feature","properties":{"building_id":4725474,"kind":"valley"},"geometry":{"type":"LineString","coordinates":[[168.664422,-45.035783],[168.664521,-45.035759]]}},{"type":"Feature","properties":{"building_id":4725474,"kind":"cliff"},"geometry":{"type":"LineString","coordinates":[[168.664422,-45.035783],[168.664424,-45.035787]]}},{"type":"Feature","properties":{"building_id":4725474,"kind":"cliff"},"geometry":{"type":"LineString","coordinates":[[168.664422,-45.035783],[168.664405,-45.035787]]}},{"type":"Feature","properties":{"building_id":4725521,"kind":"ridge"},"geometry":{"type":"LineString","coordinates":[[168.663644,-45.035152],[168.663705,-45.035209]]}},{"type":"Feature","properties":{"building_id":4725521,"kind":"cliff"},"geometry":{"type":"LineString","coordinates":[[168.663658,-45.035236],[168.663756,-45.035184]]}},{"type":"Feature","properties":{"building_id":4725521,"kind":"ridge"},"geometry":{"type":"LineString","coordinates":[[168.663752,-45.035251],[168.663709,-45.035213]]}},{"type":"Feature","properties":{"building_id":4725546,"kind":"ridge"},"geometry":{"type":"LineString","coordinates":[[168.665602,-45.034785],[168.665632,-45.034853]]}},{"type":"Feature","properties":{"building_id":4725546,"kind":"ridge"},"geometry":{"type":"LineString","coordinates":[[168.665377,-45.034874],[168.665471,-45.034854]]}},{"type":"Feature","properties":{"building_id":4725546,"kind":"ridge"},"geometry":{"type":"LineString","coordinates":[[168.665454,-45.034772],[168.665496,-45.034866]]}},{"type":"Feature","properties":{"building_id":4725546,"kind":"valley"},"geometry":{"type":"LineString","coordinates":[[168.665524,-45.034861],[168.665483,-45.034767]]}},{"type":"Feature","properties":{"building_id":4725546,"kind":"cliff"},"geometry":{"type":"LineString","coordinates":[[168.665524,-45.034861],[168.665481,-45.034871]]}},{"type":"Feature","properties":{"building_id":4725546,"kind":"ridge"},"geometry":{"type":"LineString","coordinates":[[168.665536,-45.034886],[168.665524,-45.034861]]}},{"type":"Feature","properties":{"building_id":4725546,"kind":"valley"},"geometry":{"type":"LineString","coordinates":[[168.665577,-45.034807],[168.665605,-45.034859]]}},{"type":"Feature","properties":{"building_id":4725546,"kind":"valley"},"geometry":{"type":"LineString","coordinates":[[168.665434,-45.034777],[168.665471,-45.034854]]}},{"type":"Feature","properties":{"building_id":4725546,"kind":"valley"},"geometry":{"type":"LineString","coordinates":[[168.665403,-45.034846],[168.665471,-45.034854]]}},{"type":"Feature","properties":{"building_id":4725546,"kind":"valley"},"geometry":{"type":"LineString","coordinates":[[168.665471,-45.034854],[168.665464,-45.034876]]}},{"type":"Feature","properties":{"building_id":4734816,"kind":"ridge"},"geometry":{"type":"LineString","coordinates":[[168.662222,-45.027369],[168.662229,-45.027496]]}},{"type":"Feature","properties":{"building_id":4734850,"kind":"cliff"},"geometry":{"type":"LineString","coordinates":[[168.660756,-45.026403],[168.66074,-45.026438]]}},{"type":"Feature","properties":{"building_id":4734850,"kind":"cliff"},"geometry":{"type":"LineString","coordinates":[[168.66074,-45.026438],[168.660722,-45.026434]]}},{"type":"Feature","properties":{"building_id":4735015,"kind":"cliff"},"geometry":{"type":"LineString","coordinates":[[168.658596,-45.02958],[168.658466,-45.029745]]}},{"type":"Feature","properties":{"building_id":4735015,"kind":"cliff"},"geometry":{"type":"LineString","coordinates":[[168.658372,-45.029668],[168.658494,-45.02971]]}},{"type":"Feature","properties":{"building_id":4735075,"kind":"cliff"},"geometry":{"type":"LineString","coordinates":[[168.668354,-45.029468],[168.668306,-45.029521]]}},{"type":"Feature","properties":{"building_id":4735075,"kind":"cliff"},"geometry":{"type":"LineString","coordinates":[[168.668306,-45.029521],[168.66822,-45.029483]]}},{"type":"Feature","properties":{"building_id":4735075,"kind":"ridge"},"geometry":{"type":"LineString","coordinates":[[168.668226,-45.029474],[168.66816,-45.029544]]}},{"type":"Feature","properties":{"building_id":4735075,"kind":"ridge"},"geometry":{"type":"LineString","coordinates":[[168.6682,-45.029514],[168.668315,-45.029566]]}},{"type":"Feature","properties":{"building_id":4735075,"kind":"ridge"},"geometry":{"type":"LineString","coordinates":[[168.668357,-45.029533],[168.668295,-45.029604]]}},{"type":"Feature","properties":{"building_id":4735075,"kind":"valley"},"geometry":{"type":"LineString","coordinates":[[168.6682,-45.029514],[168.668195,-45.029559]]}},{"type":"Feature","properties":{"building_id":4735075,"kind":"valley"},"geometry":{"type":"LineString","coordinates":[[168.6682,-45.029514],[168.668251,-45.029497]]}},{"type":"Feature","properties":{"building_id":4735075,"kind":"valley"},"geometry":{"type":"LineString","coordinates":[[168.668315,-45.029566],[168.668316,-45.02951]]}},{"type":"Feature","properties":{"building_id":4735075,"kind":"valley"},"geometry":{"type":"LineString","coordinates":[[168.668315,-45.029566],[168.668262,-45.029589]]}},{"type":"Feature","properties":{"building_id":4735075,"kind":"ridge"},"geometry":{"type":"LineString","coordinates":[[168.66831,-45.029449],[168.668263,-45.029502]]}},{"type":"Feature","properties":{"building_id":4735263,"kind":"ridge"},"geometry":{"type":"LineString","coordinates":[[168.663065,-45.027657],[168.663143,-45.027604]]}},{"type":"Feature","properties":{"building_id":4735263,"kind":"ridge"},"geometry":{"type":"LineString","coordinates":[[168.663143,-45.027604],[168.663144,-45.027587]]}},{"type":"Feature","properties":{"building_id":4735263,"kind":"ridge"},"geometry":{"type":"LineString","coordinates":[[168.663143,-45.027604],[168.663208,-45.027605]]}},{"type":"Feature","properties":{"building_id":4735263,"kind":"valley"},"geometry":{"type":"LineString","coordinates":[[168.663208,-45.027605],[168.663146,-45.027565]]}},{"type":"Feature","properties":{"building_id":4735263,"kind":"valley"},"geometry":{"type":"LineString","coordinates":[[168.663146,-45.027565],[168.663194,-45.027531]]}},{"type":"Feature","properties":{"building_id":4735263,"kind":"valley"},"geometry":{"type":"LineString","coordinates":[[168.663108,-45.02756],[168.663106,-45.027527]]}},{"type":"Feature","properties":{"building_id":4735263,"kind":"valley"},"geometry":{"type":"LineString","coordinates":[[168.663108,-45.02756],[168.663146,-45.027565]]}},{"type":"Feature","properties":{"building_id":4735263,"kind":"valley"},"geometry":{"type":"LineString","coordinates":[[168.663095,-45.027587],[168.663144,-45.027587]]}},{"type":"Feature","properties":{"building_id":4735263,"kind":"ridge"},"geometry":{"type":"LineString","coordinates":[[168.663083,-45.027544],[168.663144,-45.027587]]}},{"type":"Feature","properties":{"building_id":4735263,"kind":"ridge"},"geometry":{"type":"LineString","coordinates":[[168.663108,-45.02756],[168.663151,-45.02753]]}},{"type":"Feature","properties":{"building_id":4735263,"kind":"ridge"},"geometry":{"type":"LineString","coordinates":[[168.663151,-45.02753],[168.663194,-45.027531]]}},{"type":"Feature","properties":{"building_id":4735263,"kind":"ridge"},"geometry":{"type":"LineString","coordinates":[[168.663151,-45.02753],[168.663151,-45.027495]]}},{"type":"Feature","properties":{"building_id":4735318,"kind":"ridge"},"geometry":{"type":"LineString","coordinates":[[168.66232,-45.029235],[168.662317,-45.029282]]}},{"type":"Feature","properties":{"building_id":4735318,"kind":"ridge"},"geometry":{"type":"LineString","coordinates":[[168.662317,-45.029282],[168.662395,-45.029288]]}},{"type":"Feature","properties":{"building_id":4735318,"kind":"ridge"},"geometry":{"type":"LineString","coordinates":[[168.662317,-45.029282],[168.66219,-45.029371]]}},{"type":"Feature","properties":{"building_id":4735318,"kind":"ridge"},"geometry":{"type":"LineString","coordinates":[[168.662317,-45.029282],[168.662325,-45.029289]]}},{"type":"Feature","properties":{"building_id":4735318,"kind":"valley"},"geometry":{"type":"LineString","coordinates":[[168.662325,-45.029289],[168.662199,-45.029377]]}},{"type":"Feature","properties":{"building_id":4735623,"kind":"ridge"},"geometry":{"type":"LineString","coordinates":[[168.662147,-45.032165],[168.662098,-45.032199]]}},{"type":"Feature","properties":{"building_id":4735623,"kind":"ridge"},"geometry":{"type":"LineString","coordinates":[[168.662241,-45.032257],[168.662147,-45.032251]]}},{"type":"Feature","properties":{"building_id":4735623,"kind":"ridge"},"geometry":{"type":"LineString","coordinates":[[168.662133,-45.032262],[168.66214,-45.032328]]}},{"type":"Feature","properties":{"building_id":4735623,"kind":"ridge"},"geometry":{"type":"LineString","coordinates":[[168.662007,-45.032171],[168.661922,-45.032172]]}},{"type":"Feature","properties":{"building_id":4735623,"kind":"ridge"},"geometry":{"type":"LineString","coordinates":[[168.662021,-45.032103],[168.66202,-45.032162]]}},{"type":"Feature","properties":{"building_id":4735623,"kind":"valley"},"geometry":{"type":"LineString","coordinates":[[168.662099,-45.032151],[168.662098,-45.032199]]}},{"type":"Feature","properties":{"building_id":4735623,"kind":"valley"},"geometry":{"type":"LineString","coordinates":[[168.662174,-45.032202],[168.662098,-45.032199]]}},{"type":"Feature","properties":{"building_id":4735623,"kind":"valley"},"geometry":{"type":"LineString","coordinates":[[168.66214,-45.032328],[168.66204,-45.032257]]}},{"type":"Feature","properties":{"building_id":4735623,"kind":"cliff"},"geometry":{"type":"LineString","coordinates":[[168.661922,-45.032172],[168.66204,-45.032257]]}},{"type":"Feature","properties":{"building_id":4735623,"kind":"cliff"},"geometry":{"type":"LineString","coordinates":[[168.66204,-45.032257],[168.662031,-45.032264]]}},{"type":"Feature","properties":{"building_id":4735623,"kind":"cliff"},"geometry":{"type":"LineString","coordinates":[[168.662031,-45.032264],[168.662015,-45.032253]]}},{"type":"Feature","properties":{"building_id":4735623,"kind":"cliff"},"geometry":{"type":"LineString","coordinates":[[168.662015,-45.032253],[168.661986,-45.032273]]}},{"type":"Feature","properties":{"building_id":4735623,"kind":"ridge"},"geometry":{"type":"LineString","coordinates":[[168.66202,-45.032162],[168.662147,-45.032251]]}},{"type":"Feature","properties":{"building_id":4735623,"kind":"ridge"},"geometry":{"type":"LineString","coordinates":[[168.662007,-45.032171],[168.662133,-45.032262]]}},{"type":"Feature","properties":{"building_id":4735623,"kind":"ridge"},"geometry":{"type":"LineString","coordinates":[[168.662133,-45.032262],[168.662147,-45.032251]]}},{"type":"Feature","properties":{"building_id":4735623,"kind":"ridge"},"geometry":{"type":"LineString","coordinates":[[168.66202,-45.032162],[168.662007,-45.032171]]}},{"type":"Feature","properties":{"building_id":4740517,"kind":"ridge"},"geometry":{"type":"LineString","coordinates":[[168.673136,-45.033159],[168.67325,-45.033207]]}},{"type":"Feature","properties":{"building_id":4740517,"kind":"cliff"},"geometry":{"type":"LineString","coordinates":[[168.67325,-45.033207],[168.673238,-45.033223]]}},{"type":"Feature","properties":{"building_id":4740517,"kind":"cliff"},"geometry":{"type":"LineString","coordinates":[[168.673238,-45.033223],[168.673226,-45.033237]]}},{"type":"Feature","properties":{"building_id":4740517,"kind":"cliff"},"geometry":{"type":"LineString","coordinates":[[168.67325,-45.033207],[168.673265,-45.033192]]}},{"type":"Feature","properties":{"building_id":4740517,"kind":"cliff"},"geometry":{"type":"LineString","coordinates":[[168.673265,-45.033192],[168.673277,-45.033199]]}},{"type":"Feature","properties":{"building_id":4740517,"kind":"cliff"},"geometry":{"type":"LineString","coordinates":[[168.673277,-45.033199],[168.673282,-45.033193]]}},{"type":"Feature","properties":{"building_id":4740517,"kind":"cliff"},"geometry":{"type":"LineString","coordinates":[[168.673201,-45.03323],[168.673226,-45.033237]]}},{"type":"Feature","properties":{"building_id":4740517,"kind":"cliff"},"geometry":{"type":"LineString","coordinates":[[168.673226,-45.033237],[168.673274,-45.033257]]}},{"type":"Feature","properties":{"building_id":4740662,"kind":"ridge"},"geometry":{"type":"LineString","coordinates":[[168.738317,-44.987712],[168.738174,-44.987597]]}},{"type":"Feature","properties":{"building_id":4740662,"kind":"ridge"},"geometry":{"type":"LineString","coordinates":[[168.738174,-44.987597],[168.738083,-44.987648]]}},{"type":"Feature","properties":{"building_id":4740662,"kind":"ridge"},"geometry":{"type":"LineString","coordinates":[[168.738174,-44.987597],[168.738419,-44.98744]]}},{"type":"Feature","properties":{"building_id":4740662,"kind":"ridge"},"geometry":{"type":"LineString","coordinates":[[168.738211,-44.987573],[168.738126,-44.987503]]}},{"type":"Feature","properties":{"building_id":4740662,"kind":"ridge"},"geometry":{"type":"LineString","coordinates":[[168.738519,-44.987595],[168.738366,-44.987474]]}},{"type":"Feature","properties":{"building_id":4740662,"kind":"valley"},"geometry":{"type":"LineString","coordinates":[[168.738211,-44.987573],[168.738218,-44.987517]]}},{"type":"Feature","properties":{"building_id":4740662,"kind":"valley"},"geometry":{"type":"LineString","coordinates":[[168.738211,-44.987573],[168.738135,-44.987571]]}},{"type":"Feature","properties":{"building_id":4740662,"kind":"valley"},"geometry":{"type":"LineString","coordinates":[[168.738174,-44.987597],[168.738224,-44.987598]]}},{"type":"Feature","properties":{"building_id":4740662,"kind":"valley"},"geometry":{"type":"LineString","coordinates":[[168.738366,-44.987474],[168.738364,-44.987512]]}},{"type":"Feature","properties":{"building_id":4740662,"kind":"valley"},"geometry":{"type":"LineString","coordinates":[[168.738366,-44.987474],[168.738438,-44.987473]]}},{"type":"Feature","properties":{"building_id":4740662,"kind":"valley"},"geometry":{"type":"LineString","coordinates":[[168.738224,-44.987598],[168.738364,-44.987512]]}},{"type":"Feature","properties":{"building_id":4740662,"kind":"valley"},"geometry":{"type":"LineString","coordinates":[[168.738364,-44.987512],[168.73848,-44.987604]]}},{"type":"Feature","properties":{"building_id":4740662,"kind":"valley"},"geometry":{"type":"LineString","coordinates":[[168.738224,-44.987598],[168.738323,-44.98768]]}},{"type":"Feature","properties":{"building_id":4740662,"kind":"valley"},"geometry":{"type":"LineString","coordinates":[[168.738323,-44.98768],[168.738334,-44.987673]]}},{"type":"Feature","properties":{"building_id":4740662,"kind":"valley"},"geometry":{"type":"LineString","coordinates":[[168.738174,-44.987597],[168.738165,-44.987645]]}},{"type":"Feature","properties":{"building_id":4744126,"kind":"valley"},"geometry":{"type":"LineString","coordinates":[[168.740334,-45.013521],[168.740856,-45.013269]]}},{"type":"Feature","properties":{"building_id":4744126,"kind":"valley"},"geometry":{"type":"LineString","coordinates":[[168.740582,-45.013692],[168.741042,-45.013466]]}},{"type":"Feature","properties":{"building_id":4744126,"kind":"ridge"},"geometry":{"type":"LineString","coordinates":[[168.740484,-45.013624],[168.740944,-45.013412]]}},{"type":"Feature","properties":{"building_id":4744126,"kind":"ridge"},"geometry":{"type":"LineString","coordinates":[[168.740723,-45.013799],[168.741101,-45.013615]]}},{"type":"Feature","properties":{"building_id":4751041,"kind":"cliff"},"geometry":{"type":"LineString","coordinates":[[168.673013,-45.031763],[168.673008,-45.031797]]}},{"type":"Feature","properties":{"building_id":4751041,"kind":"cliff"},"geometry":{"type":"LineString","coordinates":[[168.673008,-45.031797],[168.672999,-45.03182]]}},{"type":"Feature","properties":{"building_id":4751041,"kind":"valley"},"geometry":{"type":"LineString","coordinates":[[168.672838,-45.031841],[168.672825,-45.031802]]}},{"type":"Feature","properties":{"building_id":4751041,"kind":"valley"},"geometry":{"type":"LineString","coordinates":[[168.673001,-45.031792],[168.672995,-45.031828]]}},{"type":"Feature","properties":{"building_id":4751041,"kind":"cliff"},"geometry":{"type":"LineString","coordinates":[[168.672995,-45.031828],[168.672981,-45.03187]]}},{"type":"Feature","properties":{"building_id":4751041,"kind":"ridge"},"geometry":{"type":"LineString","coordinates":[[168.673008,-45.031797],[168.673175,-45.031826]]}},{"type":"Feature","properties":{"building_id":4751041,"kind":"ridge"},"geometry":{"type":"LineString","coordinates":[[168.672825,-45.031802],[168.672995,-45.031828]]}},{"type":"Feature","properties":{"building_id":4751041,"kind":"valley"},"geometry":{"type":"LineString","coordinates":[[168.67315,-45.031806],[168.673169,-45.03181]]}},{"type":"Feature","properties":{"building_id":4751041,"kind":"cliff"},"geometry":{"type":"LineString","coordinates":[[168.67315,-45.031806],[168.673153,-45.031796]]}},{"type":"Feature","properties":{"building_id":4751041,"kind":"cliff"},"geometry":{"type":"LineString","coordinates":[[168.673153,-45.031796],[168.673172,-45.031798]]}},{"type":"Feature","properties":{"building_id":4751041,"kind":"cliff"},"geometry":{"type":"LineString","coordinates":[[168.673172,-45.031798],[168.673169,-45.03181]]}},{"type":"Feature","properties":{"building_id":5371108,"kind":"cliff"},"geometry":{"type":"LineString","coordinates":[[168.66373,-45.027302],[168.663903,-45.027446]]}},{"type":"Feature","properties":{"building_id":5371108,"kind":"ridge"},"geometry":{"type":"LineString","coordinates":[[168.66381,-45.027254],[168.663797,-45.027302]]}},{"type":"Feature","properties":{"building_id":5371108,"kind":"ridge"},"geometry":{"type":"LineString","coordinates":[[168.663797,-45.027302],[168.663726,-45.027298]]}},{"type":"Feature","properties":{"building_id":5371108,"kind":"ridge"},"geometry":{"type":"LineString","coordinates":[[168.663797,-45.027302],[168.663825,-45.027325]]}},{"type":"Feature","properties":{"building_id":5371108,"kind":"ridge"},"geometry":{"type":"LineString","coordinates":[[168.663825,-45.027325],[168.663819,-45.027368]]}},{"type":"Feature","properties":{"building_id":5371108,"kind":"ridge"},"geometry":{"type":"LineString","coordinates":[[168.663825,-45.027325],[168.663887,-45.027328]]}},{"type":"Feature","properties":{"building_id":5371108,"kind":"ridge"},"geometry":{"type":"LineString","coordinates":[[168.663887,-45.027328],[168.66388,-45.02737]]}},{"type":"Feature","properties":{"building_id":5371108,"kind":"ridge"},"geometry":{"type":"LineString","coordinates":[[168.66388,-45.02737],[168.663819,-45.027368]]}},{"type":"Feature","properties":{"building_id":5371108,"kind":"ridge"},"geometry":{"type":"LineString","coordinates":[[168.66388,-45.02737],[168.663907,-45.027392]]}},{"type":"Feature","properties":{"building_id":5371108,"kind":"ridge"},"geometry":{"type":"LineString","coordinates":[[168.663907,-45.027392],[168.663898,-45.027442]]}},{"type":"Feature","properties":{"building_id":5371108,"kind":"ridge"},"geometry":{"type":"LineString","coordinates":[[168.663907,-45.027392],[168.663984,-45.027397]]}},{"type":"Feature","properties":{"building_id":5371108,"kind":"valley"},"geometry":{"type":"LineString","coordinates":[[168.663819,-45.027368],[168.663887,-45.027328]]}},{"type":"Feature","properties":{"building_id":5371108,"kind":"ridge"},"geometry":{"type":"LineString","coordinates":[[168.663819,-45.027368],[168.663813,-45.027371]]}},{"type":"Feature","properties":{"building_id":5371108,"kind":"ridge"},"geometry":{"type":"LineString","coordinates":[[168.663887,-45.027328],[168.663897,-45.027322]]}},{"type":"Feature","properties":{"building_id":5372566,"kind":"ridge"},"geometry":{"type":"LineString","coordinates":[[168.66244,-45.031747],[168.662425,-45.031874]]}},{"type":"Feature","properties":{"building_id":5372566,"kind":"ridge"},"geometry":{"type":"LineString","coordinates":[[168.662425,-45.031874],[168.66245,-45.031931]]}},{"type":"Feature","properties":{"building_id":5372566,"kind":"ridge"},"geometry":{"type":"LineString","coordinates":[[168.66245,-45.031931],[168.662465,-45.03197]]}},{"type":"Feature","properties":{"building_id":5372566,"kind":"ridge"},"geometry":{"type":"LineString","coordinates":[[168.662465,-45.03197],[168.662471,-45.032022]]}},{"type":"Feature","properties":{"building_id":5372566,"kind":"ridge"},"geometry":{"type":"LineString","coordinates":[[168.662471,-45.032022],[168.662349,-45.031939]]}},{"type":"Feature","properties":{"building_id":5372566,"kind":"ridge"},"geometry":{"type":"LineString","coordinates":[[168.662471,-45.032022],[168.6625,-45.032089]]}},{"type":"Feature","properties":{"building_id":5372566,"kind":"ridge"},"geometry":{"type":"LineString","coordinates":[[168.6625,-45.032089],[168.662532,-45.03219]]}},{"type":"Feature","properties":{"building_id":5372566,"kind":"cliff"},"geometry":{"type":"LineString","coordinates":[[168.662425,-45.031874],[168.662263,-45.031996]]}},{"type":"Feature","properties":{"building_id":5372566,"kind":"cliff"},"geometry":{"type":"LineString","coordinates":[[168.662425,-45.031874],[168.662349,-45.031823]]}},{"type":"Feature","properties":{"building_id":5372585,"kind":"cliff"},"geometry":{"type":"LineString","coordinates":[[168.660189,-45.030481],[168.66024,-45.030517]]}},{"type":"Feature","properties":{"building_id":5372585,"kind":"cliff"},"geometry":{"type":"LineString","coordinates":[[168.660189,-45.030481],[168.660171,-45.030492]]}},{"type":"Feature","properties":{"building_id":5373363,"kind":"cliff"},"geometry":{"type":"LineString","coordinates":[[168.658319,-45.028468],[168.658335,-45.028443]]}},{"type":"Feature","properties":{"building_id":5373363,"kind":"cliff"},"geometry":{"type":"LineString","coordinates":[[168.65845,-45.028478],[168.658434,-45.028505]]}},{"type":"Feature","properties":{"building_id":5373363,"kind":"ridge"},"geometry":{"type":"LineString","coordinates":[[168.658328,-45.028454],[168.658442,-45.02849]]}},{"type":"Feature","properties":{"building_id":5373363,"kind":"ridge"},"geometry":{"type":"LineString","coordinates":[[168.658499,-45.028462],[168.65845,-45.028478]]}},{"type":"Feature","properties":{"building_id":5373363,"kind":"ridge"},"geometry":{"type":"LineString","coordinates":[[168.658434,-45.028505],[168.658448,-45.028542]]}},{"type":"Feature","properties":{"building_id":5373363,"kind":"ridge"},"geometry":{"type":"LineString","coordinates":[[168.658319,-45.028468],[168.65826,-45.028481]]}},{"type":"Feature","properties":{"building_id":5373363,"kind":"ridge"},"geometry":{"type":"LineString","coordinates":[[168.658335,-45.028443],[168.658312,-45.028402]]}},{"type":"Feature","properties":{"building_id":5373363,"kind":"ridge"},"geometry":{"type":"LineString","coordinates":[[168.658327,-45.028379],[168.658383,-45.028365]]}},{"type":"Feature","properties":{"building_id":5373363,"kind":"ridge"},"geometry":{"type":"LineString","coordinates":[[168.658519,-45.028373],[168.658566,-45.028359]]}},{"type":"Feature","properties":{"building_id":5373363,"kind":"ridge"},"geometry":{"type":"LineString","coordinates":[[168.658402,-45.028334],[168.658379,-45.028298]]}},{"type":"Feature","properties":{"building_id":5373363,"kind":"ridge"},"geometry":{"type":"LineString","coordinates":[[168.6585,-45.028403],[168.658516,-45.028438]]}},{"type":"Feature","properties":{"building_id":5373363,"kind":"valley"},"geometry":{"type":"LineString","coordinates":[[168.658327,-45.028379],[168.658516,-45.028438]]}},{"type":"Feature","properties":{"building_id":5373363,"kind":"valley"},"geometry":{"type":"LineString","coordinates":[[168.658516,-45.028438],[168.658546,-45.028388]]}},{"type":"Feature","properties":{"building_id":5373363,"kind":"valley"},"geometry":{"type":"LineString","coordinates":[[168.658312,-45.028402],[168.658499,-45.028462]]}},{"type":"Feature","properties":{"building_id":5373363,"kind":"valley"},"geometry":{"type":"LineString","coordinates":[[168.658499,-45.028462],[168.658468,-45.028512]]}},{"type":"Feature","properties":{"building_id":5373363,"kind":"valley"},"geometry":{"type":"LineString","coordinates":[[168.658341,-45.02843],[168.65837,-45.02844]]}},{"type":"Feature","properties":{"building_id":5373363,"kind":"valley"},"geometry":{"type":"LineString","coordinates":[[168.658425,-45.028457],[168.658455,-45.028466]]}},{"type":"Feature","properties":{"building_id":5373363,"kind":"cliff"},"geometry":{"type":"LineString","coordinates":[[168.658341,-45.02843],[168.658347,-45.028419]]}},{"type":"Feature","properties":{"building_id":5373363,"kind":"cliff"},"geometry":{"type":"LineString","coordinates":[[168.658347,-45.028419],[168.658377,-45.028428]]}},{"type":"Feature","properties":{"building_id":5373363,"kind":"cliff"},"geometry":{"type":"LineString","coordinates":[[168.658377,-45.028428],[168.65837,-45.02844]]}},{"type":"Feature","properties":{"building_id":5373363,"kind":"cliff"},"geometry":{"type":"LineString","coordinates":[[168.658425,-45.028457],[168.658431,-45.028447]]}},{"type":"Feature","properties":{"building_id":5373363,"kind":"cliff"},"geometry":{"type":"LineString","coordinates":[[168.658431,-45.028447],[168.658461,-45.028456]]}},{"type":"Feature","properties":{"building_id":5373363,"kind":"cliff"},"geometry":{"type":"LineString","coordinates":[[168.658461,-45.028456],[168.658455,-45.028466]]}},{"type":"Feature","properties":{"building_id":5373363,"kind":"cliff"},"geometry":{"type":"LineString","coordinates":[[168.658402,-45.028334],[168.658383,-45.028365]]}},{"type":"Feature","properties":{"building_id":5373363,"kind":"cliff"},"geometry":{"type":"LineString","coordinates":[[168.658519,-45.028373],[168.6585,-45.028403]]}},{"type":"Feature","properties":{"building_id":5373363,"kind":"ridge"},"geometry":{"type":"LineString","coordinates":[[168.658392,-45.02835],[168.65851,-45.028388]]}},{"type":"Feature","properties":{"building_id":4723359,"kind":"ridge"},"geometry":{"type":"LineString","coordinates":[[168.807647,-44.992545],[168.807721,-44.99262]]}},{"type":"Feature","properties":{"building_id":4723359,"kind":"ridge"},"geometry":{"type":"LineString","coordinates":[[168.807592,-44.992633],[168.807672,-44.992593]]}},{"type":"Feature","properties":{"building_id":4723359,"kind":"ridge"},"geometry":{"type":"LineString","coordinates":[[168.807705,-44.992578],[168.807852,-44.992505]]}},{"type":"Feature","properties":{"building_id":4723359,"kind":"ridge"},"geometry":{"type":"LineString","coordinates":[[168.80786,-44.992511],[168.807901,-44.99249]]}},{"type":"Feature","properties":{"building_id":4723359,"kind":"cliff"},"geometry":{"type":"LineString","coordinates":[[168.807836,-44.992489],[168.807852,-44.992505]]}},{"type":"Feature","properties":{"building_id":4723359,"kind":"cliff"},"geometry":{"type":"LineString","coordinates":[[168.807852,-44.992505],[168.80786,-44.992511]]}},{"type":"Feature","properties":{"building_id":4723359,"kind":"valley"},"geometry":{"type":"LineString","coordinates":[[168.807705,-44.992578],[168.80771,-44.992555]]}},{"type":"Feature","properties":{"building_id":4723359,"kind":"valley"},"geometry":{"type":"LineString","coordinates":[[168.807705,-44.992578],[168.807742,-44.992583]]}},{"type":"Feature","properties":{"building_id":4723359,"kind":"valley"},"geometry":{"type":"LineString","coordinates":[[168.807742,-44.992583],[168.807746,-44.992588]]}},{"type":"Feature","properties":{"building_id":4723359,"kind":"valley"},"geometry":{"type":"LineString","coordinates":[[168.807672,-44.992593],[168.807668,-44.992617]]}},{"type":"Feature","properties":{"building_id":4723359,"kind":"valley"},"geometry":{"type":"LineString","coordinates":[[168.807672,-44.992593],[168.807638,-44.992588]]}},{"type":"Feature","properties":{"building_id":4723359,"kind":"cliff"},"geometry":{"type":"LineString","coordinates":[[168.807638,-44.992588],[168.807615,-44.992566]]}},{"type":"Feature","properties":{"building_id":4723359,"kind":"cliff"},"geometry":{"type":"LineString","coordinates":[[168.807668,-44.992617],[168.807694,-44.992641]]}},{"type":"Feature","properties":{"building_id":4723359,"kind":"cliff"},"geometry":{"type":"LineString","coordinates":[[168.807746,-44.992588],[168.807783,-44.99257]]}},{"type":"Feature","properties":{"building_id":4723359,"kind":"cliff"},"geometry":{"type":"LineString","coordinates":[[168.807783,-44.99257],[168.80779,-44.992576]]}},{"type":"Feature","properties":{"building_id":4723359,"kind":"cliff"},"geometry":{"type":"LineString","coordinates":[[168.807746,-44.992588],[168.807753,-44.992593]]}},{"type":"Feature","properties":{"building_id":4727648,"kind":"cliff"},"geometry":{"type":"LineString","coordinates":[[168.788753,-44.998546],[168.788835,-44.998608]]}},{"type":"Feature","properties":{"building_id":4727648,"kind":"cliff"},"geometry":{"type":"LineString","coordinates":[[168.788818,-44.998503],[168.788898,-44.998563]]}},{"type":"Feature","properties":{"building_id":4727648,"kind":"cliff"},"geometry":{"type":"LineString","coordinates":[[168.788606,-44.998649],[168.788682,-44.998709]]}},{"type":"Feature","properties":{"building_id":4727648,"kind":"cliff"},"geometry":{"type":"LineString","coordinates":[[168.78867,-44.998609],[168.788746,-44.998665]]}},{"type":"Feature","properties":{"building_id":4727648,"kind":"ridge"},"geometry":{"type":"LineString","coordinates":[[168.788649,-44.998683],[168.788599,-44.998716]]}},{"type":"Feature","properties":{"building_id":4727648,"kind":"ridge"},"geometry":{"type":"LineString","coordinates":[[168.788713,-44.99864],[168.788649,-44.998683]]}},{"type":"Feature","properties":{"building_id":4727648,"kind":"ridge"},"geometry":{"type":"LineString","coordinates":[[168.7888,-44.998581],[168.788713,-44.99864]]}},{"type":"Feature","properties":{"building_id":4727648,"kind":"ridge"},"geometry":{"type":"LineString","coordinates":[[168.788867,-44.99854],[168.7888,-44.998581]]}},{"type":"Feature","properties":{"building_id":4727648,"kind":"ridge"},"geometry":{"type":"LineString","coordinates":[[168.788914,-44.998506],[168.788867,-44.99854]]}},{"type":"Feature","properties":{"building_id":4727648,"kind":"cliff"},"geometry":{"type":"LineString","coordinates":[[168.788555,-44.99868],[168.788605,-44.99872]]}},{"type":"Feature","properties":{"building_id":4734157,"kind":"ridge"},"geometry":{"type":"LineString","coordinates":[[168.627003,-45.044033],[168.627067,-45.044124]]}},{"type":"Feature","properties":{"building_id":4734157,"kind":"ridge"},"geometry":{"type":"LineString","coordinates":[[168.626886,-45.044056],[168.626925,-45.044118]]}},{"type":"Feature","properties":{"building_id":4734157,"kind":"ridge"},"geometry":{"type":"LineString","coordinates":[[168.626971,-45.04417],[168.626934,-45.044114]]}},{"type":"Feature","properties":{"building_id":4734157,"kind":"cliff"},"geometry":{"type":"LineString","coordinates":[[168.626925,-45.044118],[168.626885,-45.04413]]}},{"type":"Feature","properties":{"building_id":4734157,"kind":"cliff"},"geometry":{"type":"LineString","coordinates":[[168.626925,-45.044118],[168.626955,-45.044103]]}},{"type":"Feature","properties":{"building_id":4734157,"kind":"cliff"},"geometry":{"type":"LineString","coordinates":[[168.626955,-45.044103],[168.626991,-45.044092]]}},{"type":"Feature","properties":{"building_id":4734157,"kind":"valley"},"geometry":{"type":"LineString","coordinates":[[168.626931,-45.044071],[168.626993,-45.044149]]}},{"type":"Feature","properties":{"building_id":4734157,"kind":"cliff"},"geometry":{"type":"LineString","coordinates":[[168.626969,-45.044056],[168.627021,-45.044133]]}},{"type":"Feature","properties":{"building_id":4734157,"kind":"cliff"},"geometry":{"type":"LineString","coordinates":[[168.626885,-45.04413],[168.626848,-45.044076]]}},{"type":"Feature","properties":{"building_id":4734157,"kind":"cliff"},"geometry":{"type":"LineString","coordinates":[[168.626893,-45.044127],[168.626935,-45.04419]]}},{"type":"Feature","properties":{"building_id":4734678,"kind":"ridge"},"geometry":{"type":"LineString","coordinates":[[168.660234,-45.030208],[168.660231,-45.030135]]}},{"type":"Feature","properties":{"building_id":4734678,"kind":"ridge"},"geometry":{"type":"LineString","coordinates":[[168.660234,-45.030208],[168.660129,-45.030212]]}},{"type":"Feature","properties":{"building_id":4734678,"kind":"ridge"},"geometry":{"type":"LineString","coordinates":[[168.660234,-45.030208],[168.660305,-45.030253]]}},{"type":"Feature","properties":{"building_id":4734678,"kind":"ridge"},"geometry":{"type":"LineString","coordinates":[[168.660305,-45.030253],[168.660307,-45.030331]]}},{"type":"Feature","properties":{"building_id":4734678,"kind":"ridge"},"geometry":{"type":"LineString","coordinates":[[168.660305,-45.030253],[168.660413,-45.030252]]}},{"type":"Feature","properties":{"building_id":4735237,"kind":"ridge"},"geometry":{"type":"LineString","coordinates":[[168.660065,-45.03195],[168.660162,-45.031891]]}},{"type":"Feature","properties":{"building_id":4735237,"kind":"ridge"},"geometry":{"type":"LineString","coordinates":[[168.660219,-45.031855],[168.660538,-45.031661]]}},{"type":"Feature","properties":{"building_id":4735237,"kind":"ridge"},"geometry":{"type":"LineString","coordinates":[[168.660122,-45.031998],[168.660175,-45.031966]]}},{"type":"Feature","properties":{"building_id":4735237,"kind":"ridge"},"geometry":{"type":"LineString","coordinates":[[168.660182,-45.03196],[168.660283,-45.031898]]}},{"type":"Feature","properties":{"building_id":4735237,"kind":"ridge"},"geometry":{"type":"LineString","coordinates":[[168.660291,-45.031895],[168.660435,-45.031805]]}},{"type":"Feature","properties":{"building_id":4735237,"kind":"ridge"},"geometry":{"type":"LineString","coordinates":[[168.660452,-45.031793],[168.660513,-45.031755]]}},{"type":"Feature","properties":{"building_id":4735237,"kind":"ridge"},"geometry":{"type":"LineString","coordinates":[[168.6605,-45.03183],[168.660561,-45.031791]]}},{"type":"Feature","properties":{"building_id":4735237,"kind":"ridge"},"geometry":{"type":"LineString","coordinates":[[168.660572,-45.031785],[168.660624,-45.031752]]}},{"type":"Feature","properties":{"building_id":4735237,"kind":"ridge"},"geometry":{"type":"LineString","coordinates":[[168.660547,-45.031866],[168.660606,-45.031828]]}},{"type":"Feature","properties":{"building_id":4735237,"kind":"ridge"},"geometry":{"type":"LineString","coordinates":[[168.660529,-45.03188],[168.660462,-45.031922]]}},{"type":"Feature","properties":{"building_id":4735237,"kind":"ridge"},"geometry":{"type":"LineString","coordinates":[[168.660453,-45.031926],[168.660379,-45.031971]]}},{"type":"Feature","properties":{"building_id":4735237,"kind":"ridge"},"geometry":{"type":"LineString","coordinates":[[168.660214,-45.032074],[168.660373,-45.031975]]}},{"type":"Feature","properties":{"building_id":4735237,"kind":"ridge"},"geometry":{"type":"LineString","coordinates":[[168.660401,-45.032043],[168.660445,-45.032079]]}},{"type":"Feature","properties":{"building_id":4735237,"kind":"ridge"},"geometry":{"type":"LineString","coordinates":[[168.660272,-45.032123],[168.660745,-45.031833]]}},{"type":"Feature","properties":{"building_id":4735237,"kind":"ridge"},"geometry":{"type":"LineString","coordinates":[[168.660673,-45.031834],[168.660697,-45.031854]]}},{"type":"Feature","properties":{"building_id":4735237,"kind":"cliff"},"geometry":{"type":"LineString","coordinates":[[168.660725,-45.031845],[168.660697,-45.031854]]}},{"type":"Feature","properties":{"building_id":4735237,"kind":"cliff"},"geometry":{"type":"LineString","coordinates":[[168.660697,-45.031854],[168.660682,-45.031871]]}},{"type":"Feature","properties":{"building_id":4735237,"kind":"cliff"},"geometry":{"type":"LineString","coordinates":[[168.660556,-45.031899],[168.660529,-45.03188]]}},{"type":"Feature","properties":{"building_id":4735237,"kind":"cliff"},"geometry":{"type":"LineString","coordinates":[[168.660556,-45.031899],[168.660633,-45.031849]]}},{"type":"Feature","properties":{"building_id":4735237,"kind":"cliff"},"geometry":{"type":"LineString","coordinates":[[168.660633,-45.031849],[168.660606,-45.031828]]}},{"type":"Feature","properties":{"building_id":4735237,"kind":"cliff"},"geometry":{"type":"LineString","coordinates":[[168.660606,-45.031828],[168.66058,-45.031807]]}},{"type":"Feature","properties":{"building_id":4735237,"kind":"cliff"},"geometry":{"type":"LineString","coordinates":[[168.660653,-45.031849],[168.660682,-45.031871]]}},{"type":"Feature","properties":{"building_id":4735237,"kind":"cliff"},"geometry":{"type":"LineString","coordinates":[[168.660654,-45.03185],[168.660673,-45.031834]]}},{"type":"Feature","properties":{"building_id":4735237,"kind":"cliff"},"geometry":{"type":"LineString","coordinates":[[168.660673,-45.031834],[168.660698,-45.031821]]}},{"type":"Feature","properties":{"building_id":4735237,"kind":"cliff"},"geometry":{"type":"LineString","coordinates":[[168.660698,-45.031821],[168.660725,-45.031845]]}},{"type":"Feature","properties":{"building_id":4735237,"kind":"valley"},"geometry":{"type":"LineString","coordinates":[[168.660554,-45.03195],[168.660635,-45.031954]]}},{"type":"Feature","properties":{"building_id":4735237,"kind":"valley"},"geometry":{"type":"LineString","coordinates":[[168.660554,-45.03195],[168.660548,-45.032007]]}},{"type":"Feature","properties":{"building_id":4735237,"kind":"ridge"},"geometry":{"type":"LineString","coordinates":[[168.660554,-45.03195],[168.660597,-45.031987]]}},{"type":"Feature","properties":{"building_id":4735237,"kind":"valley"},"geometry":{"type":"LineString","coordinates":[[168.660485,-45.031947],[168.660556,-45.031899]]}},{"type":"Feature","properties":{"building_id":4735237,"kind":"cliff"},"geometry":{"type":"LineString","coordinates":[[168.660379,-45.031971],[168.660399,-45.031989]]}},{"type":"Feature","properties":{"building_id":4735237,"kind":"cliff"},"geometry":{"type":"LineString","coordinates":[[168.660453,-45.031926],[168.660476,-45.03194]]}},{"type":"Feature","properties":{"building_id":4735237,"kind":"cliff"},"geometry":{"type":"LineString","coordinates":[[168.660476,-45.03194],[168.660399,-45.031989]]}},{"type":"Feature","properties":{"building_id":4735237,"kind":"cliff"},"geometry":{"type":"LineString","coordinates":[[168.660244,-45.032016],[168.660501,-45.031857]]}},{"type":"Feature","properties":{"building_id":4735237,"kind":"cliff"},"geometry":{"type":"LineString","coordinates":[[168.660501,-45.031857],[168.660484,-45.031842]]}},{"type":"Feature","properties":{"building_id":4735237,"kind":"cliff"},"geometry":{"type":"LineString","coordinates":[[168.660466,-45.031829],[168.660484,-45.031842]]}},{"type":"Feature","properties":{"building_id":4735237,"kind":"valley"},"geometry":{"type":"LineString","coordinates":[[168.660501,-45.031857],[168.66058,-45.031807]]}},{"type":"Feature","properties":{"building_id":4735237,"kind":"valley"},"geometry":{"type":"LineString","coordinates":[[168.660465,-45.031825],[168.660542,-45.031777]]}},{"type":"Feature","properties":{"building_id":4735237,"kind":"cliff"},"geometry":{"type":"LineString","coordinates":[[168.660415,-45.031784],[168.660435,-45.031805]]}},{"type":"Feature","properties":{"building_id":4735237,"kind":"cliff"},"geometry":{"type":"LineString","coordinates":[[168.660435,-45.031805],[168.660465,-45.031825]]}},{"type":"Feature","properties":{"building_id":4735237,"kind":"cliff"},"geometry":{"type":"LineString","coordinates":[[168.660542,-45.031777],[168.660561,-45.031791]]}},{"type":"Feature","properties":{"building_id":4735237,"kind":"cliff"},"geometry":{"type":"LineString","coordinates":[[168.660561,-45.031791],[168.66058,-45.031807]]}},{"type":"Feature","properties":{"building_id":4735237,"kind":"cliff"},"geometry":{"type":"LineString","coordinates":[[168.660542,-45.031777],[168.660513,-45.031755]]}},{"type":"Feature","properties":{"building_id":4735237,"kind":"cliff"},"geometry":{"type":"LineString","coordinates":[[168.660513,-45.031755],[168.660488,-45.031735]]}},{"type":"Feature","properties":{"building_id":4735237,"kind":"cliff"},"geometry":{"type":"LineString","coordinates":[[168.660607,-45.031736],[168.660624,-45.031752]]}},{"type":"Feature","properties":{"building_id":4735237,"kind":"cliff"},"geometry":{"type":"LineString","coordinates":[[168.660624,-45.031752],[168.660645,-45.031767]]}},{"type":"Feature","properties":{"building_id":4735237,"kind":"cliff"},"geometry":{"type":"LineString","coordinates":[[168.660645,-45.031767],[168.66058,-45.031807]]}},{"type":"Feature","properties":{"building_id":4735237,"kind":"cliff"},"geometry":{"type":"LineString","coordinates":[[168.660607,-45.031736],[168.660542,-45.031777]]}},{"type":"Feature","properties":{"building_id":4735237,"kind":"ridge"},"geometry":{"type":"LineString","coordinates":[[168.660496,-45.031686],[168.660458,-45.031653]]}},{"type":"Feature","properties":{"building_id":4735237,"kind":"ridge"},"geometry":{"type":"LineString","coordinates":[[168.660421,-45.031732],[168.660385,-45.031703]]}},{"type":"Feature","properties":{"building_id":4735237,"kind":"valley"},"geometry":{"type":"LineString","coordinates":[[168.66051,-45.031637],[168.660496,-45.031686]]}},{"type":"Feature","properties":{"building_id":4735237,"kind":"valley"},"geometry":{"type":"LineString","coordinates":[[168.660496,-45.031686],[168.660435,-45.031687]]}},{"type":"Feature","properties":{"building_id":4735237,"kind":"valley"},"geometry":{"type":"LineString","coordinates":[[168.660435,-45.031687],[168.660423,-45.03168]]}},{"type":"Feature","properties":{"building_id":4735237,"kind":"valley"},"geometry":{"type":"LineString","coordinates":[[168.660435,-45.031687],[168.660421,-45.031732]]}},{"type":"Feature","properties":{"building_id":4735237,"kind":"valley"},"geometry":{"type":"LineString","coordinates":[[168.660421,-45.031732],[168.660357,-45.031734]]}},{"type":"Feature","properties":{"building_id":4735237,"kind":"valley"},"geometry":{"type":"LineString","coordinates":[[168.660357,-45.031734],[168.660347,-45.031726]]}},{"type":"Feature","properties":{"building_id":4735237,"kind":"valley"},"geometry":{"type":"LineString","coordinates":[[168.660357,-45.031734],[168.660344,-45.031778]]}},{"type":"Feature","properties":{"building_id":4735237,"kind":"valley"},"geometry":{"type":"LineString","coordinates":[[168.660344,-45.031778],[168.660281,-45.031781]]}},{"type":"Feature","properties":{"building_id":4735237,"kind":"valley"},"geometry":{"type":"LineString","coordinates":[[168.660281,-45.031781],[168.66027,-45.031772]]}},{"type":"Feature","properties":{"building_id":4735237,"kind":"valley"},"geometry":{"type":"LineString","coordinates":[[168.660281,-45.031781],[168.660267,-45.031826]]}},{"type":"Feature","properties":{"building_id":4735237,"kind":"valley"},"geometry":{"type":"LineString","coordinates":[[168.660267,-45.031826],[168.660195,-45.031826]]}},{"type":"Feature","properties":{"building_id":4735237,"kind":"ridge"},"geometry":{"type":"LineString","coordinates":[[168.660267,-45.031826],[168.660231,-45.031796]]}},{"type":"Feature","properties":{"building_id":4735237,"kind":"ridge"},"geometry":{"type":"LineString","coordinates":[[168.660344,-45.031778],[168.660308,-45.03175]]}},{"type":"Feature","properties":{"building_id":4735237,"kind":"valley"},"geometry":{"type":"LineString","coordinates":[[168.660488,-45.031735],[168.660096,-45.031976]]}},{"type":"Feature","properties":{"building_id":4735237,"kind":"valley"},"geometry":{"type":"LineString","coordinates":[[168.660207,-45.031986],[168.660465,-45.031825]]}},{"type":"Feature","properties":{"building_id":4735237,"kind":"valley"},"geometry":{"type":"LineString","coordinates":[[168.660485,-45.031947],[168.660246,-45.032102]]}},{"type":"Feature","properties":{"building_id":4735237,"kind":"valley"},"geometry":{"type":"LineString","coordinates":[[168.660233,-45.032017],[168.660182,-45.032048]]}},{"type":"Feature","properties":{"building_id":4735237,"kind":"cliff"},"geometry":{"type":"LineString","coordinates":[[168.660306,-45.031912],[168.660199,-45.03198]]}},{"type":"Feature","properties":{"building_id":4735237,"kind":"cliff"},"geometry":{"type":"LineString","coordinates":[[168.660199,-45.03198],[168.660181,-45.031966]]}},{"type":"Feature","properties":{"building_id":4735237,"kind":"cliff"},"geometry":{"type":"LineString","coordinates":[[168.660306,-45.031912],[168.66029,-45.031898]]}},{"type":"Feature","properties":{"building_id":4735237,"kind":"ridge"},"geometry":{"type":"LineString","coordinates":[[168.660224,-45.032002],[168.660484,-45.031842]]}},{"type":"Feature","properties":{"building_id":4735237,"kind":"cliff"},"geometry":{"type":"LineString","coordinates":[[168.660453,-45.031926],[168.660429,-45.031901]]}},{"type":"Feature","properties":{"building_id":4735237,"kind":"cliff"},"geometry":{"type":"LineString","coordinates":[[168.660216,-45.031997],[168.660161,-45.032031]]}},{"type":"Feature","properties":{"building_id":4735237,"kind":"cliff"},"geometry":{"type":"LineString","coordinates":[[168.660216,-45.031997],[168.660199,-45.03198]]}},{"type":"Feature","properties":{"building_id":4735237,"kind":"cliff"},"geometry":{"type":"LineString","coordinates":[[168.660162,-45.031891],[168.660134,-45.031863]]}},{"type":"Feature","properties":{"building_id":4735237,"kind":"cliff"},"geometry":{"type":"LineString","coordinates":[[168.660162,-45.031891],[168.660188,-45.031911]]}},{"type":"Feature","properties":{"building_id":4735237,"kind":"cliff"},"geometry":{"type":"LineString","coordinates":[[168.660219,-45.031855],[168.660243,-45.031876]]}},{"type":"Feature","properties":{"building_id":4735237,"kind":"cliff"},"geometry":{"type":"LineString","coordinates":[[168.660219,-45.031855],[168.660188,-45.031831]]}},{"type":"Feature","properties":{"building_id":4735237,"kind":"valley"},"geometry":{"type":"LineString","coordinates":[[168.660401,-45.032043],[168.660495,-45.032049]]}},{"type":"Feature","properties":{"building_id":4735237,"kind":"valley"},"geometry":{"type":"LineString","coordinates":[[168.660401,-45.032043],[168.660398,-45.032098]]}},{"type":"Feature","properties":{"building_id":4740680,"kind":"ridge"},"geometry":{"type":"LineString","coordinates":[[168.743562,-44.986037],[168.743784,-44.986095]]}},{"type":"Feature","properties":{"building_id":4740680,"kind":"valley"},"geometry":{"type":"LineString","coordinates":[[168.743594,-44.986026],[168.743617,-44.986032]]}},{"type":"Feature","properties":{"building_id":4740680,"kind":"valley"},"geometry":{"type":"LineString","coordinates":[[168.743741,-44.986063],[168.743763,-44.986069]]}},{"type":"Feature","properties":{"building_id":4740680,"kind":"valley"},"geometry":{"type":"LineString","coordinates":[[168.743638,-44.986007],[168.743801,-44.986049]]}},{"type":"Feature","properties":{"building_id":4740680,"kind":"cliff"},"geometry":{"type":"LineString","coordinates":[[168.743594,-44.986026],[168.743603,-44.986006]]}},{"type":"Feature","properties":{"building_id":4740680,"kind":"cliff"},"geometry":{"type":"LineString","coordinates":[[168.743603,-44.986006],[168.743626,-44.98601]]}},{"type":"Feature","properties":{"building_id":4740680,"kind":"cliff"},"geometry":{"type":"LineString","coordinates":[[168.743626,-44.98601],[168.743617,-44.986032]]}},{"type":"Feature","properties":{"building_id":4740680,"kind":"cliff"},"geometry":{"type":"LineString","coordinates":[[168.743741,-44.986063],[168.74375,-44.986043]]}},{"type":"Feature","properties":{"building_id":4740680,"kind":"cliff"},"geometry":{"type":"LineString","coordinates":[[168.743773,-44.986049],[168.74375,-44.986043]]}},{"type":"Feature","properties":{"building_id":4740680,"kind":"cliff"},"geometry":{"type":"LineString","coordinates":[[168.743773,-44.986049],[168.743763,-44.986069]]}},{"type":"Feature","properties":{"building_id":4740680,"kind":"cliff"},"geometry":{"type":"LineString","coordinates":[[168.743581,-44.985987],[168.743562,-44.986037]]}},{"type":"Feature","properties":{"building_id":4740680,"kind":"cliff"},"geometry":{"type":"LineString","coordinates":[[168.743562,-44.986037],[168.743535,-44.986076]]}},{"type":"Feature","properties":{"building_id":4740680,"kind":"cliff"},"geometry":{"type":"LineString","coordinates":[[168.743758,-44.986133],[168.743784,-44.986095]]}},{"type":"Feature","properties":{"building_id":4740680,"kind":"cliff"},"geometry":{"type":"LineString","coordinates":[[168.743784,-44.986095],[168.743801,-44.986049]]}},{"type":"Feature","properties":{"building_id":4740680,"kind":"cliff"},"geometry":{"type":"LineString","coordinates":[[168.743801,-44.986049],[168.743819,-44.986008]]}},{"type":"Feature","properties":{"building_id":4747486,"kind":"ridge"},"geometry":{"type":"LineString","coordinates":[[168.80614,-44.94968],[168.806154,-44.949748]]}},{"type":"Feature","properties":{"building_id":4747486,"kind":"ridge"},"geometry":{"type":"LineString","coordinates":[[168.806153,-44.949765],[168.806171,-44.949841]]}},{"type":"Feature","properties":{"building_id":4747486,"kind":"ridge"},"geometry":{"type":"LineString","coordinates":[[168.806289,-44.949664],[168.806323,-44.949808]]}},{"type":"Feature","properties":{"building_id":4747486,"kind":"cliff"},"geometry":{"type":"LineString","coordinates":[[168.806154,-44.949748],[168.806186,-44.949737]]}},{"type":"Feature","properties":{"building_id":4747486,"kind":"cliff"},"geometry":{"type":"LineString","coordinates":[[168.806154,-44.949748],[168.806107,-44.949745]]}},{"type":"Feature","properties":{"building_id":4747486,"kind":"cliff"},"geometry":{"type":"LineString","coordinates":[[168.806153,-44.949765],[168.806109,-44.949764]]}},{"type":"Feature","properties":{"building_id":4747486,"kind":"cliff"},"geometry":{"type":"LineString","coordinates":[[168.806153,-44.949765],[168.806187,-44.949754]]}},{"type":"Feature","properties":{"building_id":4747486,"kind":"valley"},"geometry":{"type":"LineString","coordinates":[[168.806328,-44.949662],[168.806349,-44.949742]]}},{"type":"Feature","properties":{"building_id":4747486,"kind":"valley"},"geometry":{"type":"LineString","coordinates":[[168.806256,-44.949696],[168.806271,-44.949739]]}},{"type":"Feature","properties":{"building_id":4747486,"kind":"valley"},"geometry":{"type":"LineString","coordinates":[[168.806271,-44.949739],[168.806274,-44.949779]]}},{"type":"Feature","properties":{"building_id":4747486,"kind":"valley"},"geometry":{"type":"LineString","coordinates":[[168.806183,-44.949703],[168.806186,-44.949746]]}},{"type":"Feature","properties":{"building_id":4747486,"kind":"valley"},"geometry":{"type":"LineString","coordinates":[[168.806186,-44.949746],[168.806199,-44.94979]]}},{"type":"Feature","properties":{"building_id":4747486,"kind":"ridge"},"geometry":{"type":"LineString","coordinates":[[168.806125,-44.949753],[168.806271,-44.949739]]}},{"type":"Feature","properties":{"building_id":4747492,"kind":"ridge"},"geometry":{"type":"LineString","coordinates":[[168.808754,-44.949884],[168.808944,-44.949896]]}},{"type":"Feature","properties":{"building_id":4747492,"kind":"ridge"},"geometry":{"type":"LineString","coordinates":[[168.808953,-44.949942],[168.809112,-44.949951]]}},{"type":"Feature","properties":{"building_id":4747492,"kind":"ridge"},"geometry":{"type":"LineString","coordinates":[[168.808949,-44.949981],[168.809114,-44.949991]]}},{"type":"Feature","properties":{"building_id":4747492,"kind":"ridge"},"geometry":{"type":"LineString","coordinates":[[168.809032,-44.949953],[168.809028,-44.949981]]}},{"type":"Feature","properties":{"building_id":4747492,"kind":"ridge"},"geometry":{"type":"LineString","coordinates":[[168.809026,-44.949993],[168.809025,-44.950006]]}},{"type":"Feature","properties":{"building_id":4747492,"kind":"ridge"},"geometry":{"type":"LineString","coordinates":[[168.809034,-44.949942],[168.809038,-44.949915]]}},{"type":"Feature","properties":{"building_id":4747492,"kind":"cliff"},"geometry":{"type":"LineString","coordinates":[[168.808961,-44.949924],[168.808953,-44.949942]]}},{"type":"Feature","properties":{"building_id":4747492,"kind":"cliff"},"geometry":{"type":"LineString","coordinates":[[168.808953,-44.949942],[168.808953,-44.949964]]}},{"type":"Feature","properties":{"building_id":4747492,"kind":"cliff"},"geometry":{"type":"LineString","coordinates":[[168.808953,-44.949964],[168.808949,-44.949981]]}},{"type":"Feature","properties":{"building_id":4747492,"kind":"cliff"},"geometry":{"type":"LineString","coordinates":[[168.808949,-44.949981],[168.808949,-44.950006]]}},{"type":"Feature","properties":{"building_id":4747492,"kind":"ridge"},"geometry":{"type":"LineString","coordinates":[[168.808927,-44.949917],[168.808923,-44.949973]]}},{"type":"Feature","properties":{"building_id":4747492,"kind":"valley"},"geometry":{"type":"LineString","coordinates":[[168.808927,-44.949917],[168.808913,-44.949927]]}},{"type":"Feature","properties":{"building_id":4747492,"kind":"valley"},"geometry":{"type":"LineString","coordinates":[[168.808927,-44.949917],[168.808945,-44.94993]]}},{"type":"Feature","properties":{"building_id":4747492,"kind":"valley"},"geometry":{"type":"LineString","coordinates":[[168.809032,-44.949953],[168.809054,-44.949969]]}},{"type":"Feature","properties":{"building_id":4747492,"kind":"valley"},"geometry":{"type":"LineString","coordinates":[[168.809054,-44.949969],[168.809118,-44.949973]]}},{"type":"Feature","properties":{"building_id":4747492,"kind":"valley"},"geometry":{"type":"LineString","coordinates":[[168.809028,-44.949981],[168.809054,-44.949969]]}},{"type":"Feature","properties":{"building_id":4747492,"kind":"valley"},"geometry":{"type":"LineString","coordinates":[[168.809028,-44.949981],[168.809009,-44.949968]]}},{"type":"Feature","properties":{"building_id":4747492,"kind":"valley"},"geometry":{"type":"LineString","coordinates":[[168.809032,-44.949953],[168.809009,-44.949968]]}},{"type":"Feature","properties":{"building_id":4747492,"kind":"valley"},"geometry":{"type":"LineString","coordinates":[[168.809009,-44.949968],[168.808953,-44.949964]]}},{"type":"Feature","properties":{"building_id":4747492,"kind":"valley"},"geometry":{"type":"LineString","coordinates":[[168.809026,-44.949993],[168.809,-44.950009]]}},{"type":"Feature","properties":{"building_id":4747492,"kind":"valley"},"geometry":{"type":"LineString","coordinates":[[168.809026,-44.949993],[168.809052,-44.95001]]}},{"type":"Feature","properties":{"building_id":4747492,"kind":"valley"},"geometry":{"type":"LineString","coordinates":[[168.809034,-44.949942],[168.809064,-44.949929]]}},{"type":"Feature","properties":{"building_id":4747492,"kind":"valley"},"geometry":{"type":"LineString","coordinates":[[168.809034,-44.949942],[168.809012,-44.949925]]}},{"type":"Feature","properties":{"building_id":4747492,"kind":"cliff"},"geometry":{"type":"LineString","coordinates":[[168.808912,-44.949936],[168.808913,-44.949927]]}},{"type":"Feature","properties":{"building_id":4747492,"kind":"cliff"},"geometry":{"type":"LineString","coordinates":[[168.808913,-44.949927],[168.808887,-44.949926]]}},{"type":"Feature","properties":{"building_id":4747492,"kind":"cliff"},"geometry":{"type":"LineString","coordinates":[[168.808954,-44.949869],[168.808944,-44.949896]]}},{"type":"Feature","properties":{"building_id":4747492,"kind":"cliff"},"geometry":{"type":"LineString","coordinates":[[168.808944,-44.949896],[168.808945,-44.94993]]}},{"type":"Feature","properties":{"building_id":4747492,"kind":"cliff"},"geometry":{"type":"LineString","coordinates":[[168.809122,-44.949929],[168.809112,-44.949951]]}},{"type":"Feature","properties":{"building_id":4747492,"kind":"cliff"},"geometry":{"type":"LineString","coordinates":[[168.809112,-44.949951],[168.809118,-44.949973]]}},{"type":"Feature","properties":{"building_id":4747492,"kind":"cliff"},"geometry":{"type":"LineString","coordinates":[[168.809118,-44.949973],[168.809114,-44.949991]]}},{"type":"Feature","properties":{"building_id":4747492,"kind":"cliff"},"geometry":{"type":"LineString","coordinates":[[168.809114,-44.949991],[168.809117,-44.950014]]}},{"type":"Feature","properties":{"building_id":4747492,"kind":"cliff"},"geometry":{"type":"LineString","coordinates":[[168.809052,-44.95001],[168.809025,-44.950006]]}},{"type":"Feature","properties":{"building_id":4747492,"kind":"cliff"},"geometry":{"type":"LineString","coordinates":[[168.809025,-44.950006],[168.809,-44.950009]]}},{"type":"Feature","properties":{"building_id":4747492,"kind":"cliff"},"geometry":{"type":"LineString","coordinates":[[168.809038,-44.949915],[168.809065,-44.949916]]}},{"type":"Feature","properties":{"building_id":4747492,"kind":"cliff"},"geometry":{"type":"LineString","coordinates":[[168.809065,-44.949916],[168.809064,-44.949929]]}},{"type":"Feature","properties":{"building_id":4747492,"kind":"cliff"},"geometry":{"type":"LineString","coordinates":[[168.809038,-44.949915],[168.809012,-44.949914]]}},{"type":"Feature","properties":{"building_id":4747492,"kind":"cliff"},"geometry":{"type":"LineString","coordinates":[[168.809012,-44.949914],[168.809012,-44.949925]]}},{"type":"Feature","properties":{"building_id":4747492,"kind":"cliff"},"geometry":{"type":"LineString","coordinates":[[168.808762,-44.949859],[168.808754,-44.949884]]}},{"type":"Feature","properties":{"building_id":4747492,"kind":"cliff"},"geometry":{"type":"LineString","coordinates":[[168.808754,-44.949884],[168.808755,-44.949916]]}},{"type":"Feature","properties":{"building_id":5370862,"kind":"ridge"},"geometry":{"type":"LineString","coordinates":[[168.838459,-44.959254],[168.838459,-44.959354]]}},{"type":"Feature","properties":{"building_id":5370862,"kind":"ridge"},"geometry":{"type":"LineString","coordinates":[[168.838474,-44.959356],[168.838475,-44.959383]]}},{"type":"Feature","properties":{"building_id":5370862,"kind":"ridge"},"geometry":{"type":"LineString","coordinates":[[168.838571,-44.959277],[168.838572,-44.959363]]}},{"type":"Feature","properties":{"building_id":5370862,"kind":"ridge"},"geometry":{"type":"LineString","coordinates":[[168.838553,-44.959364],[168.838554,-44.959397]]}},{"type":"Feature","properties":{"building_id":5370862,"kind":"ridge"},"geometry":{"type":"LineString","coordinates":[[168.838554,-44.959233],[168.838555,-44.959276]]}},{"type":"Feature","properties":{"building_id":5370862,"kind":"ridge"},"geometry":{"type":"LineString","coordinates":[[168.838476,-44.959305],[168.838547,-44.959306]]}},{"type":"Feature","properties":{"building_id":5370862,"kind":"valley"},"geometry":{"type":"LineString","coordinates":[[168.838476,-44.959305],[168.838504,-44.959269]]}},{"type":"Feature","properties":{"building_id":5370862,"kind":"valley"},"geometry":{"type":"LineString","coordinates":[[168.838527,-44.959268],[168.838547,-44.959306]]}},{"type":"Feature","properties":{"building_id":5370862,"kind":"valley"},"geometry":{"type":"LineString","coordinates":[[168.838547,-44.959306],[168.838524,-44.959346]]}},{"type":"Feature","properties":{"building_id":5370862,"kind":"valley"},"geometry":{"type":"LineString","coordinates":[[168.838476,-44.959305],[168.838506,-44.959345]]}},{"type":"Feature","properties":{"building_id":5370862,"kind":"cliff"},"geometry":{"type":"LineString","coordinates":[[168.838474,-44.959356],[168.838459,-44.959354]]}},{"type":"Feature","properties":{"building_id":5370862,"kind":"cliff"},"geometry":{"type":"LineString","coordinates":[[168.838459,-44.959354],[168.838418,-44.959355]]}},{"type":"Feature","properties":{"building_id":5370862,"kind":"cliff"},"geometry":{"type":"LineString","coordinates":[[168.838555,-44.959276],[168.838571,-44.959277]]}},{"type":"Feature","properties":{"building_id":5370862,"kind":"cliff"},"geometry":{"type":"LineString","coordinates":[[168.838571,-44.959277],[168.838599,-44.959277]]}},{"type":"Feature","properties":{"building_id":5370862,"kind":"cliff"},"geometry":{"type":"LineString","coordinates":[[168.838553,-44.959364],[168.838572,-44.959363]]}},{"type":"Feature","properties":{"building_id":5370862,"kind":"cliff"},"geometry":{"type":"LineString","coordinates":[[168.838572,-44.959363],[168.838598,-44.959365]]}},{"type":"Feature","properties":{"building_id":5372388,"kind":"ridge"},"geometry":{"type":"LineString","coordinates":[[168.754239,-44.976123],[168.754291,-44.976125]]}},{"type":"Feature","properties":{"building_id":5372388,"kind":"ridge"},"geometry":{"type":"LineString","coordinates":[[168.754239,-44.976123],[168.754203,-44.976091]]}},{"type":"Feature","properties":{"building_id":5372388,"kind":"ridge"},"geometry":{"type":"LineString","coordinates":[[168.754239,-44.976123],[168.754197,-44.976153]]}},{"type":"Feature","properties":{"building_id":5372388,"kind":"ridge"},"geometry":{"type":"LineString","coordinates":[[168.75432,-44.976182],[168.754329,-44.976069]]}},{"type":"Feature","properties":{"building_id":5372388,"kind":"valley"},"geometry":{"type":"LineString","coordinates":[[168.754291,-44.976095],[168.754291,-44.976125]]}},{"type":"Feature","properties":{"building_id":5372388,"kind":"valley"},"geometry":{"type":"LineString","coordinates":[[168.754291,-44.976125],[168.754286,-44.976154]]}},{"type":"Feature","properties":{"building_id":5372388,"kind":"valley"},"geometry":{"type":"LineString","coordinates":[[168.754358,-44.976071],[168.754354,-44.976144]]}},{"type":"Feature","properties":{"building_id":5372388,"kind":"valley"},"geometry":{"type":"LineString","coordinates":[[168.754559,-44.976082],[168.754358,-44.976071]]}},{"type":"Feature","properties":{"building_id":5372388,"kind":"valley"},"geometry":{"type":"LineString","coordinates":[[168.754578,-44.976079],[168.754572,-44.97615]]}},{"type":"Feature","properties":{"building_id":5372388,"kind":"valley"},"geometry":{"type":"LineString","coordinates":[[168.754643,-44.976107],[168.754635,-44.976136]]}},{"type":"Feature","properties":{"building_id":5372388,"kind":"valley"},"geometry":{"type":"LineString","coordinates":[[168.754635,-44.976136],[168.754636,-44.97617]]}},{"type":"Feature","properties":{"building_id":5372388,"kind":"ridge"},"geometry":{"type":"LineString","coordinates":[[168.754635,-44.976136],[168.754686,-44.97614]]}},{"type":"Feature","properties":{"building_id":5372388,"kind":"ridge"},"geometry":{"type":"LineString","coordinates":[[168.754686,-44.97614],[168.754729,-44.976112]]}},{"type":"Feature","properties":{"building_id":5372388,"kind":"ridge"},"geometry":{"type":"LineString","coordinates":[[168.754686,-44.97614],[168.754722,-44.976174]]}},{"type":"Feature","properties":{"building_id":5372388,"kind":"ridge"},"geometry":{"type":"LineString","coordinates":[[168.754613,-44.976081],[168.754603,-44.976194]]}},{"type":"Feature","properties":{"building_id":5372388,"kind":"ridge"},"geometry":{"type":"LineString","coordinates":[[168.754371,-44.976045],[168.754556,-44.976053]]}},{"type":"Feature","properties":{"building_id":5372388,"kind":"cliff"},"geometry":{"type":"LineString","coordinates":[[168.754446,-44.976123],[168.754446,-44.976112]]}},{"type":"Feature","properties":{"building_id":5372388,"kind":"cliff"},"geometry":{"type":"LineString","coordinates":[[168.754446,-44.976112],[168.754482,-44.976114]]}},{"type":"Feature","properties":{"building_id":5372388,"kind":"cliff"},"geometry":{"type":"LineString","coordinates":[[168.754482,-44.976114],[168.754482,-44.976125]]}},{"type":"Feature","properties":{"building_id":4725794,"kind":"ridge"},"geometry":{"type":"LineString","coordinates":[[168.726612,-44.971873],[168.726687,-44.971873]]}},{"type":"Feature","properties":{"building_id":4725794,"kind":"ridge"},"geometry":{"type":"LineString","coordinates":[[168.726687,-44.971873],[168.726776,-44.971913]]}},{"type":"Feature","properties":{"building_id":4725794,"kind":"ridge"},"geometry":{"type":"LineString","coordinates":[[168.726776,-44.971913],[168.726901,-44.971913]]}},{"type":"Feature","properties":{"building_id":4725794,"kind":"ridge"},"geometry":{"type":"LineString","coordinates":[[168.726916,-44.971977],[168.727023,-44.971977]]}},{"type":"Feature","properties":{"building_id":4725794,"kind":"valley"},"geometry":{"type":"LineString","coordinates":[[168.726687,-44.971873],[168.726664,-44.971907]]}},{"type":"Feature","properties":{"building_id":4725794,"kind":"valley"},"geometry":{"type":"LineString","coordinates":[[168.726687,-44.971873],[168.726694,-44.971846]]}},{"type":"Feature","properties":{"building_id":4725794,"kind":"cliff"},"geometry":{"type":"LineString","coordinates":[[168.7269,-44.971879],[168.726901,-44.971913]]}},{"type":"Feature","properties":{"building_id":4725794,"kind":"cliff"},"geometry":{"type":"LineString","coordinates":[[168.726901,-44.971913],[168.726896,-44.971949]]}},{"type":"Feature","properties":{"building_id":4725794,"kind":"cliff"},"geometry":{"type":"LineString","coordinates":[[168.726912,-44.97195],[168.726916,-44.971977]]}},{"type":"Feature","properties":{"building_id":4725794,"kind":"cliff"},"geometry":{"type":"LineString","coordinates":[[168.726916,-44.971977],[168.726914,-44.972002]]}},{"type":"Feature","properties":{"building_id":4725794,"kind":"valley"},"geometry":{"type":"LineString","coordinates":[[168.726912,-44.97195],[168.726947,-44.971951]]}},{"type":"Feature","properties":{"building_id":4725794,"kind":"valley"},"geometry":{"type":"LineString","coordinates":[[168.726776,-44.971913],[168.726789,-44.971864]]}},{"type":"Feature","properties":{"building_id":4725794,"kind":"ridge"},"geometry":{"type":"LineString","coordinates":[[168.726776,-44.971913],[168.726756,-44.971945]]}},{"type":"Feature","properties":{"building_id":4727955,"kind":"ridge"},"geometry":{"type":"LineString","coordinates":[[168.792245,-44.990458],[168.792424,-44.990428]]}},{"type":"Feature","properties":{"building_id":4727955,"kind":"cliff"},"geometry":{"type":"LineString","coordinates":[[168.792254,-44.990487],[168.792433,-44.990458]]}},{"type":"Feature","properties":{"building_id":4727955,"kind":"cliff"},"geometry":{"type":"LineString","coordinates":[[168.792304,-44.990497],[168.792538,-44.990456]]}},{"type":"Feature","properties":{"building_id":4727955,"kind":"valley"},"geometry":{"type":"LineString","coordinates":[[168.79235,-44.990412],[168.792416,-44.990401]]}},{"type":"Feature","properties":{"building_id":4728128,"kind":"ridge"},"geometry":{"type":"LineString","coordinates":[[168.796606,-44.996959],[168.796698,-44.997133]]}},{"type":"Feature","properties":{"building_id":4728128,"kind":"ridge"},"geometry":{"type":"LineString","coordinates":[[168.796699,-44.997063],[168.796783,-44.99704]]}},{"type":"Feature","properties":{"building_id":4728128,"kind":"ridge"},"geometry":{"type":"LineString","coordinates":[[168.79684,-44.997071],[168.79678,-44.996949]]}},{"type":"Feature","properties":{"building_id":4728128,"kind":"ridge"},"geometry":{"type":"LineString","coordinates":[[168.796857,-44.99712],[168.796835,-44.997078]]}},{"type":"Feature","properties":{"building_id":4728128,"kind":"ridge"},"geometry":{"type":"LineString","coordinates":[[168.796776,-44.997173],[168.796913,-44.997135]]}},{"type":"Feature","properties":{"building_id":4728128,"kind":"valley"},"geometry":{"type":"LineString","coordinates":[[168.796857,-44.99712],[168.796885,-44.997111]]}},{"type":"Feature","properties":{"building_id":4728128,"kind":"valley"},"geometry":{"type":"LineString","coordinates":[[168.796857,-44.99712],[168.796816,-44.997107]]}},{"type":"Feature","properties":{"building_id":4728128,"kind":"valley"},"geometry":{"type":"LineString","coordinates":[[168.796762,-44.997144],[168.796857,-44.99712]]}},{"type":"Feature","properties":{"building_id":4728128,"kind":"valley"},"geometry":{"type":"LineString","coordinates":[[168.796783,-44.99704],[168.796771,-44.997017]]}},{"type":"Feature","properties":{"building_id":4728128,"kind":"valley"},"geometry":{"type":"LineString","coordinates":[[168.796783,-44.99704],[168.796801,-44.997075]]}},{"type":"Feature","properties":{"building_id":4728128,"kind":"valley"},"geometry":{"type":"LineString","coordinates":[[168.796699,-44.997063],[168.79672,-44.997095]]}},{"type":"Feature","properties":{"building_id":4728128,"kind":"valley"},"geometry":{"type":"LineString","coordinates":[[168.796699,-44.997063],[168.796688,-44.997037]]}},{"type":"Feature","properties":{"building_id":4728128,"kind":"valley"},"geometry":{"type":"LineString","coordinates":[[168.796588,-44.997002],[168.796602,-44.997028]]}},{"type":"Feature","properties":{"building_id":4728128,"kind":"cliff"},"geometry":{"type":"LineString","coordinates":[[168.796804,-44.997083],[168.79684,-44.997071]]}},{"type":"Feature","properties":{"building_id":4728128,"kind":"cliff"},"geometry":{"type":"LineString","coordinates":[[168.79684,-44.997071],[168.796877,-44.997065]]}},{"type":"Feature","properties":{"building_id":4728128,"kind":"cliff"},"geometry":{"type":"LineString","coordinates":[[168.796864,-44.997067],[168.796885,-44.997111]]}},{"type":"Feature","properties":{"building_id":4728128,"kind":"cliff"},"geometry":{"type":"LineString","coordinates":[[168.796885,-44.997111],[168.796897,-44.997108]]}},{"type":"Feature","properties":{"building_id":4729620,"kind":"ridge"},"geometry":{"type":"LineString","coordinates":[[168.819473,-44.980751],[168.819438,-44.980824]]}},{"type":"Feature","properties":{"building_id":4729620,"kind":"ridge"},"geometry":{"type":"LineString","coordinates":[[168.819441,-44.980632],[168.819636,-44.980706]]}},{"type":"Feature","properties":{"building_id":4729620,"kind":"ridge"},"geometry":{"type":"LineString","coordinates":[[168.819644,-44.980532],[168.819592,-44.980604]]}},{"type":"Feature","properties":{"building_id":4729620,"kind":"cliff"},"geometry":{"type":"LineString","coordinates":[[168.819612,-44.980651],[168.819646,-44.980664]]}},{"type":"Feature","properties":{"building_id":4729620,"kind":"cliff"},"geometry":{"type":"LineString","coordinates":[[168.81956,-44.980712],[168.819602,-44.980728]]}},{"type":"Feature","properties":{"building_id":4729620,"kind":"cliff"},"geometry":{"type":"LineString","coordinates":[[168.819482,-44.980816],[168.819502,-44.98077]]}},{"type":"Feature","properties":{"building_id":4729620,"kind":"cliff"},"geometry":{"type":"LineString","coordinates":[[168.819539,-44.980834],[168.819571,-44.980778]]}},{"type":"Feature","properties":{"building_id":4729620,"kind":"cliff"},"geometry":{"type":"LineString","coordinates":[[168.819646,-44.980664],[168.819688,-44.98062]]}},{"type":"Feature","properties":{"building_id":4729620,"kind":"cliff"},"geometry":{"type":"LineString","coordinates":[[168.819688,-44.98062],[168.819775,-44.980536]]}},{"type":"Feature","properties":{"building_id":4729620,"kind":"cliff"},"geometry":{"type":"LineString","coordinates":[[168.819644,-44.980532],[168.819674,-44.980539]]}},{"type":"Feature","properties":{"building_id":4729620,"kind":"cliff"},"geometry":{"type":"LineString","coordinates":[[168.819674,-44.980539],[168.819638,-44.98059]]}},{"type":"Feature","properties":{"building_id":4729620,"kind":"cliff"},"geometry":{"type":"LineString","coordinates":[[168.819644,-44.980532],[168.819611,-44.980512]]}},{"type":"Feature","properties":{"building_id":4729620,"kind":"cliff"},"geometry":{"type":"LineString","coordinates":[[168.819646,-44.980664],[168.819636,-44.980706]]}},{"type":"Feature","properties":{"building_id":4729620,"kind":"cliff"},"geometry":{"type":"LineString","coordinates":[[168.819636,-44.980706],[168.819602,-44.980728]]}},{"type":"Feature","properties":{"building_id":4729620,"kind":"cliff"},"geometry":{"type":"LineString","coordinates":[[168.819552,-44.980589],[168.819592,-44.980604]]}},{"type":"Feature","properties":{"building_id":4729620,"kind":"cliff"},"geometry":{"type":"LineString","coordinates":[[168.819592,-44.980604],[168.819622,-44.980614]]}},{"type":"Feature","properties":{"building_id":4729620,"kind":"cliff"},"geometry":{"type":"LineString","coordinates":[[168.819622,-44.980614],[168.819638,-44.98059]]}},{"type":"Feature","properties":{"building_id":4729620,"kind":"cliff"},"geometry":{"type":"LineString","coordinates":[[168.81956,-44.980712],[168.819421,-44.980659]]}},{"type":"Feature","properties":{"building_id":4742246,"kind":"cliff"},"geometry":{"type":"LineString","coordinates":[[168.746272,-45.080069],[168.746291,-45.080088]]}},{"type":"Feature","properties":{"building_id":4742246,"kind":"cliff"},"geometry":{"type":"LineString","coordinates":[[168.746318,-45.080102],[168.746291,-45.080088]]}},{"type":"Feature","properties":{"building_id":4742246,"kind":"cliff"},"geometry":{"type":"LineString","coordinates":[[168.746364,-45.080081],[168.746334,-45.08006]]}},{"type":"Feature","properties":{"building_id":4742246,"kind":"cliff"},"geometry":{"type":"LineString","coordinates":[[168.746334,-45.08006],[168.746291,-45.080088]]}},{"type":"Feature","properties":{"building_id":4742246,"kind":"cliff"},"geometry":{"type":"LineString","coordinates":[[168.74618,-45.080078],[168.746217,-45.080105]]}},{"type":"Feature","properties":{"building_id":4742246,"kind":"cliff"},"geometry":{"type":"LineString","coordinates":[[168.746217,-45.080105],[168.746229,-45.080098]]}},{"type":"Feature","properties":{"building_id":4742246,"kind":"cliff"},"geometry":{"type":"LineString","coordinates":[[168.74618,-45.080078],[168.746191,-45.08007]]}},{"type":"Feature","properties":{"building_id":4742246,"kind":"cliff"},"geometry":{"type":"LineString","coordinates":[[168.746183,-45.080064],[168.746162,-45.08005]]}},{"type":"Feature","properties":{"building_id":4742246,"kind":"cliff"},"geometry":{"type":"LineString","coordinates":[[168.746162,-45.08005],[168.746148,-45.080036]]}},{"type":"Feature","properties":{"building_id":4742246,"kind":"ridge"},"geometry":{"type":"LineString","coordinates":[[168.746162,-45.08005],[168.746095,-45.0801]]}},{"type":"Feature","properties":{"building_id":4742246,"kind":"ridge"},"geometry":{"type":"LineString","coordinates":[[168.746172,-45.08017],[168.746291,-45.080088]]}},{"type":"Feature","properties":{"building_id":4742246,"kind":"valley"},"geometry":{"type":"LineString","coordinates":[[168.746311,-45.080042],[168.746334,-45.08006]]}},{"type":"Feature","properties":{"building_id":4742246,"kind":"valley"},"geometry":{"type":"LineString","coordinates":[[168.74613,-45.080108],[168.746173,-45.080075]]}},{"type":"Feature","properties":{"building_id":4742246,"kind":"valley"},"geometry":{"type":"LineString","coordinates":[[168.746171,-45.080138],[168.746217,-45.080105]]}},{"type":"Feature","properties":{"building_id":4742423,"kind":"ridge"},"geometry":{"type":"LineString","coordinates":[[168.794885,-45.001299],[168.794903,-45.001269]]}},{"type":"Feature","properties":{"building_id":4742423,"kind":"ridge"},"geometry":{"type":"LineString","coordinates":[[168.794885,-45.001299],[168.794839,-45.001286]]}},{"type":"Feature","properties":{"building_id":4742423,"kind":"ridge"},"geometry":{"type":"LineString","coordinates":[[168.794884,-45.001307],[168.794874,-45.001325]]}},{"type":"Feature","properties":{"building_id":4742423,"kind":"ridge"},"geometry":{"type":"LineString","coordinates":[[168.794874,-45.001325],[168.794794,-45.001298]]}},{"type":"Feature","properties":{"building_id":4742423,"kind":"ridge"},"geometry":{"type":"LineString","coordinates":[[168.794874,-45.001325],[168.794838,-45.001381]]}},{"type":"Feature","properties":{"building_id":4742423,"kind":"ridge"},"geometry":{"type":"LineString","coordinates":[[168.794874,-45.001325],[168.794882,-45.001328]]}},{"type":"Feature","properties":{"building_id":4742423,"kind":"ridge"},"geometry":{"type":"LineString","coordinates":[[168.794882,-45.001328],[168.7949,-45.001364]]}},{"type":"Feature","properties":{"building_id":4742423,"kind":"ridge"},"geometry":{"type":"LineString","coordinates":[[168.7949,-45.001364],[168.794912,-45.00137]]}},{"type":"Feature","properties":{"building_id":4742423,"kind":"ridge"},"geometry":{"type":"LineString","coordinates":[[168.794912,-45.00137],[168.794943,-45.001324]]}},{"type":"Feature","properties":{"building_id":4742423,"kind":"ridge"},"geometry":{"type":"LineString","coordinates":[[168.794912,-45.00137],[168.794925,-45.001397]]}},{"type":"Feature","properties":{"building_id":4742423,"kind":"ridge"},"geometry":{"type":"LineString","coordinates":[[168.794925,-45.001397],[168.794996,-45.001423]]}},{"type":"Feature","properties":{"building_id":4742423,"kind":"ridge"},"geometry":{"type":"LineString","coordinates":[[168.794925,-45.001397],[168.794891,-45.001451]]}},{"type":"Feature","properties":{"building_id":4742423,"kind":"ridge"},"geometry":{"type":"LineString","coordinates":[[168.794933,-45.001411],[168.794958,-45.001456]]}},{"type":"Feature","properties":{"building_id":4742423,"kind":"ridge"},"geometry":{"type":"LineString","coordinates":[[168.794958,-45.001456],[168.794927,-45.001505]]}},{"type":"Feature","properties":{"building_id":4742423,"kind":"ridge"},"geometry":{"type":"LineString","coordinates":[[168.794958,-45.001456],[168.79501,-45.001474]]}},{"type":"Feature","properties":{"building_id":4742423,"kind":"ridge"},"geometry":{"type":"LineString","coordinates":[[168.794842,-45.001479],[168.794869,-45.001438]]}},{"type":"Feature","properties":{"building_id":4742423,"kind":"ridge"},"geometry":{"type":"LineString","coordinates":[[168.794842,-45.001479],[168.794863,-45.001488]]}},{"type":"Feature","properties":{"building_id":4742423,"kind":"ridge"},"geometry":{"type":"LineString","coordinates":[[168.794863,-45.001488],[168.794878,-45.001485]]}},{"type":"Feature","properties":{"building_id":4742423,"kind":"ridge"},"geometry":{"type":"LineString","coordinates":[[168.794878,-45.001485],[168.794891,-45.001465]]}},{"type":"Feature","properties":{"building_id":4742423,"kind":"ridge"},"geometry":{"type":"LineString","coordinates":[[168.794878,-45.001485],[168.794914,-45.001498]]}},{"type":"Feature","properties":{"building_id":4742423,"kind":"ridge"},"geometry":{"type":"LineString","coordinates":[[168.794842,-45.001479],[168.794811,-45.001526]]}},{"type":"Feature","properties":{"building_id":4742423,"kind":"ridge"},"geometry":{"type":"LineString","coordinates":[[168.794842,-45.001479],[168.794785,-45.001461]]}},{"type":"Feature","properties":{"building_id":4742423,"kind":"valley"},"geometry":{"type":"LineString","coordinates":[[168.794863,-45.001488],[168.79488,-45.001467]]}},{"type":"Feature","properties":{"building_id":4742423,"kind":"valley"},"geometry":{"type":"LineString","coordinates":[[168.79488,-45.001467],[168.794891,-45.001465]]}},{"type":"Feature","properties":{"building_id":4742423,"kind":"valley"},"geometry":{"type":"LineString","coordinates":[[168.79488,-45.001467],[168.794869,-45.001438]]}},{"type":"Feature","properties":{"building_id":4742423,"kind":"valley"},"geometry":{"type":"LineString","coordinates":[[168.794891,-45.001451],[168.794908,-45.001447]]}},{"type":"Feature","properties":{"building_id":4742423,"kind":"valley"},"geometry":{"type":"LineString","coordinates":[[168.794908,-45.001447],[168.794916,-45.001465]]}},{"type":"Feature","properties":{"building_id":4742423,"kind":"valley"},"geometry":{"type":"LineString","coordinates":[[168.794916,-45.001465],[168.794908,-45.001469]]}},{"type":"Feature","properties":{"building_id":4742423,"kind":"valley"},"geometry":{"type":"LineString","coordinates":[[168.794908,-45.001447],[168.794933,-45.001411]]}},{"type":"Feature","properties":{"building_id":4742423,"kind":"valley"},"geometry":{"type":"LineString","coordinates":[[168.794933,-45.001411],[168.794985,-45.001426]]}},{"type":"Feature","properties":{"building_id":4742423,"kind":"valley"},"geometry":{"type":"LineString","coordinates":[[168.794891,-45.001451],[168.79488,-45.001444]]}},{"type":"Feature","properties":{"building_id":4742423,"kind":"valley"},"geometry":{"type":"LineString","coordinates":[[168.7949,-45.001364],[168.794931,-45.001321]]}},{"type":"Feature","properties":{"building_id":4742423,"kind":"valley"},"geometry":{"type":"LineString","coordinates":[[168.794882,-45.001328],[168.794848,-45.001383]]}},{"type":"Feature","properties":{"building_id":4742423,"kind":"valley"},"geometry":{"type":"LineString","coordinates":[[168.794884,-45.001307],[168.794837,-45.001291]]}},{"type":"Feature","properties":{"building_id":4742423,"kind":"ridge"},"geometry":{"type":"LineString","coordinates":[[168.794885,-45.001299],[168.794884,-45.001307]]}},{"type":"Feature","properties":{"building_id":4746110,"kind":"ridge"},"geometry":{"type":"LineString","coordinates":[[168.843985,-44.949686],[168.844063,-44.949671]]}},{"type":"Feature","properties":{"building_id":4746110,"kind":"ridge"},"geometry":{"type":"LineString","coordinates":[[168.844068,-44.949635],[168.844145,-44.949622]]}},{"type":"Feature","properties":{"building_id":4746110,"kind":"ridge"},"geometry":{"type":"LineString","coordinates":[[168.844278,-44.949596],[168.844153,-44.949619]]}},{"type":"Feature","properties":{"building_id":4746110,"kind":"cliff"},"geometry":{"type":"LineString","coordinates":[[168.844134,-44.949578],[168.844145,-44.949622]]}},{"type":"Feature","properties":{"building_id":4746110,"kind":"cliff"},"geometry":{"type":"LineString","coordinates":[[168.844145,-44.949622],[168.844163,-44.949662]]}},{"type":"Feature","properties":{"building_id":4746110,"kind":"cliff"},"geometry":{"type":"LineString","coordinates":[[168.844068,-44.949635],[168.844085,-44.949678]]}},{"type":"Feature","properties":{"building_id":4746110,"kind":"cliff"},"geometry":{"type":"LineString","coordinates":[[168.844057,-44.949643],[168.844063,-44.949671]]}},{"type":"Feature","properties":{"building_id":4746110,"kind":"cliff"},"geometry":{"type":"LineString","coordinates":[[168.844063,-44.949671],[168.844073,-44.949698]]}},{"type":"Feature","properties":{"building_id":4746110,"kind":"cliff"},"geometry":{"type":"LineString","coordinates":[[168.844159,-44.949653],[168.844216,-44.949643]]}},{"type":"Feature","properties":{"building_id":4746110,"kind":"cliff"},"geometry":{"type":"LineString","coordinates":[[168.844216,-44.949643],[168.844218,-44.949654]]}},{"type":"Feature","properties":{"building_id":4746110,"kind":"cliff"},"geometry":{"type":"LineString","coordinates":[[168.843977,-44.949658],[168.844057,-44.949643]]}},{"type":"Feature","properties":{"building_id":4746110,"kind":"cliff"},"geometry":{"type":"LineString","coordinates":[[168.844136,-44.949586],[168.844268,-44.949562]]}},{"type":"Feature","properties":{"building_id":4746196,"kind":"ridge"},"geometry":{"type":"LineString","coordinates":[[168.841801,-44.949638],[168.841978,-44.949574]]}},{"type":"Feature","properties":{"building_id":4746196,"kind":"ridge"},"geometry":{"type":"LineString","coordinates":[[168.841787,-44.949615],[168.84175,-44.949608]]}},{"type":"Feature","properties":{"building_id":4746196,"kind":"valley"},"geometry":{"type":"LineString","coordinates":[[168.841787,-44.949615],[168.841962,-44.949552]]}},{"type":"Feature","properties":{"building_id":4746196,"kind":"valley"},"geometry":{"type":"LineString","coordinates":[[168.841816,-44.949659],[168.842,-44.949592]]}},{"type":"Feature","properties":{"building_id":4746196,"kind":"cliff"},"geometry":{"type":"LineString","coordinates":[[168.841787,-44.949615],[168.841801,-44.949638]]}},{"type":"Feature","properties":{"building_id":5371581,"kind":"ridge"},"geometry":{"type":"LineString","coordinates":[[168.74769,-45.072164],[168.747852,-45.072162]]}},{"type":"Feature","properties":{"building_id":5371581,"kind":"ridge"},"geometry":{"type":"LineString","coordinates":[[168.747706,-45.072106],[168.747839,-45.072106]]}},{"type":"Feature","properties":{"building_id":5371581,"kind":"cliff"},"geometry":{"type":"LineString","coordinates":[[168.74784,-45.072091],[168.747839,-45.072106]]}},{"type":"Feature","properties":{"building_id":5371581,"kind":"cliff"},"geometry":{"type":"LineString","coordinates":[[168.747839,-45.072106],[168.747843,-45.072128]]}},{"type":"Feature","properties":{"building_id":5371581,"kind":"cliff"},"geometry":{"type":"LineString","coordinates":[[168.747843,-45.072128],[168.747836,-45.072131]]}},{"type":"Feature","properties":{"building_id":5371581,"kind":"cliff"},"geometry":{"type":"LineString","coordinates":[[168.747836,-45.072131],[168.747834,-45.072142]]}},{"type":"Feature","properties":{"building_id":5371581,"kind":"cliff"},"geometry":{"type":"LineString","coordinates":[[168.747834,-45.072142],[168.747852,-45.072142]]}},{"type":"Feature","properties":{"building_id":5371581,"kind":"cliff"},"geometry":{"type":"LineString","coordinates":[[168.747852,-45.072142],[168.747852,-45.072162]]}},{"type":"Feature","properties":{"building_id":5371581,"kind":"cliff"},"geometry":{"type":"LineString","coordinates":[[168.747852,-45.072162],[168.747858,-45.072187]]}},{"type":"Feature","properties":{"building_id":5371581,"kind":"valley"},"geometry":{"type":"LineString","coordinates":[[168.747711,-45.072128],[168.747843,-45.072128]]}},{"type":"Feature","properties":{"building_id":5371581,"kind":"valley"},"geometry":{"type":"LineString","coordinates":[[168.747719,-45.072143],[168.747834,-45.072142]]}},{"type":"Feature","properties":{"building_id":5372064,"kind":"ridge"},"geometry":{"type":"LineString","coordinates":[[168.755901,-45.074241],[168.755906,-45.07421]]}},{"type":"Feature","properties":{"building_id":5372064,"kind":"ridge"},"geometry":{"type":"LineString","coordinates":[[168.755832,-45.074172],[168.755977,-45.074184]]}},{"type":"Feature","properties":{"building_id":5372064,"kind":"ridge"},"geometry":{"type":"LineString","coordinates":[[168.755948,-45.074128],[168.75596,-45.074065]]}},{"type":"Feature","properties":{"building_id":5372064,"kind":"ridge"},"geometry":{"type":"LineString","coordinates":[[168.75579,-45.074246],[168.75596,-45.074262]]}},{"type":"Feature","properties":{"building_id":5372064,"kind":"valley"},"geometry":{"type":"LineString","coordinates":[[168.755843,-45.074232],[168.755901,-45.074241]]}},{"type":"Feature","properties":{"building_id":5372064,"kind":"valley"},"geometry":{"type":"LineString","coordinates":[[168.755901,-45.074241],[168.755964,-45.074242]]}},{"type":"Feature","properties":{"building_id":5372064,"kind":"valley"},"geometry":{"type":"LineString","coordinates":[[168.755895,-45.074149],[168.75593,-45.07416]]}},{"type":"Feature","properties":{"building_id":5372064,"kind":"valley"},"geometry":{"type":"LineString","coordinates":[[168.75593,-45.07416],[168.755965,-45.074159]]}},{"type":"Feature","properties":{"building_id":5372064,"kind":"cliff"},"geometry":{"type":"LineString","coordinates":[[168.7559,-45.074122],[168.755948,-45.074128]]}},{"type":"Feature","properties":{"building_id":5372064,"kind":"cliff"},"geometry":{"type":"LineString","coordinates":[[168.755948,-45.074128],[168.755988,-45.07413]]}},{"type":"Feature","properties":{"building_id":5372064,"kind":"cliff"},"geometry":{"type":"LineString","coordinates":[[168.755846,-45.074198],[168.755971,-45.07421]]}},{"type":"Feature","properties":{"building_id":4726047,"kind":"cliff"},"geometry":{"type":"LineString","coordinates":[[168.663634,-45.032814],[168.663657,-45.032986]]}},{"type":"Feature","properties":{"building_id":4728319,"kind":"ridge"},"geometry":{"type":"LineString","coordinates":[[168.753966,-45.098099],[168.753933,-45.098013]]}},{"type":"Feature","properties":{"building_id":4728319,"kind":"ridge"},"geometry":{"type":"LineString","coordinates":[[168.753916,-45.097961],[168.753933,-45.098013]]}},{"type":"Feature","properties":{"building_id":4728319,"kind":"cliff"},"geometry":{"type":"LineString","coordinates":[[168.753874,-45.097839],[168.753916,-45.097961]]}},{"type":"Feature","properties":{"building_id":4728319,"kind":"cliff"},"geometry":{"type":"LineString","coordinates":[[168.753916,-45.097961],[168.753835,-45.097972]]}},{"type":"Feature","properties":{"building_id":4728319,"kind":"ridge"},"geometry":{"type":"LineString","coordinates":[[168.753933,-45.098013],[168.75384,-45.098031]]}},{"type":"Feature","properties":{"building_id":4728319,"kind":"ridge"},"geometry":{"type":"LineString","coordinates":[[168.753933,-45.098013],[168.754005,-45.098001]]}},{"type":"Feature","properties":{"building_id":4728319,"kind":"ridge"},"geometry":{"type":"LineString","coordinates":[[168.753784,-45.097831],[168.753808,-45.097849]]}},{"type":"Feature","properties":{"building_id":4728319,"kind":"cliff"},"geometry":{"type":"LineString","coordinates":[[168.753874,-45.097839],[168.753793,-45.097853]]}},{"type":"Feature","properties":{"building_id":4728319,"kind":"cliff"},"geometry":{"type":"LineString","coordinates":[[168.753793,-45.097853],[168.753835,-45.097972]]}},{"type":"Feature","properties":{"building_id":4728319,"kind":"cliff"},"geometry":{"type":"LineString","coordinates":[[168.753835,-45.097972],[168.753792,-45.097982]]}},{"type":"Feature","properties":{"building_id":4728319,"kind":"cliff"},"geometry":{"type":"LineString","coordinates":[[168.753792,-45.097982],[168.753813,-45.098036]]}},{"type":"Feature","properties":{"building_id":4735316,"kind":"cliff"},"geometry":{"type":"LineString","coordinates":[[168.658714,-45.031235],[168.658892,-45.031156]]}},{"type":"Feature","properties":{"building_id":4735316,"kind":"cliff"},"geometry":{"type":"LineString","coordinates":[[168.658892,-45.031156],[168.658853,-45.031105]]}},{"type":"Feature","properties":{"building_id":4735316,"kind":"cliff"},"geometry":{"type":"LineString","coordinates":[[168.658853,-45.031105],[168.65901,-45.031021]]}},{"type":"Feature","properties":{"building_id":4735316,"kind":"cliff"},"geometry":{"type":"LineString","coordinates":[[168.65901,-45.031021],[168.65916,-45.030944]]}},{"type":"Feature","properties":{"building_id":4735316,"kind":"cliff"},"geometry":{"type":"LineString","coordinates":[[168.65916,-45.030944],[168.659192,-45.030902]]}},{"type":"Feature","properties":{"building_id":4735316,"kind":"cliff"},"geometry":{"type":"LineString","coordinates":[[168.658714,-45.031235],[168.658705,-45.031239]]}},{"type":"Feature","properties":{"building_id":5372588,"kind":"cliff"},"geometry":{"type":"LineString","coordinates":[[168.65974,-45.031555],[168.659848,-45.031635]]}},{"type":"Feature","properties":{"building_id":5372588,"kind":"cliff"},"geometry":{"type":"LineString","coordinates":[[168.659848,-45.031635],[168.659954,-45.031557]]}},{"type":"Feature","properties":{"building_id":5372588,"kind":"cliff"},"geometry":{"type":"LineString","coordinates":[[168.659954,-45.031557],[168.659899,-45.031518]]}},{"type":"Feature","properties":{"building_id":5372588,"kind":"cliff"},"geometry":{"type":"LineString","coordinates":[[168.659899,-45.031518],[168.659886,-45.031528]]}},{"type":"Feature","properties":{"building_id":5372588,"kind":"cliff"},"geometry":{"type":"LineString","coordinates":[[168.659886,-45.031528],[168.659831,-45.03149]]}},{"type":"Feature","properties":{"building_id":5372588,"kind":"cliff"},"geometry":{"type":"LineString","coordinates":[[168.659831,-45.03149],[168.65974,-45.031555]]}},{"type":"Feature","properties":{"building_id":4719462,"kind":"ridge"},"geometry":{"type":"LineString","coordinates":[[168.757486,-45.067199],[168.757589,-45.067184]]}},{"type":"Feature","properties":{"building_id":4719462,"kind":"ridge"},"geometry":{"type":"LineString","coordinates":[[168.757482,-45.067133],[168.757423,-45.067028]]}},{"type":"Feature","properties":{"building_id":4719462,"kind":"ridge"},"geometry":{"type":"LineString","coordinates":[[168.757598,-45.06697],[168.757674,-45.067103]]}},{"type":"Feature","properties":{"building_id":4719462,"kind":"cliff"},"geometry":{"type":"LineString","coordinates":[[168.757482,-45.067133],[168.757439,-45.067147]]}},{"type":"Feature","properties":{"building_id":4719462,"kind":"cliff"},"geometry":{"type":"LineString","coordinates":[[168.757482,-45.067133],[168.757516,-45.067126]]}},{"type":"Feature","properties":{"building_id":4719462,"kind":"cliff"},"geometry":{"type":"LineString","coordinates":[[168.757635,-45.067116],[168.757674,-45.067103]]}},{"type":"Feature","properties":{"building_id":4719462,"kind":"cliff"},"geometry":{"type":"LineString","coordinates":[[168.757674,-45.067103],[168.757706,-45.067095]]}},{"type":"Feature","properties":{"building_id":4719462,"kind":"cliff"},"geometry":{"type":"LineString","coordinates":[[168.757575,-45.067154],[168.757589,-45.067184]]}},{"type":"Feature","properties":{"building_id":4719462,"kind":"cliff"},"geometry":{"type":"LineString","coordinates":[[168.757589,-45.067184],[168.757594,-45.06722]]}},{"type":"Feature","properties":{"building_id":4719462,"kind":"cliff"},"geometry":{"type":"LineString","coordinates":[[168.757471,-45.067169],[168.757486,-45.067199]]}},{"type":"Feature","properties":{"building_id":4719462,"kind":"cliff"},"geometry":{"type":"LineString","coordinates":[[168.757486,-45.067199],[168.75749,-45.067236]]}},{"type":"Feature","properties":{"building_id":4719462,"kind":"valley"},"geometry":{"type":"LineString","coordinates":[[168.757471,-45.067169],[168.757575,-45.067154]]}},{"type":"Feature","properties":{"building_id":4725584,"kind":"ridge"},"geometry":{"type":"LineString","coordinates":[[168.667022,-45.033161],[168.667059,-45.033137]]}},{"type":"Feature","properties":{"building_id":4725584,"kind":"ridge"},"geometry":{"type":"LineString","coordinates":[[168.667056,-45.033185],[168.667093,-45.033161]]}},{"type":"Feature","properties":{"building_id":4725584,"kind":"ridge"},"geometry":{"type":"LineString","coordinates":[[168.66709,-45.03321],[168.667127,-45.033185]]}},{"type":"Feature","properties":{"building_id":4725584,"kind":"ridge"},"geometry":{"type":"LineString","coordinates":[[168.667153,-45.033262],[168.667194,-45.033233]]}},{"type":"Feature","properties":{"building_id":4725584,"kind":"ridge"},"geometry":{"type":"LineString","coordinates":[[168.667185,-45.033287],[168.667228,-45.033257]]}},{"type":"Feature","properties":{"building_id":4725584,"kind":"ridge"},"geometry":{"type":"LineString","coordinates":[[168.666997,-45.033269],[168.666956,-45.033296]]}},{"type":"Feature","properties":{"building_id":4725584,"kind":"ridge"},"geometry":{"type":"LineString","coordinates":[[168.666962,-45.033245],[168.666921,-45.033271]]}},{"type":"Feature","properties":{"building_id":4725584,"kind":"ridge"},"geometry":{"type":"LineString","coordinates":[[168.666927,-45.033221],[168.666887,-45.033247]]}},{"type":"Feature","properties":{"building_id":4725584,"kind":"ridge"},"geometry":{"type":"LineString","coordinates":[[168.667069,-45.033316],[168.667019,-45.033346]]}},{"type":"Feature","properties":{"building_id":4725584,"kind":"ridge"},"geometry":{"type":"LineString","coordinates":[[168.667103,-45.033341],[168.66706,-45.033368]]}},{"type":"Feature","properties":{"building_id":4725584,"kind":"ridge"},"geometry":{"type":"LineString","coordinates":[[168.667267,-45.03335],[168.667394,-45.033438]]}},{"type":"Feature","properties":{"building_id":4725584,"kind":"ridge"},"geometry":{"type":"LineString","coordinates":[[168.667513,-45.033524],[168.667514,-45.033374]]}},{"type":"Feature","properties":{"building_id":4725584,"kind":"ridge"},"geometry":{"type":"LineString","coordinates":[[168.667513,-45.033524],[168.667301,-45.033521]]}},{"type":"Feature","properties":{"building_id":4725584,"kind":"ridge"},"geometry":{"type":"LineString","coordinates":[[168.667513,-45.033524],[168.667587,-45.033575]]}},{"type":"Feature","properties":{"building_id":4725584,"kind":"ridge"},"geometry":{"type":"LineString","coordinates":[[168.667587,-45.033575],[168.667585,-45.033721]]}},{"type":"Feature","properties":{"building_id":4725584,"kind":"ridge"},"geometry":{"type":"LineString","coordinates":[[168.667587,-45.033575],[168.667792,-45.033576]]}},{"type":"Feature","properties":{"building_id":4725584,"kind":"ridge"},"geometry":{"type":"LineString","coordinates":[[168.667237,-45.033613],[168.667352,-45.033618]]}},{"type":"Feature","properties":{"building_id":4725584,"kind":"ridge"},"geometry":{"type":"LineString","coordinates":[[168.667237,-45.033613],[168.667242,-45.033542]]}},{"type":"Feature","properties":{"building_id":4725584,"kind":"ridge"},"geometry":{"type":"LineString","coordinates":[[168.667237,-45.033613],[168.667157,-45.033673]]}},{"type":"Feature","properties":{"building_id":4725584,"kind":"ridge"},"geometry":{"type":"LineString","coordinates":[[168.667157,-45.033673],[168.667052,-45.033672]]}},{"type":"Feature","properties":{"building_id":4725584,"kind":"ridge"},"geometry":{"type":"LineString","coordinates":[[168.667157,-45.033673],[168.667159,-45.033754]]}},{"type":"Feature","properties":{"building_id":4725584,"kind":"ridge"},"geometry":{"type":"LineString","coordinates":[[168.666921,-45.033737],[168.666751,-45.033616]]}},{"type":"Feature","properties":{"building_id":4725584,"kind":"ridge"},"geometry":{"type":"LineString","coordinates":[[168.666756,-45.033607],[168.666693,-45.033561]]}},{"type":"Feature","properties":{"building_id":4725584,"kind":"ridge"},"geometry":{"type":"LineString","coordinates":[[168.666682,-45.033567],[168.66644,-45.033395]]}},{"type":"Feature","properties":{"building_id":4725584,"kind":"ridge"},"geometry":{"type":"LineString","coordinates":[[168.666585,-45.033417],[168.666854,-45.033226]]}},{"type":"Feature","properties":{"building_id":4725584,"kind":"ridge"},"geometry":{"type":"LineString","coordinates":[[168.666857,-45.033105],[168.66723,-45.03337]]}},{"type":"Feature","properties":{"building_id":4725584,"kind":"ridge"},"geometry":{"type":"LineString","coordinates":[[168.666915,-45.033669],[168.66695,-45.033643]]}},{"type":"Feature","properties":{"building_id":4725584,"kind":"ridge"},"geometry":{"type":"LineString","coordinates":[[168.66688,-45.033644],[168.666919,-45.033617]]}},{"type":"Feature","properties":{"building_id":4725584,"kind":"ridge"},"geometry":{"type":"LineString","coordinates":[[168.666846,-45.03362],[168.666884,-45.033592]]}},{"type":"Feature","properties":{"building_id":4725584,"kind":"ridge"},"geometry":{"type":"LineString","coordinates":[[168.666774,-45.033573],[168.666811,-45.033546]]}},{"type":"Feature","properties":{"building_id":4725584,"kind":"ridge"},"geometry":{"type":"LineString","coordinates":[[168.66674,-45.03355],[168.666774,-45.033524]]}},{"type":"Feature","properties":{"building_id":4725584,"kind":"ridge"},"geometry":{"type":"LineString","coordinates":[[168.666676,-45.033497],[168.666712,-45.033471]]}},{"type":"Feature","properties":{"building_id":4725584,"kind":"ridge"},"geometry":{"type":"LineString","coordinates":[[168.666641,-45.033473],[168.666677,-45.033447]]}},{"type":"Feature","properties":{"building_id":4725584,"kind":"ridge"},"geometry":{"type":"LineString","coordinates":[[168.666608,-45.033448],[168.666643,-45.033423]]}},{"type":"Feature","properties":{"building_id":4725584,"kind":"ridge"},"geometry":{"type":"LineString","coordinates":[[168.666678,-45.033595],[168.66664,-45.033623]]}},{"type":"Feature","properties":{"building_id":4725584,"kind":"ridge"},"geometry":{"type":"LineString","coordinates":[[168.666712,-45.033619],[168.666674,-45.033647]]}},{"type":"Feature","properties":{"building_id":4725584,"kind":"ridge"},"geometry":{"type":"LineString","coordinates":[[168.666583,-45.033565],[168.666547,-45.033591]]}},{"type":"Feature","properties":{"building_id":4725584,"kind":"ridge"},"geometry":{"type":"LineString","coordinates":[[168.666549,-45.03354],[168.666512,-45.033567]]}},{"type":"Feature","properties":{"building_id":4725584,"kind":"ridge"},"geometry":{"type":"LineString","coordinates":[[168.666515,-45.033516],[168.666477,-45.033542]]}},{"type":"Feature","properties":{"building_id":4725584,"kind":"ridge"},"geometry":{"type":"LineString","coordinates":[[168.666754,-45.033687],[168.666718,-45.033713]]}},{"type":"Feature","properties":{"building_id":4725584,"kind":"ridge"},"geometry":{"type":"LineString","coordinates":[[168.666788,-45.033711],[168.666753,-45.033737]]}},{"type":"Feature","properties":{"building_id":4725584,"kind":"ridge"},"geometry":{"type":"LineString","coordinates":[[168.666822,-45.033735],[168.666787,-45.033762]]}},{"type":"Feature","properties":{"building_id":4725584,"kind":"valley"},"geometry":{"type":"LineString","coordinates":[[168.666822,-45.033735],[168.666817,-45.033757]]}},{"type":"Feature","properties":{"building_id":4725584,"kind":"valley"},"geometry":{"type":"LineString","coordinates":[[168.666822,-45.033735],[168.666795,-45.03374]]}},{"type":"Feature","properties":{"building_id":4725584,"kind":"valley"},"geometry":{"type":"LineString","coordinates":[[168.666788,-45.033711],[168.666782,-45.033731]]}},{"type":"Feature","properties":{"building_id":4725584,"kind":"valley"},"geometry":{"type":"LineString","coordinates":[[168.666788,-45.033711],[168.66676,-45.033716]]}},{"type":"Feature","properties":{"building_id":4725584,"kind":"valley"},"geometry":{"type":"LineString","coordinates":[[168.666754,-45.033687],[168.66675,-45.033706]]}},{"type":"Feature","properties":{"building_id":4725584,"kind":"valley"},"geometry":{"type":"LineString","coordinates":[[168.666754,-45.033687],[168.666726,-45.033691]]}},{"type":"Feature","properties":{"building_id":4725584,"kind":"cliff"},"geometry":{"type":"LineString","coordinates":[[168.666817,-45.033757],[168.666799,-45.03377]]}},{"type":"Feature","properties":{"building_id":4725584,"kind":"cliff"},"geometry":{"type":"LineString","coordinates":[[168.666795,-45.03374],[168.666776,-45.033754]]}},{"type":"Feature","properties":{"building_id":4725584,"kind":"cliff"},"geometry":{"type":"LineString","coordinates":[[168.666782,-45.033731],[168.666764,-45.033745]]}},{"type":"Feature","properties":{"building_id":4725584,"kind":"cliff"},"geometry":{"type":"LineString","coordinates":[[168.66676,-45.033716],[168.666742,-45.03373]]}},{"type":"Feature","properties":{"building_id":4725584,"kind":"cliff"},"geometry":{"type":"LineString","coordinates":[[168.66675,-45.033706],[168.66673,-45.033721]]}},{"type":"Feature","properties":{"building_id":4725584,"kind":"cliff"},"geometry":{"type":"LineString","coordinates":[[168.666726,-45.033691],[168.666707,-45.033705]]}},{"type":"Feature","properties":{"building_id":4725584,"kind":"cliff"},"geometry":{"type":"LineString","coordinates":[[168.666689,-45.033659],[168.666674,-45.033647]]}},{"type":"Feature","properties":{"building_id":4725584,"kind":"cliff"},"geometry":{"type":"LineString","coordinates":[[168.666674,-45.033647],[168.666656,-45.033635]]}},{"type":"Feature","properties":{"building_id":4725584,"kind":"cliff"},"geometry":{"type":"LineString","coordinates":[[168.666656,-45.033635],[168.66664,-45.033623]]}},{"type":"Feature","properties":{"building_id":4725584,"kind":"cliff"},"geometry":{"type":"LineString","coordinates":[[168.66664,-45.033623],[168.666623,-45.033613]]}},{"type":"Feature","properties":{"building_id":4725584,"kind":"cliff"},"geometry":{"type":"LineString","coordinates":[[168.666623,-45.033613],[168.666602,-45.03363]]}},{"type":"Feature","properties":{"building_id":4725584,"kind":"cliff"},"geometry":{"type":"LineString","coordinates":[[168.666689,-45.033659],[168.666667,-45.033676]]}},{"type":"Feature","properties":{"building_id":4725584,"kind":"cliff"},"geometry":{"type":"LineString","coordinates":[[168.666854,-45.03379],[168.666921,-45.033737]]}},{"type":"Feature","properties":{"building_id":4725584,"kind":"cliff"},"geometry":{"type":"LineString","coordinates":[[168.666921,-45.033737],[168.666969,-45.033704]]}},{"type":"Feature","properties":{"building_id":4725584,"kind":"cliff"},"geometry":{"type":"LineString","coordinates":[[168.666969,-45.033704],[168.666937,-45.033681]]}},{"type":"Feature","properties":{"building_id":4725584,"kind":"cliff"},"geometry":{"type":"LineString","coordinates":[[168.666937,-45.033681],[168.666971,-45.033654]]}},{"type":"Feature","properties":{"building_id":4725584,"kind":"cliff"},"geometry":{"type":"LineString","coordinates":[[168.666623,-45.033613],[168.666693,-45.033561]]}},{"type":"Feature","properties":{"building_id":4725584,"kind":"cliff"},"geometry":{"type":"LineString","coordinates":[[168.666689,-45.033659],[168.666756,-45.033607]]}},{"type":"Feature","properties":{"building_id":4725584,"kind":"valley"},"geometry":{"type":"LineString","coordinates":[[168.666712,-45.033619],[168.666691,-45.033657]]}},{"type":"Feature","properties":{"building_id":4725584,"kind":"valley"},"geometry":{"type":"LineString","coordinates":[[168.666712,-45.033619],[168.666662,-45.033631]]}},{"type":"Feature","properties":{"building_id":4725584,"kind":"valley"},"geometry":{"type":"LineString","coordinates":[[168.666662,-45.033631],[168.666678,-45.033595]]}},{"type":"Feature","properties":{"building_id":4725584,"kind":"valley"},"geometry":{"type":"LineString","coordinates":[[168.666678,-45.033595],[168.666636,-45.033604]]}},{"type":"Feature","properties":{"building_id":4725584,"kind":"valley"},"geometry":{"type":"LineString","coordinates":[[168.666915,-45.033669],[168.66692,-45.033651]]}},{"type":"Feature","properties":{"building_id":4725584,"kind":"valley"},"geometry":{"type":"LineString","coordinates":[[168.666915,-45.033669],[168.666941,-45.033665]]}},{"type":"Feature","properties":{"building_id":4725584,"kind":"valley"},"geometry":{"type":"LineString","coordinates":[[168.66688,-45.033644],[168.666906,-45.033641]]}},{"type":"Feature","properties":{"building_id":4725584,"kind":"valley"},"geometry":{"type":"LineString","coordinates":[[168.66688,-45.033644],[168.666886,-45.033625]]}},{"type":"Feature","properties":{"building_id":4725584,"kind":"valley"},"geometry":{"type":"LineString","coordinates":[[168.666846,-45.03362],[168.666874,-45.033616]]}},{"type":"Feature","properties":{"building_id":4725584,"kind":"valley"},"geometry":{"type":"LineString","coordinates":[[168.666846,-45.03362],[168.666852,-45.033601]]}},{"type":"Feature","properties":{"building_id":4725584,"kind":"valley"},"geometry":{"type":"LineString","coordinates":[[168.666774,-45.033573],[168.666825,-45.033562]]}},{"type":"Feature","properties":{"building_id":4725584,"kind":"valley"},"geometry":{"type":"LineString","coordinates":[[168.666774,-45.033573],[168.666791,-45.033538]]}},{"type":"Feature","properties":{"building_id":4725584,"kind":"valley"},"geometry":{"type":"LineString","coordinates":[[168.66674,-45.03355],[168.666791,-45.033538]]}},{"type":"Feature","properties":{"building_id":4725584,"kind":"valley"},"geometry":{"type":"LineString","coordinates":[[168.66674,-45.03355],[168.666757,-45.033514]]}},{"type":"Feature","properties":{"building_id":4725584,"kind":"valley"},"geometry":{"type":"LineString","coordinates":[[168.666676,-45.033497],[168.666704,-45.033493]]}},{"type":"Feature","properties":{"building_id":4725584,"kind":"valley"},"geometry":{"type":"LineString","coordinates":[[168.666676,-45.033497],[168.666681,-45.033478]]}},{"type":"Feature","properties":{"building_id":4725584,"kind":"valley"},"geometry":{"type":"LineString","coordinates":[[168.666641,-45.033473],[168.666666,-45.03347]]}},{"type":"Feature","properties":{"building_id":4725584,"kind":"valley"},"geometry":{"type":"LineString","coordinates":[[168.666641,-45.033473],[168.666646,-45.033455]]}},{"type":"Feature","properties":{"building_id":4725584,"kind":"valley"},"geometry":{"type":"LineString","coordinates":[[168.666608,-45.033448],[168.666634,-45.033445]]}},{"type":"Feature","properties":{"building_id":4725584,"kind":"valley"},"geometry":{"type":"LineString","coordinates":[[168.666608,-45.033448],[168.666614,-45.03343]]}},{"type":"Feature","properties":{"building_id":4725584,"kind":"valley"},"geometry":{"type":"LineString","coordinates":[[168.666585,-45.033417],[168.666626,-45.033411]]}},{"type":"Feature","properties":{"building_id":4725584,"kind":"valley"},"geometry":{"type":"LineString","coordinates":[[168.666585,-45.033417],[168.666594,-45.033389]]}},{"type":"Feature","properties":{"building_id":4725584,"kind":"valley"},"geometry":{"type":"LineString","coordinates":[[168.666583,-45.033565],[168.666578,-45.033584]]}},{"type":"Feature","properties":{"building_id":4725584,"kind":"valley"},"geometry":{"type":"LineString","coordinates":[[168.666583,-45.033565],[168.666559,-45.033568]]}},{"type":"Feature","properties":{"building_id":4725584,"kind":"valley"},"geometry":{"type":"LineString","coordinates":[[168.666549,-45.03354],[168.666542,-45.03356]]}},{"type":"Feature","properties":{"building_id":4725584,"kind":"valley"},"geometry":{"type":"LineString","coordinates":[[168.666549,-45.03354],[168.666523,-45.033544]]}},{"type":"Feature","properties":{"building_id":4725584,"kind":"valley"},"geometry":{"type":"LineString","coordinates":[[168.666515,-45.033516],[168.66651,-45.033535]]}},{"type":"Feature","properties":{"building_id":4725584,"kind":"valley"},"geometry":{"type":"LineString","coordinates":[[168.666515,-45.033516],[168.66649,-45.03352]]}},{"type":"Feature","properties":{"building_id":4725584,"kind":"cliff"},"geometry":{"type":"LineString","coordinates":[[168.666578,-45.033584],[168.666558,-45.033599]]}},{"type":"Feature","properties":{"building_id":4725584,"kind":"cliff"},"geometry":{"type":"LineString","coordinates":[[168.666559,-45.033568],[168.666537,-45.033584]]}},{"type":"Feature","properties":{"building_id":4725584,"kind":"cliff"},"geometry":{"type":"LineString","coordinates":[[168.666542,-45.03356],[168.666524,-45.033575]]}},{"type":"Feature","properties":{"building_id":4725584,"kind":"cliff"},"geometry":{"type":"LineString","coordinates":[[168.666523,-45.033544],[168.666502,-45.03356]]}},{"type":"Feature","properties":{"building_id":4725584,"kind":"cliff"},"geometry":{"type":"LineString","coordinates":[[168.66651,-45.033535],[168.66649,-45.033551]]}},{"type":"Feature","properties":{"building_id":4725584,"kind":"cliff"},"geometry":{"type":"LineString","coordinates":[[168.66649,-45.03352],[168.666468,-45.033535]]}},{"type":"Feature","properties":{"building_id":4725584,"kind":"cliff"},"geometry":{"type":"LineString","coordinates":[[168.666704,-45.033493],[168.666723,-45.033479]]}},{"type":"Feature","properties":{"building_id":4725584,"kind":"cliff"},"geometry":{"type":"LineString","coordinates":[[168.666681,-45.033478],[168.666701,-45.033464]]}},{"type":"Feature","properties":{"building_id":4725584,"kind":"cliff"},"geometry":{"type":"LineString","coordinates":[[168.666666,-45.03347],[168.666688,-45.033455]]}},{"type":"Feature","properties":{"building_id":4725584,"kind":"cliff"},"geometry":{"type":"LineString","coordinates":[[168.666646,-45.033455],[168.666666,-45.03344]]}},{"type":"Feature","properties":{"building_id":4725584,"kind":"cliff"},"geometry":{"type":"LineString","coordinates":[[168.666634,-45.033445],[168.666654,-45.033431]]}},{"type":"Feature","properties":{"building_id":4725584,"kind":"cliff"},"geometry":{"type":"LineString","coordinates":[[168.666614,-45.03343],[168.666633,-45.033416]]}},{"type":"Feature","properties":{"building_id":4725584,"kind":"cliff"},"geometry":{"type":"LineString","coordinates":[[168.666771,-45.033166],[168.666879,-45.033241]]}},{"type":"Feature","properties":{"building_id":4725584,"kind":"cliff"},"geometry":{"type":"LineString","coordinates":[[168.667649,-45.033692],[168.667748,-45.03362]]}},{"type":"Feature","properties":{"building_id":4725584,"kind":"cliff"},"geometry":{"type":"LineString","coordinates":[[168.667754,-45.033624],[168.667748,-45.03362]]}},{"type":"Feature","properties":{"building_id":4725584,"kind":"cliff"},"geometry":{"type":"LineString","coordinates":[[168.667754,-45.033624],[168.66781,-45.033582]]}},{"type":"Feature","properties":{"building_id":4725584,"kind":"cliff"},"geometry":{"type":"LineString","coordinates":[[168.667649,-45.033692],[168.667652,-45.033696]]}},{"type":"Feature","properties":{"building_id":4725584,"kind":"cliff"},"geometry":{"type":"LineString","coordinates":[[168.667652,-45.033696],[168.667607,-45.033726]]}},{"type":"Feature","properties":{"building_id":4725584,"kind":"cliff"},"geometry":{"type":"LineString","coordinates":[[168.667542,-45.033703],[168.667499,-45.033673]]}},{"type":"Feature","properties":{"building_id":4725584,"kind":"cliff"},"geometry":{"type":"LineString","coordinates":[[168.667479,-45.033659],[168.6674,-45.033604]]}},{"type":"Feature","properties":{"building_id":4725584,"kind":"cliff"},"geometry":{"type":"LineString","coordinates":[[168.667381,-45.033587],[168.66734,-45.033559]]}},{"type":"Feature","properties":{"building_id":4725584,"kind":"cliff"},"geometry":{"type":"LineString","coordinates":[[168.667766,-45.033548],[168.667723,-45.033516]]}},{"type":"Feature","properties":{"building_id":4725584,"kind":"cliff"},"geometry":{"type":"LineString","coordinates":[[168.667705,-45.033504],[168.667623,-45.033447]]}},{"type":"Feature","properties":{"building_id":4725584,"kind":"cliff"},"geometry":{"type":"LineString","coordinates":[[168.667604,-45.033434],[168.66756,-45.033401]]}},{"type":"Feature","properties":{"building_id":4725584,"kind":"cliff"},"geometry":{"type":"LineString","coordinates":[[168.667226,-45.033709],[168.667292,-45.03366]]}},{"type":"Feature","properties":{"building_id":4725584,"kind":"cliff"},"geometry":{"type":"LineString","coordinates":[[168.66715,-45.033662],[168.667096,-45.033624]]}},{"type":"Feature","properties":{"building_id":4725584,"kind":"cliff"},"geometry":{"type":"LineString","coordinates":[[168.667228,-45.033607],[168.667173,-45.033569]]}},{"type":"Feature","properties":{"building_id":4725584,"kind":"valley"},"geometry":{"type":"LineString","coordinates":[[168.66715,-45.033662],[168.667228,-45.033607]]}},{"type":"Feature","properties":{"building_id":4725584,"kind":"valley"},"geometry":{"type":"LineString","coordinates":[[168.667269,-45.033566],[168.667278,-45.033572]]}},{"type":"Feature","properties":{"building_id":4725584,"kind":"cliff"},"geometry":{"type":"LineString","coordinates":[[168.667278,-45.033572],[168.667291,-45.033564]]}},{"type":"Feature","properties":{"building_id":4725584,"kind":"cliff"},"geometry":{"type":"LineString","coordinates":[[168.667291,-45.033564],[168.667283,-45.033557]]}},{"type":"Feature","properties":{"building_id":4725584,"kind":"cliff"},"geometry":{"type":"LineString","coordinates":[[168.667283,-45.033557],[168.667269,-45.033566]]}},{"type":"Feature","properties":{"building_id":4725584,"kind":"cliff"},"geometry":{"type":"LineString","coordinates":[[168.667034,-45.033675],[168.667156,-45.033761]]}},{"type":"Feature","properties":{"building_id":4725584,"kind":"cliff"},"geometry":{"type":"LineString","coordinates":[[168.667034,-45.033675],[168.667096,-45.033624]]}},{"type":"Feature","properties":{"building_id":4725584,"kind":"valley"},"geometry":{"type":"LineString","coordinates":[[168.667566,-45.03343],[168.667604,-45.033434]]}},{"type":"Feature","properties":{"building_id":4725584,"kind":"valley"},"geometry":{"type":"LineString","coordinates":[[168.667566,-45.03343],[168.66756,-45.033401]]}},{"type":"Feature","properties":{"building_id":4725584,"kind":"valley"},"geometry":{"type":"LineString","coordinates":[[168.667623,-45.033447],[168.667631,-45.033488]]}},{"type":"Feature","properties":{"building_id":4725584,"kind":"valley"},"geometry":{"type":"LineString","coordinates":[[168.667631,-45.033488],[168.667643,-45.033496]]}},{"type":"Feature","properties":{"building_id":4725584,"kind":"valley"},"geometry":{"type":"LineString","coordinates":[[168.667643,-45.033496],[168.667705,-45.033504]]}},{"type":"Feature","properties":{"building_id":4725584,"kind":"valley"},"geometry":{"type":"LineString","coordinates":[[168.667723,-45.033516],[168.667726,-45.033541]]}},{"type":"Feature","properties":{"building_id":4725584,"kind":"valley"},"geometry":{"type":"LineString","coordinates":[[168.667726,-45.033541],[168.667766,-45.033548]]}},{"type":"Feature","properties":{"building_id":4725584,"kind":"valley"},"geometry":{"type":"LineString","coordinates":[[168.667499,-45.033673],[168.667537,-45.033675]]}},{"type":"Feature","properties":{"building_id":4725584,"kind":"valley"},"geometry":{"type":"LineString","coordinates":[[168.667537,-45.033675],[168.667542,-45.033703]]}},{"type":"Feature","properties":{"building_id":4725584,"kind":"valley"},"geometry":{"type":"LineString","coordinates":[[168.667487,-45.033656],[168.667479,-45.033659]]}},{"type":"Feature","properties":{"building_id":4725584,"kind":"valley"},"geometry":{"type":"LineString","coordinates":[[168.667487,-45.033656],[168.667473,-45.033616]]}},{"type":"Feature","properties":{"building_id":4725584,"kind":"valley"},"geometry":{"type":"LineString","coordinates":[[168.667473,-45.033616],[168.667461,-45.033608]]}},{"type":"Feature","properties":{"building_id":4725584,"kind":"valley"},"geometry":{"type":"LineString","coordinates":[[168.667461,-45.033608],[168.667407,-45.033598]]}},{"type":"Feature","properties":{"building_id":4725584,"kind":"valley"},"geometry":{"type":"LineString","coordinates":[[168.667407,-45.033598],[168.6674,-45.033604]]}},{"type":"Feature","properties":{"building_id":4725584,"kind":"valley"},"geometry":{"type":"LineString","coordinates":[[168.667407,-45.033598],[168.667386,-45.033584]]}},{"type":"Feature","properties":{"building_id":4725584,"kind":"valley"},"geometry":{"type":"LineString","coordinates":[[168.667386,-45.033584],[168.667381,-45.033587]]}},{"type":"Feature","properties":{"building_id":4725584,"kind":"valley"},"geometry":{"type":"LineString","coordinates":[[168.667386,-45.033584],[168.667379,-45.03356]]}},{"type":"Feature","properties":{"building_id":4725584,"kind":"valley"},"geometry":{"type":"LineString","coordinates":[[168.667379,-45.03356],[168.667345,-45.033554]]}},{"type":"Feature","properties":{"building_id":4725584,"kind":"valley"},"geometry":{"type":"LineString","coordinates":[[168.667345,-45.033554],[168.66734,-45.033559]]}},{"type":"Feature","properties":{"building_id":4725584,"kind":"valley"},"geometry":{"type":"LineString","coordinates":[[168.667548,-45.033701],[168.667567,-45.033714]]}},{"type":"Feature","properties":{"building_id":4725584,"kind":"valley"},"geometry":{"type":"LineString","coordinates":[[168.667591,-45.033721],[168.667636,-45.033689]]}},{"type":"Feature","properties":{"building_id":4725584,"kind":"valley"},"geometry":{"type":"LineString","coordinates":[[168.667636,-45.033689],[168.667661,-45.033648]]}},{"type":"Feature","properties":{"building_id":4725584,"kind":"valley"},"geometry":{"type":"LineString","coordinates":[[168.667661,-45.033648],[168.667683,-45.033632]]}},{"type":"Feature","properties":{"building_id":4725584,"kind":"valley"},"geometry":{"type":"LineString","coordinates":[[168.667683,-45.033632],[168.667741,-45.033613]]}},{"type":"Feature","properties":{"building_id":4725584,"kind":"valley"},"geometry":{"type":"LineString","coordinates":[[168.667741,-45.033613],[168.667792,-45.033576]]}},{"type":"Feature","properties":{"building_id":4725584,"kind":"valley"},"geometry":{"type":"LineString","coordinates":[[168.667792,-45.033576],[168.667778,-45.033567]]}},{"type":"Feature","properties":{"building_id":4725584,"kind":"valley"},"geometry":{"type":"LineString","coordinates":[[168.667778,-45.033567],[168.667783,-45.033564]]}},{"type":"Feature","properties":{"building_id":4725584,"kind":"valley"},"geometry":{"type":"LineString","coordinates":[[168.667783,-45.033564],[168.667764,-45.03355]]}},{"type":"Feature","properties":{"building_id":4725584,"kind":"valley"},"geometry":{"type":"LineString","coordinates":[[168.667703,-45.033507],[168.667718,-45.033517]]}},{"type":"Feature","properties":{"building_id":4725584,"kind":"valley"},"geometry":{"type":"LineString","coordinates":[[168.667605,-45.033437],[168.667619,-45.033446]]}},{"type":"Feature","properties":{"building_id":4725584,"kind":"valley"},"geometry":{"type":"LineString","coordinates":[[168.667556,-45.033402],[168.667514,-45.033371]]}},{"type":"Feature","properties":{"building_id":4725584,"kind":"valley"},"geometry":{"type":"LineString","coordinates":[[168.667514,-45.033371],[168.667477,-45.033399]]}},{"type":"Feature","properties":{"building_id":4725584,"kind":"valley"},"geometry":{"type":"LineString","coordinates":[[168.667345,-45.033554],[168.667295,-45.033522]]}},{"type":"Feature","properties":{"building_id":4725584,"kind":"valley"},"geometry":{"type":"LineString","coordinates":[[168.667295,-45.033522],[168.667333,-45.033498]]}},{"type":"Feature","properties":{"building_id":4725584,"kind":"cliff"},"geometry":{"type":"LineString","coordinates":[[168.667325,-45.033489],[168.667358,-45.033513]]}},{"type":"Feature","properties":{"building_id":4725584,"kind":"valley"},"geometry":{"type":"LineString","coordinates":[[168.667446,-45.033378],[168.667466,-45.033392]]}},{"type":"Feature","properties":{"building_id":4725584,"kind":"valley"},"geometry":{"type":"LineString","coordinates":[[168.667387,-45.03337],[168.66734,-45.033382]]}},{"type":"Feature","properties":{"building_id":4725584,"kind":"valley"},"geometry":{"type":"LineString","coordinates":[[168.66734,-45.033382],[168.667326,-45.033373]]}},{"type":"Feature","properties":{"building_id":4725584,"kind":"valley"},"geometry":{"type":"LineString","coordinates":[[168.667326,-45.033373],[168.667347,-45.033341]]}},{"type":"Feature","properties":{"building_id":4725584,"kind":"cliff"},"geometry":{"type":"LineString","coordinates":[[168.667267,-45.03335],[168.667243,-45.033367]]}},{"type":"Feature","properties":{"building_id":4725584,"kind":"cliff"},"geometry":{"type":"LineString","coordinates":[[168.667394,-45.033438],[168.667368,-45.033455]]}},{"type":"Feature","properties":{"building_id":4725584,"kind":"valley"},"geometry":{"type":"LineString","coordinates":[[168.667185,-45.033287],[168.667235,-45.033278]]}},{"type":"Feature","properties":{"building_id":4725584,"kind":"valley"},"geometry":{"type":"LineString","coordinates":[[168.667235,-45.033278],[168.667247,-45.03327]]}},{"type":"Feature","properties":{"building_id":4725584,"kind":"valley"},"geometry":{"type":"LineString","coordinates":[[168.667185,-45.033287],[168.667204,-45.033253]]}},{"type":"Feature","properties":{"building_id":4725584,"kind":"valley"},"geometry":{"type":"LineString","coordinates":[[168.667204,-45.033253],[168.667213,-45.033246]]}},{"type":"Feature","properties":{"building_id":4725584,"kind":"valley"},"geometry":{"type":"LineString","coordinates":[[168.667204,-45.033253],[168.667153,-45.033262]]}},{"type":"Feature","properties":{"building_id":4725584,"kind":"valley"},"geometry":{"type":"LineString","coordinates":[[168.667153,-45.033262],[168.667169,-45.033229]]}},{"type":"Feature","properties":{"building_id":4725584,"kind":"valley"},"geometry":{"type":"LineString","coordinates":[[168.667169,-45.033229],[168.66718,-45.033223]]}},{"type":"Feature","properties":{"building_id":4725584,"kind":"valley"},"geometry":{"type":"LineString","coordinates":[[168.66709,-45.03321],[168.66712,-45.033205]]}},{"type":"Feature","properties":{"building_id":4725584,"kind":"valley"},"geometry":{"type":"LineString","coordinates":[[168.66709,-45.03321],[168.667097,-45.033191]]}},{"type":"Feature","properties":{"building_id":4725584,"kind":"valley"},"geometry":{"type":"LineString","coordinates":[[168.667056,-45.033185],[168.667084,-45.033182]]}},{"type":"Feature","properties":{"building_id":4725584,"kind":"valley"},"geometry":{"type":"LineString","coordinates":[[168.667056,-45.033185],[168.667063,-45.033168]]}},{"type":"Feature","properties":{"building_id":4725584,"kind":"valley"},"geometry":{"type":"LineString","coordinates":[[168.667022,-45.033161],[168.667049,-45.033157]]}},{"type":"Feature","properties":{"building_id":4725584,"kind":"valley"},"geometry":{"type":"LineString","coordinates":[[168.667022,-45.033161],[168.66703,-45.033142]]}},{"type":"Feature","properties":{"building_id":4725584,"kind":"cliff"},"geometry":{"type":"LineString","coordinates":[[168.667049,-45.033157],[168.667069,-45.033144]]}},{"type":"Feature","properties":{"building_id":4725584,"kind":"cliff"},"geometry":{"type":"LineString","coordinates":[[168.66703,-45.033142],[168.667049,-45.03313]]}},{"type":"Feature","properties":{"building_id":4725584,"kind":"cliff"},"geometry":{"type":"LineString","coordinates":[[168.667063,-45.033168],[168.667083,-45.033154]]}},{"type":"Feature","properties":{"building_id":4725584,"kind":"cliff"},"geometry":{"type":"LineString","coordinates":[[168.667084,-45.033182],[168.667104,-45.033169]]}},{"type":"Feature","properties":{"building_id":4725584,"kind":"cliff"},"geometry":{"type":"LineString","coordinates":[[168.667097,-45.033191],[168.667117,-45.033179]]}},{"type":"Feature","properties":{"building_id":4725584,"kind":"cliff"},"geometry":{"type":"LineString","coordinates":[[168.66712,-45.033205],[168.667138,-45.033193]]}},{"type":"Feature","properties":{"building_id":4725584,"kind":"cliff"},"geometry":{"type":"LineString","coordinates":[[168.666919,-45.033242],[168.666899,-45.033255]]}},{"type":"Feature","properties":{"building_id":4725584,"kind":"cliff"},"geometry":{"type":"LineString","coordinates":[[168.6669,-45.033226],[168.666879,-45.033241]]}},{"type":"Feature","properties":{"building_id":4725584,"kind":"cliff"},"geometry":{"type":"LineString","coordinates":[[168.666932,-45.033251],[168.666911,-45.033264]]}},{"type":"Feature","properties":{"building_id":4725584,"kind":"cliff"},"geometry":{"type":"LineString","coordinates":[[168.666951,-45.033267],[168.666933,-45.033279]]}},{"type":"Feature","properties":{"building_id":4725584,"kind":"cliff"},"geometry":{"type":"LineString","coordinates":[[168.666968,-45.033275],[168.666947,-45.033289]]}},{"type":"Feature","properties":{"building_id":4725584,"kind":"cliff"},"geometry":{"type":"LineString","coordinates":[[168.666988,-45.03329],[168.666968,-45.033304]]}},{"type":"Feature","properties":{"building_id":4725584,"kind":"valley"},"geometry":{"type":"LineString","coordinates":[[168.666932,-45.033251],[168.666962,-45.033245]]}},{"type":"Feature","properties":{"building_id":4725584,"kind":"valley"},"geometry":{"type":"LineString","coordinates":[[168.666962,-45.033245],[168.666951,-45.033267]]}},{"type":"Feature","properties":{"building_id":4725584,"kind":"valley"},"geometry":{"type":"LineString","coordinates":[[168.666968,-45.033275],[168.666997,-45.033269]]}},{"type":"Feature","properties":{"building_id":4725584,"kind":"valley"},"geometry":{"type":"LineString","coordinates":[[168.666997,-45.033269],[168.666988,-45.03329]]}},{"type":"Feature","properties":{"building_id":4725584,"kind":"valley"},"geometry":{"type":"LineString","coordinates":[[168.666919,-45.033242],[168.666927,-45.033221]]}},{"type":"Feature","properties":{"building_id":4725584,"kind":"valley"},"geometry":{"type":"LineString","coordinates":[[168.666927,-45.033221],[168.6669,-45.033226]]}},{"type":"Feature","properties":{"building_id":4725584,"kind":"valley"},"geometry":{"type":"LineString","coordinates":[[168.66701,-45.033333],[168.667018,-45.033327]]}},{"type":"Feature","properties":{"building_id":4725584,"kind":"valley"},"geometry":{"type":"LineString","coordinates":[[168.667018,-45.033327],[168.667069,-45.033316]]}},{"type":"Feature","properties":{"building_id":4725584,"kind":"valley"},"geometry":{"type":"LineString","coordinates":[[168.667069,-45.033316],[168.66705,-45.033351]]}},{"type":"Feature","properties":{"building_id":4725584,"kind":"valley"},"geometry":{"type":"LineString","coordinates":[[168.66705,-45.033351],[168.667103,-45.033341]]}},{"type":"Feature","properties":{"building_id":4725584,"kind":"valley"},"geometry":{"type":"LineString","coordinates":[[168.667103,-45.033341],[168.667085,-45.033376]]}},{"type":"Feature","properties":{"building_id":4725584,"kind":"valley"},"geometry":{"type":"LineString","coordinates":[[168.667085,-45.033376],[168.667077,-45.033381]]}},{"type":"Feature","properties":{"building_id":4725584,"kind":"valley"},"geometry":{"type":"LineString","coordinates":[[168.666794,-45.03333],[168.666852,-45.033346]]}},{"type":"Feature","properties":{"building_id":4725584,"kind":"valley"},"geometry":{"type":"LineString","coordinates":[[168.666794,-45.03333],[168.666811,-45.033366]]}},{"type":"Feature","properties":{"building_id":4725584,"kind":"valley"},"geometry":{"type":"LineString","coordinates":[[168.666811,-45.033366],[168.666757,-45.033352]]}},{"type":"Feature","properties":{"building_id":4725584,"kind":"valley"},"geometry":{"type":"LineString","coordinates":[[168.666757,-45.033352],[168.666781,-45.033396]]}},{"type":"Feature","properties":{"building_id":4725584,"kind":"ridge"},"geometry":{"type":"LineString","coordinates":[[168.666794,-45.03333],[168.666834,-45.033358]]}},{"type":"Feature","properties":{"building_id":4725584,"kind":"ridge"},"geometry":{"type":"LineString","coordinates":[[168.666757,-45.033352],[168.666798,-45.033384]]}},{"type":"Feature","properties":{"building_id":4725584,"kind":"ridge"},"geometry":{"type":"LineString","coordinates":[[168.666674,-45.033293],[168.666633,-45.033264]]}},{"type":"Feature","properties":{"building_id":4725584,"kind":"ridge"},"geometry":{"type":"LineString","coordinates":[[168.666709,-45.03327],[168.666668,-45.033239]]}},{"type":"Feature","properties":{"building_id":4725584,"kind":"valley"},"geometry":{"type":"LineString","coordinates":[[168.666674,-45.033293],[168.66662,-45.03328]]}},{"type":"Feature","properties":{"building_id":4725584,"kind":"valley"},"geometry":{"type":"LineString","coordinates":[[168.666674,-45.033293],[168.66666,-45.033261]]}},{"type":"Feature","properties":{"building_id":4725584,"kind":"valley"},"geometry":{"type":"LineString","coordinates":[[168.66666,-45.033261],[168.666709,-45.03327]]}},{"type":"Feature","properties":{"building_id":4725584,"kind":"valley"},"geometry":{"type":"LineString","coordinates":[[168.666709,-45.03327],[168.666691,-45.033233]]}},{"type":"Feature","properties":{"building_id":4725584,"kind":"cliff"},"geometry":{"type":"LineString","coordinates":[[168.666723,-45.033208],[168.666828,-45.033278]]}},{"type":"Feature","properties":{"building_id":4729357,"kind":"cliff"},"geometry":{"type":"LineString","coordinates":[[168.683261,-45.029017],[168.683247,-45.029021]]}},{"type":"Feature","properties":{"building_id":4729357,"kind":"cliff"},"geometry":{"type":"LineString","coordinates":[[168.683247,-45.029021],[168.683297,-45.029077]]}},{"type":"Feature","properties":{"building_id":4729357,"kind":"cliff"},"geometry":{"type":"LineString","coordinates":[[168.683297,-45.029077],[168.683184,-45.029121]]}},{"type":"Feature","properties":{"building_id":4729357,"kind":"cliff"},"geometry":{"type":"LineString","coordinates":[[168.683209,-45.029094],[168.68324,-45.029082]]}},{"type":"Feature","properties":{"building_id":4729357,"kind":"cliff"},"geometry":{"type":"LineString","coordinates":[[168.68324,-45.029082],[168.683231,-45.029069]]}},{"type":"Feature","properties":{"building_id":4729357,"kind":"cliff"},"geometry":{"type":"LineString","coordinates":[[168.683209,-45.029094],[168.6832,-45.029082]]}},{"type":"Feature","properties":{"building_id":4729357,"kind":"cliff"},"geometry":{"type":"LineString","coordinates":[[168.683149,-45.029057],[168.683118,-45.02907]]}},{"type":"Feature","properties":{"building_id":4729357,"kind":"cliff"},"geometry":{"type":"LineString","coordinates":[[168.683135,-45.02903],[168.683168,-45.029016]]}},{"type":"Feature","properties":{"building_id":4729357,"kind":"ridge"},"geometry":{"type":"LineString","coordinates":[[168.683184,-45.029121],[168.683202,-45.02907]]}},{"type":"Feature","properties":{"building_id":4729357,"kind":"ridge"},"geometry":{"type":"LineString","coordinates":[[168.683202,-45.02907],[168.683214,-45.029065]]}},{"type":"Feature","properties":{"building_id":4729357,"kind":"ridge"},"geometry":{"type":"LineString","coordinates":[[168.683214,-45.029065],[168.683297,-45.029077]]}},{"type":"Feature","properties":{"building_id":4729357,"kind":"ridge"},"geometry":{"type":"LineString","coordinates":[[168.683214,-45.029065],[168.683193,-45.029036]]}},{"type":"Feature","properties":{"building_id":4729357,"kind":"ridge"},"geometry":{"type":"LineString","coordinates":[[168.683202,-45.02907],[168.68318,-45.029042]]}},{"type":"Feature","properties":{"building_id":4729357,"kind":"ridge"},"geometry":{"type":"LineString","coordinates":[[168.683153,-45.029022],[168.683171,-45.029045]]}},{"type":"Feature","properties":{"building_id":4729357,"kind":"ridge"},"geometry":{"type":"LineString","coordinates":[[168.683115,-45.029006],[168.683135,-45.02903]]}},{"type":"Feature","properties":{"building_id":4729357,"kind":"cliff"},"geometry":{"type":"LineString","coordinates":[[168.683149,-45.029057],[168.68318,-45.029042]]}},{"type":"Feature","properties":{"building_id":4729357,"kind":"cliff"},"geometry":{"type":"LineString","coordinates":[[168.68318,-45.029042],[168.683193,-45.029036]]}},{"type":"Feature","properties":{"building_id":4729357,"kind":"cliff"},"geometry":{"type":"LineString","coordinates":[[168.683193,-45.029036],[168.683247,-45.029021]]}},{"type":"Feature","properties":{"building_id":4729357,"kind":"valley"},"geometry":{"type":"LineString","coordinates":[[168.6832,-45.029082],[168.683231,-45.029069]]}},{"type":"Feature","properties":{"building_id":4730523,"kind":"ridge"},"geometry":{"type":"LineString","coordinates":[[168.739814,-45.02942],[168.739977,-45.02936]]}},{"type":"Feature","properties":{"building_id":4730523,"kind":"ridge"},"geometry":{"type":"LineString","coordinates":[[168.739998,-45.0295],[168.740161,-45.029439]]}},{"type":"Feature","properties":{"building_id":4730523,"kind":"ridge"},"geometry":{"type":"LineString","coordinates":[[168.739943,-45.029446],[168.74002,-45.029418]]}},{"type":"Feature","properties":{"building_id":4730523,"kind":"valley"},"geometry":{"type":"LineString","coordinates":[[168.739923,-45.02942],[168.74,-45.029392]]}},{"type":"Feature","properties":{"building_id":4730523,"kind":"valley"},"geometry":{"type":"LineString","coordinates":[[168.739982,-45.029467],[168.740035,-45.029447]]}},{"type":"Feature","properties":{"building_id":4730523,"kind":"valley"},"geometry":{"type":"LineString","coordinates":[[168.740044,-45.02945],[168.740142,-45.029414]]}},{"type":"Feature","properties":{"building_id":4730523,"kind":"cliff"},"geometry":{"type":"LineString","coordinates":[[168.740044,-45.02945],[168.740033,-45.029435]]}},{"type":"Feature","properties":{"building_id":4730523,"kind":"valley"},"geometry":{"type":"LineString","coordinates":[[168.739793,-45.029393],[168.739864,-45.029366]]}},{"type":"Feature","properties":{"building_id":4736600,"kind":"ridge"},"geometry":{"type":"LineString","coordinates":[[168.842561,-44.94572],[168.842573,-44.945681]]}},{"type":"Feature","properties":{"building_id":4736600,"kind":"ridge"},"geometry":{"type":"LineString","coordinates":[[168.842561,-44.94572],[168.842519,-44.945693]]}},{"type":"Feature","properties":{"building_id":4736600,"kind":"ridge"},"geometry":{"type":"LineString","coordinates":[[168.842561,-44.94572],[168.842601,-44.945802]]}},{"type":"Feature","properties":{"building_id":4736600,"kind":"valley"},"geometry":{"type":"LineString","coordinates":[[168.842519,-44.945693],[168.842576,-44.945807]]}},{"type":"Feature","properties":{"building_id":4736600,"kind":"valley"},"geometry":{"type":"LineString","coordinates":[[168.842573,-44.945681],[168.842631,-44.945794]]}},{"type":"Feature","properties":{"building_id":4747530,"kind":"ridge"},"geometry":{"type":"LineString","coordinates":[[168.800826,-44.950766],[168.800932,-44.950777]]}},{"type":"Feature","properties":{"building_id":4747530,"kind":"ridge"},"geometry":{"type":"LineString","coordinates":[[168.800989,-44.950771],[168.801238,-44.950795]]}},{"type":"Feature","properties":{"building_id":4747530,"kind":"ridge"},"geometry":{"type":"LineString","coordinates":[[168.800978,-44.950715],[168.801202,-44.950738]]}},{"type":"Feature","properties":{"building_id":4747530,"kind":"valley"},"geometry":{"type":"LineString","coordinates":[[168.801052,-44.950696],[168.801115,-44.950703]]}},{"type":"Feature","properties":{"building_id":4747530,"kind":"valley"},"geometry":{"type":"LineString","coordinates":[[168.800899,-44.950756],[168.800915,-44.950757]]}},{"type":"Feature","properties":{"building_id":4747530,"kind":"valley"},"geometry":{"type":"LineString","coordinates":[[168.800863,-44.950752],[168.800879,-44.950754]]}},{"type":"Feature","properties":{"building_id":4747530,"kind":"valley"},"geometry":{"type":"LineString","coordinates":[[168.800991,-44.950747],[168.801159,-44.950763]]}},{"type":"Feature","properties":{"building_id":4747530,"kind":"valley"},"geometry":{"type":"LineString","coordinates":[[168.800972,-44.950733],[168.801159,-44.950751]]}},{"type":"Feature","properties":{"building_id":4747530,"kind":"cliff"},"geometry":{"type":"LineString","coordinates":[[168.800899,-44.950756],[168.800901,-44.950741]]}},{"type":"Feature","properties":{"building_id":4747530,"kind":"cliff"},"geometry":{"type":"LineString","coordinates":[[168.800901,-44.950741],[168.800918,-44.950743]]}},{"type":"Feature","properties":{"building_id":4747530,"kind":"cliff"},"geometry":{"type":"LineString","coordinates":[[168.800918,-44.950743],[168.800915,-44.950757]]}},{"type":"Feature","properties":{"building_id":4747530,"kind":"cliff"},"geometry":{"type":"LineString","coordinates":[[168.800863,-44.950752],[168.800864,-44.950737]]}},{"type":"Feature","properties":{"building_id":4747530,"kind":"cliff"},"geometry":{"type":"LineString","coordinates":[[168.800864,-44.950737],[168.800881,-44.950738]]}},{"type":"Feature","properties":{"building_id":4747530,"kind":"cliff"},"geometry":{"type":"LineString","coordinates":[[168.800881,-44.950738],[168.800879,-44.950754]]}},{"type":"Feature","properties":{"building_id":4747530,"kind":"valley"},"geometry":{"type":"LineString","coordinates":[[168.80087,-44.950734],[168.800939,-44.950741]]}},{"type":"Feature","properties":{"building_id":4747530,"kind":"cliff"},"geometry":{"type":"LineString","coordinates":[[168.801005,-44.95073],[168.801003,-44.950736]]}},{"type":"Feature","properties":{"building_id":4747530,"kind":"cliff"},"geometry":{"type":"LineString","coordinates":[[168.801014,-44.950737],[168.801016,-44.950731]]}},{"type":"Feature","properties":{"building_id":4747530,"kind":"cliff"},"geometry":{"type":"LineString","coordinates":[[168.801003,-44.950736],[168.801014,-44.950737]]}},{"type":"Feature","properties":{"building_id":4747530,"kind":"valley"},"geometry":{"type":"LineString","coordinates":[[168.801005,-44.95073],[168.801016,-44.950731]]}},{"type":"Feature","properties":{"building_id":4747530,"kind":"cliff"},"geometry":{"type":"LineString","coordinates":[[168.800971,-44.950729],[168.800978,-44.950715]]}},{"type":"Feature","properties":{"building_id":4747530,"kind":"cliff"},"geometry":{"type":"LineString","coordinates":[[168.800978,-44.950715],[168.800975,-44.950685]]}},{"type":"Feature","properties":{"building_id":4747530,"kind":"cliff"},"geometry":{"type":"LineString","coordinates":[[168.800971,-44.950729],[168.800929,-44.950725]]}},{"type":"Feature","properties":{"building_id":4747530,"kind":"cliff"},"geometry":{"type":"LineString","coordinates":[[168.800929,-44.950725],[168.800932,-44.950713]]}},{"type":"Feature","properties":{"building_id":4747530,"kind":"cliff"},"geometry":{"type":"LineString","coordinates":[[168.800938,-44.950746],[168.800932,-44.950777]]}},{"type":"Feature","properties":{"building_id":4747530,"kind":"cliff"},"geometry":{"type":"LineString","coordinates":[[168.800938,-44.950746],[168.800982,-44.95075]]}},{"type":"Feature","properties":{"building_id":4747530,"kind":"cliff"},"geometry":{"type":"LineString","coordinates":[[168.801159,-44.950751],[168.801159,-44.950763]]}},{"type":"Feature","properties":{"building_id":4747530,"kind":"cliff"},"geometry":{"type":"LineString","coordinates":[[168.801159,-44.950763],[168.801234,-44.950769]]}},{"type":"Feature","properties":{"building_id":4747530,"kind":"cliff"},"geometry":{"type":"LineString","coordinates":[[168.801198,-44.950757],[168.801159,-44.950751]]}},{"type":"Feature","properties":{"building_id":4748050,"kind":"ridge"},"geometry":{"type":"LineString","coordinates":[[168.751478,-45.006302],[168.752002,-45.006205]]}},{"type":"Feature","properties":{"building_id":4748050,"kind":"valley"},"geometry":{"type":"LineString","coordinates":[[168.75146,-45.006253],[168.751606,-45.006225]]}},{"type":"Feature","properties":{"building_id":5372383,"kind":"ridge"},"geometry":{"type":"LineString","coordinates":[[168.756844,-44.976814],[168.756878,-44.976817]]}},{"type":"Feature","properties":{"building_id":5372383,"kind":"cliff"},"geometry":{"type":"LineString","coordinates":[[168.756878,-44.976817],[168.756871,-44.97687]]}},{"type":"Feature","properties":{"building_id":5372383,"kind":"cliff"},"geometry":{"type":"LineString","coordinates":[[168.756871,-44.97687],[168.756943,-44.976874]]}},{"type":"Feature","properties":{"building_id":5372383,"kind":"cliff"},"geometry":{"type":"LineString","coordinates":[[168.756788,-44.976834],[168.756838,-44.976836]]}},{"type":"Feature","properties":{"building_id":5372383,"kind":"cliff"},"geometry":{"type":"LineString","coordinates":[[168.756844,-44.976814],[168.756822,-44.976983]]}},{"type":"Feature","properties":{"building_id":5372383,"kind":"cliff"},"geometry":{"type":"LineString","coordinates":[[168.756844,-44.976814],[168.756854,-44.976701]]}},{"type":"Feature","properties":{"building_id":5372383,"kind":"cliff"},"geometry":{"type":"LineString","coordinates":[[168.756692,-44.976828],[168.756673,-44.976975]]}},{"type":"Feature","properties":{"building_id":5372383,"kind":"cliff"},"geometry":{"type":"LineString","coordinates":[[168.756545,-44.976851],[168.756688,-44.976859]]}},{"type":"Feature","properties":{"building_id":5372383,"kind":"cliff"},"geometry":{"type":"LineString","coordinates":[[168.75655,-44.976808],[168.756695,-44.976815]]}},{"type":"Feature","properties":{"building_id":5372383,"kind":"cliff"},"geometry":{"type":"LineString","coordinates":[[168.756695,-44.976815],[168.756692,-44.976828]]}},{"type":"Feature","properties":{"building_id":5372383,"kind":"cliff"},"geometry":{"type":"LineString","coordinates":[[168.756654,-44.976754],[168.756649,-44.976813]]}},{"type":"Feature","properties":{"building_id":5372383,"kind":"cliff"},"geometry":{"type":"LineString","coordinates":[[168.756934,-44.976767],[168.756929,-44.976819]]}},{"type":"Feature","properties":{"building_id":5372383,"kind":"cliff"},"geometry":{"type":"LineString","coordinates":[[168.756878,-44.976817],[168.756929,-44.976819]]}},{"type":"Feature","properties":{"building_id":5372383,"kind":"cliff"},"geometry":{"type":"LineString","coordinates":[[168.756782,-44.97676],[168.756789,-44.976697]]}},{"type":"Feature","properties":{"building_id":5372383,"kind":"cliff"},"geometry":{"type":"LineString","coordinates":[[168.756654,-44.976754],[168.756782,-44.97676]]}},{"type":"Feature","properties":{"building_id":5372392,"kind":"ridge"},"geometry":{"type":"LineString","coordinates":[[168.750264,-44.974799],[168.750398,-44.974909]]}},{"type":"Feature","properties":{"building_id":5372392,"kind":"ridge"},"geometry":{"type":"LineString","coordinates":[[168.750334,-44.974857],[168.750537,-44.97474]]}},{"type":"Feature","properties":{"building_id":5372392,"kind":"ridge"},"geometry":{"type":"LineString","coordinates":[[168.750554,-44.974843],[168.750675,-44.974775]]}},{"type":"Feature","properties":{"building_id":5372392,"kind":"valley"},"geometry":{"type":"LineString","coordinates":[[168.750397,-44.974862],[168.750334,-44.974857]]}},{"type":"Feature","properties":{"building_id":5372392,"kind":"valley"},"geometry":{"type":"LineString","coordinates":[[168.750334,-44.974857],[168.750341,-44.974813]]}},{"type":"Feature","properties":{"building_id":5372392,"kind":"valley"},"geometry":{"type":"LineString","coordinates":[[168.750397,-44.974862],[168.750503,-44.974798]]}},{"type":"Feature","properties":{"building_id":5372392,"kind":"valley"},"geometry":{"type":"LineString","coordinates":[[168.750507,-44.974791],[168.750559,-44.974759]]}},{"type":"Feature","properties":{"building_id":5372392,"kind":"valley"},"geometry":{"type":"LineString","coordinates":[[168.750542,-44.974823],[168.750593,-44.974789]]}},{"type":"Feature","properties":{"building_id":5372392,"kind":"cliff"},"geometry":{"type":"LineString","coordinates":[[168.750507,-44.974796],[168.750542,-44.974823]]}},{"type":"Feature","properties":{"building_id":5372565,"kind":"ridge"},"geometry":{"type":"LineString","coordinates":[[168.660639,-45.029683],[168.660885,-45.02947]]}},{"type":"Feature","properties":{"building_id":5372565,"kind":"ridge"},"geometry":{"type":"LineString","coordinates":[[168.660576,-45.029622],[168.660452,-45.029633]]}},{"type":"Feature","properties":{"building_id":5372565,"kind":"cliff"},"geometry":{"type":"LineString","coordinates":[[168.660559,-45.029645],[168.660639,-45.029683]]}},{"type":"Feature","properties":{"building_id":5372565,"kind":"cliff"},"geometry":{"type":"LineString","coordinates":[[168.660639,-45.029683],[168.660681,-45.029712]]}},{"type":"Feature","properties":{"building_id":5372565,"kind":"cliff"},"geometry":{"type":"LineString","coordinates":[[168.660719,-45.029721],[168.660776,-45.029669]]}},{"type":"Feature","properties":{"building_id":5372565,"kind":"cliff"},"geometry":{"type":"LineString","coordinates":[[168.660776,-45.029669],[168.660786,-45.029674]]}},{"type":"Feature","properties":{"building_id":5372565,"kind":"cliff"},"geometry":{"type":"LineString","coordinates":[[168.660786,-45.029674],[168.660916,-45.029558]]}},{"type":"Feature","properties":{"building_id":5372565,"kind":"cliff"},"geometry":{"type":"LineString","coordinates":[[168.660916,-45.029558],[168.660956,-45.029575]]}},{"type":"Feature","properties":{"building_id":5372565,"kind":"cliff"},"geometry":{"type":"LineString","coordinates":[[168.660559,-45.029645],[168.660607,-45.029601]]}},{"type":"Feature","properties":{"building_id":5372565,"kind":"cliff"},"geometry":{"type":"LineString","coordinates":[[168.660607,-45.029601],[168.660579,-45.029585]]}},{"type":"Feature","properties":{"building_id":5372565,"kind":"cliff"},"geometry":{"type":"LineString","coordinates":[[168.660579,-45.029585],[168.660618,-45.029551]]}},{"type":"Feature","properties":{"building_id":5372565,"kind":"cliff"},"geometry":{"type":"LineString","coordinates":[[168.660618,-45.029551],[168.660637,-45.029562]]}},{"type":"Feature","properties":{"building_id":5372565,"kind":"cliff"},"geometry":{"type":"LineString","coordinates":[[168.660637,-45.029562],[168.660815,-45.029403]]}},{"type":"Feature","properties":{"building_id":5372565,"kind":"cliff"},"geometry":{"type":"LineString","coordinates":[[168.660815,-45.029403],[168.660777,-45.02938]]}},{"type":"Feature","properties":{"building_id":5372565,"kind":"cliff"},"geometry":{"type":"LineString","coordinates":[[168.660902,-45.029358],[168.660837,-45.029415]]}},{"type":"Feature","properties":{"building_id":5372565,"kind":"cliff"},"geometry":{"type":"LineString","coordinates":[[168.660837,-45.029415],[168.660968,-45.029484]]}},{"type":"Feature","properties":{"building_id":5372565,"kind":"cliff"},"geometry":{"type":"LineString","coordinates":[[168.660968,-45.029484],[168.661031,-45.029428]]}},{"type":"Feature","properties":{"building_id":5372565,"kind":"cliff"},"geometry":{"type":"LineString","coordinates":[[168.660591,-45.02966],[168.660561,-45.029693]]}},{"type":"Feature","properties":{"building_id":5372565,"kind":"cliff"},"geometry":{"type":"LineString","coordinates":[[168.660822,-45.029641],[168.660858,-45.029658]]}},{"type":"Feature","properties":{"building_id":4719731,"kind":"ridge"},"geometry":{"type":"LineString","coordinates":[[168.832579,-44.941425],[168.832643,-44.94138]]}},{"type":"Feature","properties":{"building_id":4719731,"kind":"ridge"},"geometry":{"type":"LineString","coordinates":[[168.832633,-44.941373],[168.832776,-44.941269]]}},{"type":"Feature","properties":{"building_id":4719731,"kind":"ridge"},"geometry":{"type":"LineString","coordinates":[[168.832792,-44.941271],[168.832856,-44.941313]]}},{"type":"Feature","properties":{"building_id":4719731,"kind":"ridge"},"geometry":{"type":"LineString","coordinates":[[168.832792,-44.941271],[168.832776,-44.941269]]}},{"type":"Feature","properties":{"building_id":4719731,"kind":"ridge"},"geometry":{"type":"LineString","coordinates":[[168.832776,-44.941269],[168.832773,-44.941258]]}},{"type":"Feature","properties":{"building_id":4719731,"kind":"ridge"},"geometry":{"type":"LineString","coordinates":[[168.832773,-44.941258],[168.832724,-44.941222]]}},{"type":"Feature","properties":{"building_id":4719731,"kind":"cliff"},"geometry":{"type":"LineString","coordinates":[[168.832643,-44.94138],[168.832633,-44.941373]]}},{"type":"Feature","properties":{"building_id":4719731,"kind":"cliff"},"geometry":{"type":"LineString","coordinates":[[168.832633,-44.941373],[168.83258,-44.941334]]}},{"type":"Feature","properties":{"building_id":4719731,"kind":"valley"},"geometry":{"type":"LineString","coordinates":[[168.832593,-44.941344],[168.832714,-44.941258]]}},{"type":"Feature","properties":{"building_id":4719731,"kind":"valley"},"geometry":{"type":"LineString","coordinates":[[168.832714,-44.941258],[168.832694,-44.941244]]}},{"type":"Feature","properties":{"building_id":4719731,"kind":"valley"},"geometry":{"type":"LineString","coordinates":[[168.832714,-44.941258],[168.832773,-44.941258]]}},{"type":"Feature","properties":{"building_id":4719731,"kind":"valley"},"geometry":{"type":"LineString","coordinates":[[168.832792,-44.941271],[168.832793,-44.941311]]}},{"type":"Feature","properties":{"building_id":4719731,"kind":"valley"},"geometry":{"type":"LineString","coordinates":[[168.832793,-44.941311],[168.832807,-44.941322]]}},{"type":"Feature","properties":{"building_id":4719731,"kind":"valley"},"geometry":{"type":"LineString","coordinates":[[168.832793,-44.941311],[168.832683,-44.941387]]}},{"type":"Feature","properties":{"building_id":4719731,"kind":"ridge"},"geometry":{"type":"LineString","coordinates":[[168.832529,-44.941403],[168.832557,-44.941402]]}},{"type":"Feature","properties":{"building_id":4719731,"kind":"valley"},"geometry":{"type":"LineString","coordinates":[[168.832889,-44.941289],[168.832755,-44.941199]]}},{"type":"Feature","properties":{"building_id":4719731,"kind":"cliff"},"geometry":{"type":"LineString","coordinates":[[168.832557,-44.941402],[168.832615,-44.94136]]}},{"type":"Feature","properties":{"building_id":4727942,"kind":"ridge"},"geometry":{"type":"LineString","coordinates":[[168.790745,-44.997973],[168.790755,-44.99798]]}},{"type":"Feature","properties":{"building_id":4727942,"kind":"ridge"},"geometry":{"type":"LineString","coordinates":[[168.790755,-44.99798],[168.790751,-44.998019]]}},{"type":"Feature","properties":{"building_id":4727942,"kind":"ridge"},"geometry":{"type":"LineString","coordinates":[[168.790755,-44.99798],[168.79081,-44.997981]]}},{"type":"Feature","properties":{"building_id":4727942,"kind":"ridge"},"geometry":{"type":"LineString","coordinates":[[168.790745,-44.997973],[168.790746,-44.997932]]}},{"type":"Feature","properties":{"building_id":4727942,"kind":"ridge"},"geometry":{"type":"LineString","coordinates":[[168.790745,-44.997973],[168.790685,-44.99797]]}},{"type":"Feature","properties":{"building_id":4727942,"kind":"ridge"},"geometry":{"type":"LineString","coordinates":[[168.790708,-44.99793],[168.79071,-44.997886]]}},{"type":"Feature","properties":{"building_id":4727942,"kind":"ridge"},"geometry":{"type":"LineString","coordinates":[[168.790708,-44.99793],[168.790645,-44.997928]]}},{"type":"Feature","properties":{"building_id":4727942,"kind":"ridge"},"geometry":{"type":"LineString","coordinates":[[168.790708,-44.99793],[168.790722,-44.997941]]}},{"type":"Feature","properties":{"building_id":4727942,"kind":"ridge"},"geometry":{"type":"LineString","coordinates":[[168.790635,-44.997981],[168.790695,-44.997982]]}},{"type":"Feature","properties":{"building_id":4727942,"kind":"ridge"},"geometry":{"type":"LineString","coordinates":[[168.790718,-44.998029],[168.790739,-44.998017]]}},{"type":"Feature","properties":{"building_id":4727942,"kind":"ridge"},"geometry":{"type":"LineString","coordinates":[[168.790718,-44.998029],[168.790679,-44.998027]]}},{"type":"Feature","properties":{"building_id":4727942,"kind":"ridge"},"geometry":{"type":"LineString","coordinates":[[168.790718,-44.998029],[168.790718,-44.998052]]}},{"type":"Feature","properties":{"building_id":4727942,"kind":"ridge"},"geometry":{"type":"LineString","coordinates":[[168.790762,-44.998014],[168.790758,-44.998066]]}},{"type":"Feature","properties":{"building_id":4727942,"kind":"ridge"},"geometry":{"type":"LineString","coordinates":[[168.790795,-44.997999],[168.790813,-44.998011]]}},{"type":"Feature","properties":{"building_id":4727942,"kind":"ridge"},"geometry":{"type":"LineString","coordinates":[[168.790813,-44.998011],[168.790806,-44.99806]]}},{"type":"Feature","properties":{"building_id":4727942,"kind":"ridge"},"geometry":{"type":"LineString","coordinates":[[168.790813,-44.998011],[168.790876,-44.998013]]}},{"type":"Feature","properties":{"building_id":4727942,"kind":"ridge"},"geometry":{"type":"LineString","coordinates":[[168.790839,-44.99797],[168.790799,-44.997969]]}},{"type":"Feature","properties":{"building_id":4727942,"kind":"ridge"},"geometry":{"type":"LineString","coordinates":[[168.790757,-44.997908],[168.790755,-44.997937]]}},{"type":"Feature","properties":{"building_id":4727942,"kind":"ridge"},"geometry":{"type":"LineString","coordinates":[[168.790777,-44.997953],[168.79079,-44.997944]]}},{"type":"Feature","properties":{"building_id":4727942,"kind":"ridge"},"geometry":{"type":"LineString","coordinates":[[168.79079,-44.997944],[168.790791,-44.997926]]}},{"type":"Feature","properties":{"building_id":4727942,"kind":"ridge"},"geometry":{"type":"LineString","coordinates":[[168.79079,-44.997944],[168.790817,-44.997945]]}},{"type":"Feature","properties":{"building_id":4727942,"kind":"cliff"},"geometry":{"type":"LineString","coordinates":[[168.790685,-44.99797],[168.790751,-44.998019]]}},{"type":"Feature","properties":{"building_id":4727942,"kind":"cliff"},"geometry":{"type":"LineString","coordinates":[[168.790751,-44.998019],[168.79081,-44.997981]]}},{"type":"Feature","properties":{"building_id":4727942,"kind":"cliff"},"geometry":{"type":"LineString","coordinates":[[168.79081,-44.997981],[168.790746,-44.997932]]}},{"type":"Feature","properties":{"building_id":4727942,"kind":"cliff"},"geometry":{"type":"LineString","coordinates":[[168.790746,-44.997932],[168.790685,-44.99797]]}},{"type":"Feature","properties":{"building_id":4727942,"kind":"valley"},"geometry":{"type":"LineString","coordinates":[[168.790795,-44.997999],[168.790787,-44.998046]]}},{"type":"Feature","properties":{"building_id":4727942,"kind":"valley"},"geometry":{"type":"LineString","coordinates":[[168.790731,-44.998021],[168.79073,-44.998045]]}},{"type":"Feature","properties":{"building_id":4727942,"kind":"valley"},"geometry":{"type":"LineString","coordinates":[[168.790731,-44.998021],[168.790689,-44.99802]]}},{"type":"Feature","properties":{"building_id":4727942,"kind":"valley"},"geometry":{"type":"LineString","coordinates":[[168.790677,-44.997952],[168.790711,-44.997954]]}},{"type":"Feature","properties":{"building_id":4727942,"kind":"valley"},"geometry":{"type":"LineString","coordinates":[[168.790741,-44.997909],[168.790738,-44.997937]]}},{"type":"Feature","properties":{"building_id":4727942,"kind":"valley"},"geometry":{"type":"LineString","coordinates":[[168.790775,-44.997935],[168.790777,-44.997953]]}},{"type":"Feature","properties":{"building_id":4727942,"kind":"valley"},"geometry":{"type":"LineString","coordinates":[[168.790777,-44.997953],[168.790801,-44.997954]]}},{"type":"Feature","properties":{"building_id":4727942,"kind":"cliff"},"geometry":{"type":"LineString","coordinates":[[168.790775,-44.997935],[168.790791,-44.997926]]}},{"type":"Feature","properties":{"building_id":4727942,"kind":"cliff"},"geometry":{"type":"LineString","coordinates":[[168.790801,-44.997954],[168.790817,-44.997945]]}},{"type":"Feature","properties":{"building_id":4727942,"kind":"cliff"},"geometry":{"type":"LineString","coordinates":[[168.790817,-44.997945],[168.790791,-44.997926]]}},{"type":"Feature","properties":{"building_id":4727942,"kind":"valley"},"geometry":{"type":"LineString","coordinates":[[168.790824,-44.997982],[168.79081,-44.997981]]}},{"type":"Feature","properties":{"building_id":4730598,"kind":"valley"},"geometry":{"type":"LineString","coordinates":[[168.745222,-45.028637],[168.745242,-45.028688]]}},{"type":"Feature","properties":{"building_id":4730598,"kind":"valley"},"geometry":{"type":"LineString","coordinates":[[168.745242,-45.028688],[168.745248,-45.028738]]}},{"type":"Feature","properties":{"building_id":4730598,"kind":"ridge"},"geometry":{"type":"LineString","coordinates":[[168.745189,-45.028695],[168.745242,-45.028688]]}},{"type":"Feature","properties":{"building_id":4730598,"kind":"ridge"},"geometry":{"type":"LineString","coordinates":[[168.745288,-45.028684],[168.745329,-45.028679]]}},{"type":"Feature","properties":{"building_id":4730598,"kind":"ridge"},"geometry":{"type":"LineString","coordinates":[[168.745254,-45.028633],[168.745284,-45.028758]]}},{"type":"Feature","properties":{"building_id":4730598,"kind":"ridge"},"geometry":{"type":"LineString","coordinates":[[168.745341,-45.028623],[168.745372,-45.028749]]}},{"type":"Feature","properties":{"building_id":4730598,"kind":"valley"},"geometry":{"type":"LineString","coordinates":[[168.74531,-45.028626],[168.745329,-45.028679]]}},{"type":"Feature","properties":{"building_id":4730598,"kind":"valley"},"geometry":{"type":"LineString","coordinates":[[168.745329,-45.028679],[168.745335,-45.028729]]}},{"type":"Feature","properties":{"building_id":4730598,"kind":"valley"},"geometry":{"type":"LineString","coordinates":[[168.745288,-45.028684],[168.745303,-45.028733]]}},{"type":"Feature","properties":{"building_id":4730598,"kind":"valley"},"geometry":{"type":"LineString","coordinates":[[168.745288,-45.028684],[168.745281,-45.02863]]}},{"type":"Feature","properties":{"building_id":4730603,"kind":"ridge"},"geometry":{"type":"LineString","coordinates":[[168.740937,-45.026385],[168.74087,-45.02636]]}},{"type":"Feature","properties":{"building_id":4730603,"kind":"ridge"},"geometry":{"type":"LineString","coordinates":[[168.740937,-45.026385],[168.740902,-45.02643]]}},{"type":"Feature","properties":{"building_id":4730603,"kind":"ridge"},"geometry":{"type":"LineString","coordinates":[[168.740937,-45.026385],[168.741042,-45.02636]]}},{"type":"Feature","properties":{"building_id":4730603,"kind":"ridge"},"geometry":{"type":"LineString","coordinates":[[168.741042,-45.02636],[168.741048,-45.026353]]}},{"type":"Feature","properties":{"building_id":4730603,"kind":"ridge"},"geometry":{"type":"LineString","coordinates":[[168.741048,-45.026353],[168.741084,-45.026367]]}},{"type":"Feature","properties":{"building_id":4730603,"kind":"ridge"},"geometry":{"type":"LineString","coordinates":[[168.741084,-45.026367],[168.741109,-45.02636]]}},{"type":"Feature","properties":{"building_id":4730603,"kind":"ridge"},"geometry":{"type":"LineString","coordinates":[[168.741109,-45.02636],[168.741115,-45.026364]]}},{"type":"Feature","properties":{"building_id":4730603,"kind":"ridge"},"geometry":{"type":"LineString","coordinates":[[168.741115,-45.026364],[168.741142,-45.026356]]}},{"type":"Feature","properties":{"building_id":4730603,"kind":"ridge"},"geometry":{"type":"LineString","coordinates":[[168.741142,-45.026356],[168.741164,-45.02632]]}},{"type":"Feature","properties":{"building_id":4730603,"kind":"ridge"},"geometry":{"type":"LineString","coordinates":[[168.741142,-45.026356],[168.741188,-45.026371]]}},{"type":"Feature","properties":{"building_id":4730603,"kind":"ridge"},"geometry":{"type":"LineString","coordinates":[[168.741048,-45.026353],[168.741029,-45.026308]]}},{"type":"Feature","properties":{"building_id":4730603,"kind":"ridge"},"geometry":{"type":"LineString","coordinates":[[168.741029,-45.026308],[168.741064,-45.026254]]}},{"type":"Feature","properties":{"building_id":4730603,"kind":"ridge"},"geometry":{"type":"LineString","coordinates":[[168.741029,-45.026308],[168.740954,-45.026285]]}},{"type":"Feature","properties":{"building_id":4730603,"kind":"ridge"},"geometry":{"type":"LineString","coordinates":[[168.741056,-45.026283],[168.741092,-45.026275]]}},{"type":"Feature","properties":{"building_id":4730603,"kind":"ridge"},"geometry":{"type":"LineString","coordinates":[[168.741092,-45.026275],[168.741108,-45.026255]]}},{"type":"Feature","properties":{"building_id":4730603,"kind":"ridge"},"geometry":{"type":"LineString","coordinates":[[168.741092,-45.026275],[168.741118,-45.026283]]}},{"type":"Feature","properties":{"building_id":4730603,"kind":"ridge"},"geometry":{"type":"LineString","coordinates":[[168.741077,-45.026318],[168.74109,-45.026299]]}},{"type":"Feature","properties":{"building_id":4730603,"kind":"ridge"},"geometry":{"type":"LineString","coordinates":[[168.741077,-45.026318],[168.741103,-45.026327]]}},{"type":"Feature","properties":{"building_id":4730603,"kind":"ridge"},"geometry":{"type":"LineString","coordinates":[[168.741115,-45.026364],[168.741093,-45.026393]]}},{"type":"Feature","properties":{"building_id":4730603,"kind":"valley"},"geometry":{"type":"LineString","coordinates":[[168.741109,-45.02636],[168.741086,-45.02639]]}},{"type":"Feature","properties":{"building_id":4730603,"kind":"valley"},"geometry":{"type":"LineString","coordinates":[[168.741042,-45.02636],[168.740976,-45.026336]]}},{"type":"Feature","properties":{"building_id":4730603,"kind":"valley"},"geometry":{"type":"LineString","coordinates":[[168.741056,-45.026283],[168.741088,-45.026295]]}},{"type":"Feature","properties":{"building_id":4730603,"kind":"valley"},"geometry":{"type":"LineString","coordinates":[[168.741056,-45.026283],[168.741071,-45.026261]]}},{"type":"Feature","properties":{"building_id":4730603,"kind":"valley"},"geometry":{"type":"LineString","coordinates":[[168.741084,-45.026367],[168.741106,-45.026333]]}},{"type":"Feature","properties":{"building_id":4732043,"kind":"cliff"},"geometry":{"type":"LineString","coordinates":[[168.787463,-44.968722],[168.787412,-44.968756]]}},{"type":"Feature","properties":{"building_id":4732043,"kind":"cliff"},"geometry":{"type":"LineString","coordinates":[[168.787436,-44.968832],[168.787499,-44.968785]]}},{"type":"Feature","properties":{"building_id":4732152,"kind":"ridge"},"geometry":{"type":"LineString","coordinates":[[168.716466,-45.016082],[168.716338,-45.016147]]}},{"type":"Feature","properties":{"building_id":4732152,"kind":"ridge"},"geometry":{"type":"LineString","coordinates":[[168.71632,-45.016121],[168.716194,-45.016186]]}},{"type":"Feature","properties":{"building_id":4732152,"kind":"cliff"},"geometry":{"type":"LineString","coordinates":[[168.716338,-45.016147],[168.716328,-45.016139]]}},{"type":"Feature","properties":{"building_id":4732152,"kind":"cliff"},"geometry":{"type":"LineString","coordinates":[[168.716338,-45.016147],[168.71636,-45.016173]]}},{"type":"Feature","properties":{"building_id":4732152,"kind":"cliff"},"geometry":{"type":"LineString","coordinates":[[168.716227,-45.016221],[168.716194,-45.016186]]}},{"type":"Feature","properties":{"building_id":4732152,"kind":"cliff"},"geometry":{"type":"LineString","coordinates":[[168.716194,-45.016186],[168.716154,-45.016154]]}},{"type":"Feature","properties":{"building_id":4732152,"kind":"cliff"},"geometry":{"type":"LineString","coordinates":[[168.716283,-45.016091],[168.71632,-45.016121]]}},{"type":"Feature","properties":{"building_id":4732152,"kind":"cliff"},"geometry":{"type":"LineString","coordinates":[[168.71632,-45.016121],[168.716334,-45.016134]]}},{"type":"Feature","properties":{"building_id":4732152,"kind":"cliff"},"geometry":{"type":"LineString","coordinates":[[168.716233,-45.016196],[168.716245,-45.016191]]}},{"type":"Feature","properties":{"building_id":4732152,"kind":"cliff"},"geometry":{"type":"LineString","coordinates":[[168.716245,-45.016191],[168.716254,-45.016185]]}},{"type":"Feature","properties":{"building_id":4732152,"kind":"cliff"},"geometry":{"type":"LineString","coordinates":[[168.716254,-45.016185],[168.716248,-45.016178]]}},{"type":"Feature","properties":{"building_id":4732152,"kind":"cliff"},"geometry":{"type":"LineString","coordinates":[[168.716233,-45.016196],[168.716226,-45.01619]]}},{"type":"Feature","properties":{"building_id":4732152,"kind":"cliff"},"geometry":{"type":"LineString","coordinates":[[168.716189,-45.016156],[168.716194,-45.016162]]}},{"type":"Feature","properties":{"building_id":4732152,"kind":"cliff"},"geometry":{"type":"LineString","coordinates":[[168.716189,-45.016156],[168.716203,-45.016151]]}},{"type":"Feature","properties":{"building_id":4732152,"kind":"cliff"},"geometry":{"type":"LineString","coordinates":[[168.716203,-45.016151],[168.716211,-45.016144]]}},{"type":"Feature","properties":{"building_id":4732152,"kind":"cliff"},"geometry":{"type":"LineString","coordinates":[[168.716211,-45.016144],[168.716218,-45.016151]]}},{"type":"Feature","properties":{"building_id":4732152,"kind":"cliff"},"geometry":{"type":"LineString","coordinates":[[168.716236,-45.016145],[168.716226,-45.016135]]}},{"type":"Feature","properties":{"building_id":4732152,"kind":"cliff"},"geometry":{"type":"LineString","coordinates":[[168.716226,-45.016135],[168.716237,-45.016128]]}},{"type":"Feature","properties":{"building_id":4732152,"kind":"cliff"},"geometry":{"type":"LineString","coordinates":[[168.716237,-45.016128],[168.716248,-45.016139]]}},{"type":"Feature","properties":{"building_id":4732152,"kind":"cliff"},"geometry":{"type":"LineString","coordinates":[[168.716253,-45.016123],[168.71626,-45.016129]]}},{"type":"Feature","properties":{"building_id":4732152,"kind":"cliff"},"geometry":{"type":"LineString","coordinates":[[168.716253,-45.016123],[168.716266,-45.016117]]}},{"type":"Feature","properties":{"building_id":4732152,"kind":"cliff"},"geometry":{"type":"LineString","coordinates":[[168.716266,-45.016117],[168.716275,-45.016112]]}},{"type":"Feature","properties":{"building_id":4732152,"kind":"cliff"},"geometry":{"type":"LineString","coordinates":[[168.716275,-45.016112],[168.716283,-45.016118]]}},{"type":"Feature","properties":{"building_id":4732152,"kind":"cliff"},"geometry":{"type":"LineString","coordinates":[[168.716339,-45.016124],[168.71633,-45.016117]]}},{"type":"Feature","properties":{"building_id":4732152,"kind":"cliff"},"geometry":{"type":"LineString","coordinates":[[168.71633,-45.016117],[168.716345,-45.016112]]}},{"type":"Feature","properties":{"building_id":4732152,"kind":"cliff"},"geometry":{"type":"LineString","coordinates":[[168.716345,-45.016112],[168.716355,-45.016104]]}},{"type":"Feature","properties":{"building_id":4732152,"kind":"cliff"},"geometry":{"type":"LineString","coordinates":[[168.716355,-45.016104],[168.716365,-45.016112]]}},{"type":"Feature","properties":{"building_id":4732152,"kind":"cliff"},"geometry":{"type":"LineString","coordinates":[[168.716372,-45.016112],[168.716358,-45.0161]]}},{"type":"Feature","properties":{"building_id":4732152,"kind":"cliff"},"geometry":{"type":"LineString","coordinates":[[168.716358,-45.0161],[168.716391,-45.016083]]}},{"type":"Feature","properties":{"building_id":4732152,"kind":"cliff"},"geometry":{"type":"LineString","coordinates":[[168.716391,-45.016083],[168.716403,-45.016095]]}},{"type":"Feature","properties":{"building_id":4732152,"kind":"cliff"},"geometry":{"type":"LineString","coordinates":[[168.716397,-45.016084],[168.716402,-45.016089]]}},{"type":"Feature","properties":{"building_id":4732152,"kind":"cliff"},"geometry":{"type":"LineString","coordinates":[[168.716397,-45.016084],[168.716409,-45.016078]]}},{"type":"Feature","properties":{"building_id":4732152,"kind":"cliff"},"geometry":{"type":"LineString","coordinates":[[168.716409,-45.016078],[168.71642,-45.016071]]}},{"type":"Feature","properties":{"building_id":4732152,"kind":"cliff"},"geometry":{"type":"LineString","coordinates":[[168.71642,-45.016071],[168.716427,-45.016076]]}},{"type":"Feature","properties":{"building_id":4732152,"kind":"cliff"},"geometry":{"type":"LineString","coordinates":[[168.716435,-45.016117],[168.71644,-45.016121]]}},{"type":"Feature","properties":{"building_id":4732152,"kind":"cliff"},"geometry":{"type":"LineString","coordinates":[[168.71644,-45.016121],[168.716456,-45.016118]]}},{"type":"Feature","properties":{"building_id":4732152,"kind":"cliff"},"geometry":{"type":"LineString","coordinates":[[168.716456,-45.016118],[168.716466,-45.016112]]}},{"type":"Feature","properties":{"building_id":4732152,"kind":"cliff"},"geometry":{"type":"LineString","coordinates":[[168.716466,-45.016112],[168.716459,-45.016106]]}},{"type":"Feature","properties":{"building_id":4732152,"kind":"cliff"},"geometry":{"type":"LineString","coordinates":[[168.716369,-45.016153],[168.716374,-45.016158]]}},{"type":"Feature","properties":{"building_id":4732152,"kind":"cliff"},"geometry":{"type":"LineString","coordinates":[[168.716374,-45.016158],[168.716388,-45.016152]]}},{"type":"Feature","properties":{"building_id":4732152,"kind":"cliff"},"geometry":{"type":"LineString","coordinates":[[168.716388,-45.016152],[168.716398,-45.016146]]}},{"type":"Feature","properties":{"building_id":4732152,"kind":"cliff"},"geometry":{"type":"LineString","coordinates":[[168.716398,-45.016146],[168.716393,-45.01614]]}},{"type":"Feature","properties":{"building_id":4732152,"kind":"cliff"},"geometry":{"type":"LineString","coordinates":[[168.71643,-45.016153],[168.716422,-45.016145]]}},{"type":"Feature","properties":{"building_id":4732152,"kind":"cliff"},"geometry":{"type":"LineString","coordinates":[[168.716422,-45.016145],[168.71636,-45.016173]]}},{"type":"Feature","properties":{"building_id":4732152,"kind":"cliff"},"geometry":{"type":"LineString","coordinates":[[168.716466,-45.016082],[168.716499,-45.016119]]}},{"type":"Feature","properties":{"building_id":4732152,"kind":"cliff"},"geometry":{"type":"LineString","coordinates":[[168.716466,-45.016082],[168.716428,-45.016053]]}},{"type":"Feature","properties":{"building_id":4732152,"kind":"cliff"},"geometry":{"type":"LineString","coordinates":[[168.71629,-45.016157],[168.716295,-45.016162]]}},{"type":"Feature","properties":{"building_id":4732152,"kind":"cliff"},"geometry":{"type":"LineString","coordinates":[[168.716295,-45.016162],[168.716308,-45.016157]]}},{"type":"Feature","properties":{"building_id":4732152,"kind":"cliff"},"geometry":{"type":"LineString","coordinates":[[168.716308,-45.016157],[168.716318,-45.016151]]}},{"type":"Feature","properties":{"building_id":4732152,"kind":"cliff"},"geometry":{"type":"LineString","coordinates":[[168.716318,-45.016151],[168.716312,-45.016145]]}},{"type":"Feature","properties":{"building_id":4732152,"kind":"valley"},"geometry":{"type":"LineString","coordinates":[[168.716229,-45.016176],[168.716226,-45.01619]]}},{"type":"Feature","properties":{"building_id":4732152,"kind":"valley"},"geometry":{"type":"LineString","coordinates":[[168.716229,-45.016176],[168.716248,-45.016178]]}},{"type":"Feature","properties":{"building_id":4732152,"kind":"ridge"},"geometry":{"type":"LineString","coordinates":[[168.716229,-45.016176],[168.716245,-45.016191]]}},{"type":"Feature","properties":{"building_id":4732152,"kind":"ridge"},"geometry":{"type":"LineString","coordinates":[[168.716293,-45.016141],[168.716308,-45.016157]]}},{"type":"Feature","properties":{"building_id":4732152,"kind":"ridge"},"geometry":{"type":"LineString","coordinates":[[168.716218,-45.016164],[168.716203,-45.016151]]}},{"type":"Feature","properties":{"building_id":4732152,"kind":"ridge"},"geometry":{"type":"LineString","coordinates":[[168.716283,-45.016133],[168.716266,-45.016117]]}},{"type":"Feature","properties":{"building_id":4732152,"kind":"valley"},"geometry":{"type":"LineString","coordinates":[[168.716194,-45.016162],[168.716218,-45.016164]]}},{"type":"Feature","properties":{"building_id":4732152,"kind":"valley"},"geometry":{"type":"LineString","coordinates":[[168.716218,-45.016164],[168.716218,-45.016151]]}},{"type":"Feature","properties":{"building_id":4732152,"kind":"valley"},"geometry":{"type":"LineString","coordinates":[[168.716236,-45.016145],[168.716248,-45.016139]]}},{"type":"Feature","properties":{"building_id":4732152,"kind":"valley"},"geometry":{"type":"LineString","coordinates":[[168.71626,-45.016129],[168.716283,-45.016133]]}},{"type":"Feature","properties":{"building_id":4732152,"kind":"valley"},"geometry":{"type":"LineString","coordinates":[[168.716283,-45.016133],[168.716283,-45.016118]]}},{"type":"Feature","properties":{"building_id":4732152,"kind":"valley"},"geometry":{"type":"LineString","coordinates":[[168.71629,-45.016157],[168.716293,-45.016141]]}},{"type":"Feature","properties":{"building_id":4732152,"kind":"valley"},"geometry":{"type":"LineString","coordinates":[[168.716293,-45.016141],[168.716312,-45.016145]]}},{"type":"Feature","properties":{"building_id":4732152,"kind":"valley"},"geometry":{"type":"LineString","coordinates":[[168.716369,-45.016153],[168.716373,-45.016137]]}},{"type":"Feature","properties":{"building_id":4732152,"kind":"valley"},"geometry":{"type":"LineString","coordinates":[[168.716373,-45.016137],[168.716393,-45.01614]]}},{"type":"Feature","properties":{"building_id":4732152,"kind":"ridge"},"geometry":{"type":"LineString","coordinates":[[168.716373,-45.016137],[168.716388,-45.016152]]}},{"type":"Feature","properties":{"building_id":4732152,"kind":"ridge"},"geometry":{"type":"LineString","coordinates":[[168.716362,-45.016127],[168.716345,-45.016112]]}},{"type":"Feature","properties":{"building_id":4732152,"kind":"valley"},"geometry":{"type":"LineString","coordinates":[[168.716339,-45.016124],[168.716362,-45.016127]]}},{"type":"Feature","properties":{"building_id":4732152,"kind":"valley"},"geometry":{"type":"LineString","coordinates":[[168.716362,-45.016127],[168.716365,-45.016112]]}},{"type":"Feature","properties":{"building_id":4732152,"kind":"valley"},"geometry":{"type":"LineString","coordinates":[[168.716435,-45.016117],[168.716439,-45.016103]]}},{"type":"Feature","properties":{"building_id":4732152,"kind":"valley"},"geometry":{"type":"LineString","coordinates":[[168.716439,-45.016103],[168.716459,-45.016106]]}},{"type":"Feature","properties":{"building_id":4732152,"kind":"valley"},"geometry":{"type":"LineString","coordinates":[[168.716402,-45.016089],[168.716429,-45.016093]]}},{"type":"Feature","properties":{"building_id":4732152,"kind":"valley"},"geometry":{"type":"LineString","coordinates":[[168.716429,-45.016093],[168.716427,-45.016076]]}},{"type":"Feature","properties":{"building_id":4732152,"kind":"ridge"},"geometry":{"type":"LineString","coordinates":[[168.716439,-45.016103],[168.716456,-45.016118]]}},{"type":"Feature","properties":{"building_id":4732152,"kind":"ridge"},"geometry":{"type":"LineString","coordinates":[[168.716429,-45.016093],[168.716409,-45.016078]]}},{"type":"Feature","properties":{"building_id":4732152,"kind":"valley"},"geometry":{"type":"LineString","coordinates":[[168.716372,-45.016112],[168.716403,-45.016095]]}},{"type":"Feature","properties":{"building_id":4734685,"kind":"cliff"},"geometry":{"type":"LineString","coordinates":[[168.665728,-45.032397],[168.665758,-45.032398]]}},{"type":"Feature","properties":{"building_id":4734685,"kind":"cliff"},"geometry":{"type":"LineString","coordinates":[[168.665758,-45.032398],[168.665759,-45.032378]]}},{"type":"Feature","properties":{"building_id":4734685,"kind":"cliff"},"geometry":{"type":"LineString","coordinates":[[168.665592,-45.032496],[168.665619,-45.032496]]}},{"type":"Feature","properties":{"building_id":4734685,"kind":"cliff"},"geometry":{"type":"LineString","coordinates":[[168.665619,-45.032496],[168.66562,-45.032475]]}},{"type":"Feature","properties":{"building_id":4734685,"kind":"cliff"},"geometry":{"type":"LineString","coordinates":[[168.665901,-45.032499],[168.665902,-45.03252]]}},{"type":"Feature","properties":{"building_id":4734685,"kind":"cliff"},"geometry":{"type":"LineString","coordinates":[[168.665901,-45.032499],[168.665933,-45.032501]]}},{"type":"Feature","properties":{"building_id":4734685,"kind":"cliff"},"geometry":{"type":"LineString","coordinates":[[168.665934,-45.032447],[168.665933,-45.032464]]}},{"type":"Feature","properties":{"building_id":4734685,"kind":"cliff"},"geometry":{"type":"LineString","coordinates":[[168.665934,-45.032447],[168.66597,-45.032447]]}},{"type":"Feature","properties":{"building_id":4734685,"kind":"cliff"},"geometry":{"type":"LineString","coordinates":[[168.66597,-45.032447],[168.665973,-45.032464]]}},{"type":"Feature","properties":{"building_id":4734685,"kind":"cliff"},"geometry":{"type":"LineString","coordinates":[[168.665798,-45.032556],[168.665798,-45.032507]]}},{"type":"Feature","properties":{"building_id":4734685,"kind":"cliff"},"geometry":{"type":"LineString","coordinates":[[168.665798,-45.032507],[168.665807,-45.032507]]}},{"type":"Feature","properties":{"building_id":4734685,"kind":"cliff"},"geometry":{"type":"LineString","coordinates":[[168.665807,-45.032507],[168.665808,-45.032556]]}},{"type":"Feature","properties":{"building_id":4734685,"kind":"cliff"},"geometry":{"type":"LineString","coordinates":[[168.665808,-45.032538],[168.665846,-45.032538]]}},{"type":"Feature","properties":{"building_id":4734685,"kind":"cliff"},"geometry":{"type":"LineString","coordinates":[[168.665846,-45.032538],[168.665846,-45.032556]]}},{"type":"Feature","properties":{"building_id":4734685,"kind":"cliff"},"geometry":{"type":"LineString","coordinates":[[168.665761,-45.032619],[168.665761,-45.032601]]}},{"type":"Feature","properties":{"building_id":4734685,"kind":"cliff"},"geometry":{"type":"LineString","coordinates":[[168.665761,-45.032601],[168.665798,-45.0326]]}},{"type":"Feature","properties":{"building_id":4734685,"kind":"cliff"},"geometry":{"type":"LineString","coordinates":[[168.665708,-45.032654],[168.665707,-45.032635]]}},{"type":"Feature","properties":{"building_id":4734685,"kind":"cliff"},"geometry":{"type":"LineString","coordinates":[[168.665707,-45.032635],[168.665671,-45.032636]]}},{"type":"Feature","properties":{"building_id":4734685,"kind":"cliff"},"geometry":{"type":"LineString","coordinates":[[168.665671,-45.032636],[168.66567,-45.032654]]}},{"type":"Feature","properties":{"building_id":4734685,"kind":"cliff"},"geometry":{"type":"LineString","coordinates":[[168.665636,-45.032708],[168.665636,-45.03269]]}},{"type":"Feature","properties":{"building_id":4734685,"kind":"cliff"},"geometry":{"type":"LineString","coordinates":[[168.665636,-45.03269],[168.66567,-45.03269]]}},{"type":"Feature","properties":{"building_id":4734685,"kind":"cliff"},"geometry":{"type":"LineString","coordinates":[[168.66558,-45.032741],[168.665581,-45.032725]]}},{"type":"Feature","properties":{"building_id":4734685,"kind":"cliff"},"geometry":{"type":"LineString","coordinates":[[168.665581,-45.032725],[168.665547,-45.032725]]}},{"type":"Feature","properties":{"building_id":4734685,"kind":"cliff"},"geometry":{"type":"LineString","coordinates":[[168.665547,-45.032725],[168.665544,-45.032741]]}},{"type":"Feature","properties":{"building_id":4734685,"kind":"cliff"},"geometry":{"type":"LineString","coordinates":[[168.66551,-45.032797],[168.665511,-45.032779]]}},{"type":"Feature","properties":{"building_id":4734685,"kind":"cliff"},"geometry":{"type":"LineString","coordinates":[[168.665511,-45.032779],[168.665544,-45.032779]]}},{"type":"Feature","properties":{"building_id":4734685,"kind":"cliff"},"geometry":{"type":"LineString","coordinates":[[168.665455,-45.032828],[168.665418,-45.032829]]}},{"type":"Feature","properties":{"building_id":4734685,"kind":"cliff"},"geometry":{"type":"LineString","coordinates":[[168.665418,-45.032829],[168.665416,-45.032812]]}},{"type":"Feature","properties":{"building_id":4734685,"kind":"cliff"},"geometry":{"type":"LineString","coordinates":[[168.665291,-45.032712],[168.665314,-45.032712]]}},{"type":"Feature","properties":{"building_id":4734685,"kind":"cliff"},"geometry":{"type":"LineString","coordinates":[[168.665314,-45.032712],[168.665313,-45.032739]]}},{"type":"Feature","properties":{"building_id":4734685,"kind":"cliff"},"geometry":{"type":"LineString","coordinates":[[168.665335,-45.032676],[168.665365,-45.032675]]}},{"type":"Feature","properties":{"building_id":4734685,"kind":"cliff"},"geometry":{"type":"LineString","coordinates":[[168.665365,-45.032675],[168.665364,-45.03265]]}},{"type":"Feature","properties":{"building_id":4734685,"kind":"cliff"},"geometry":{"type":"LineString","coordinates":[[168.665465,-45.032586],[168.665493,-45.032585]]}},{"type":"Feature","properties":{"building_id":4734685,"kind":"cliff"},"geometry":{"type":"LineString","coordinates":[[168.665493,-45.032585],[168.665493,-45.032563]]}},{"type":"Feature","properties":{"building_id":4734685,"kind":"cliff"},"geometry":{"type":"LineString","coordinates":[[168.665884,-45.032287],[168.665883,-45.032308]]}},{"type":"Feature","properties":{"building_id":4734685,"kind":"cliff"},"geometry":{"type":"LineString","coordinates":[[168.665883,-45.032308],[168.665858,-45.032309]]}},{"type":"Feature","properties":{"building_id":4734685,"kind":"cliff"},"geometry":{"type":"LineString","coordinates":[[168.66571,-45.032462],[168.66572,-45.032463]]}},{"type":"Feature","properties":{"building_id":4734685,"kind":"cliff"},"geometry":{"type":"LineString","coordinates":[[168.665719,-45.032473],[168.665709,-45.032472]]}},{"type":"Feature","properties":{"building_id":4734685,"kind":"cliff"},"geometry":{"type":"LineString","coordinates":[[168.665719,-45.032473],[168.66572,-45.032463]]}},{"type":"Feature","properties":{"building_id":4734685,"kind":"cliff"},"geometry":{"type":"LineString","coordinates":[[168.665729,-45.032479],[168.665728,-45.032505]]}},{"type":"Feature","properties":{"building_id":4734685,"kind":"cliff"},"geometry":{"type":"LineString","coordinates":[[168.665728,-45.032505],[168.665743,-45.032518]]}},{"type":"Feature","properties":{"building_id":4734685,"kind":"cliff"},"geometry":{"type":"LineString","coordinates":[[168.665743,-45.032518],[168.665798,-45.032518]]}},{"type":"Feature","properties":{"building_id":4734685,"kind":"cliff"},"geometry":{"type":"LineString","coordinates":[[168.665566,-45.032563],[168.665639,-45.032564]]}},{"type":"Feature","properties":{"building_id":4734685,"kind":"cliff"},"geometry":{"type":"LineString","coordinates":[[168.665639,-45.032564],[168.665612,-45.032588]]}},{"type":"Feature","properties":{"building_id":4734685,"kind":"cliff"},"geometry":{"type":"LineString","coordinates":[[168.665612,-45.032588],[168.665629,-45.032602]]}},{"type":"Feature","properties":{"building_id":4734685,"kind":"cliff"},"geometry":{"type":"LineString","coordinates":[[168.665629,-45.032602],[168.665662,-45.032582]]}},{"type":"Feature","properties":{"building_id":4734685,"kind":"cliff"},"geometry":{"type":"LineString","coordinates":[[168.665441,-45.03265],[168.66552,-45.032652]]}},{"type":"Feature","properties":{"building_id":4734685,"kind":"cliff"},"geometry":{"type":"LineString","coordinates":[[168.66552,-45.032652],[168.665487,-45.032676]]}},{"type":"Feature","properties":{"building_id":4734685,"kind":"cliff"},"geometry":{"type":"LineString","coordinates":[[168.665487,-45.032676],[168.665506,-45.03269]]}},{"type":"Feature","properties":{"building_id":4734685,"kind":"cliff"},"geometry":{"type":"LineString","coordinates":[[168.665506,-45.03269],[168.66554,-45.032667]]}},{"type":"Feature","properties":{"building_id":4734685,"kind":"cliff"},"geometry":{"type":"LineString","coordinates":[[168.66554,-45.032667],[168.665539,-45.032723]]}},{"type":"Feature","properties":{"building_id":4734685,"kind":"cliff"},"geometry":{"type":"LineString","coordinates":[[168.665909,-45.032376],[168.665877,-45.032399]]}},{"type":"Feature","properties":{"building_id":4734685,"kind":"cliff"},"geometry":{"type":"LineString","coordinates":[[168.665877,-45.032399],[168.665897,-45.032413]]}},{"type":"Feature","properties":{"building_id":4734685,"kind":"cliff"},"geometry":{"type":"LineString","coordinates":[[168.665897,-45.032413],[168.66593,-45.032392]]}},{"type":"Feature","properties":{"building_id":4734685,"kind":"cliff"},"geometry":{"type":"LineString","coordinates":[[168.66593,-45.032392],[168.66593,-45.032444]]}},{"type":"Feature","properties":{"building_id":4734685,"kind":"cliff"},"geometry":{"type":"LineString","coordinates":[[168.665763,-45.032498],[168.665762,-45.032518]]}},{"type":"Feature","properties":{"building_id":4734685,"kind":"cliff"},"geometry":{"type":"LineString","coordinates":[[168.665763,-45.032498],[168.665795,-45.032496]]}},{"type":"Feature","properties":{"building_id":4734685,"kind":"cliff"},"geometry":{"type":"LineString","coordinates":[[168.665795,-45.032496],[168.665794,-45.032518]]}},{"type":"Feature","properties":{"building_id":4734685,"kind":"cliff"},"geometry":{"type":"LineString","coordinates":[[168.665315,-45.032682],[168.665314,-45.032712]]}},{"type":"Feature","properties":{"building_id":4734685,"kind":"cliff"},"geometry":{"type":"LineString","coordinates":[[168.665707,-45.032635],[168.665748,-45.032635]]}},{"type":"Feature","properties":{"building_id":4734685,"kind":"cliff"},"geometry":{"type":"LineString","coordinates":[[168.665567,-45.032507],[168.665566,-45.032534]]}},{"type":"Feature","properties":{"building_id":4734685,"kind":"cliff"},"geometry":{"type":"LineString","coordinates":[[168.665441,-45.032599],[168.665441,-45.032623]]}},{"type":"Feature","properties":{"building_id":4734685,"kind":"cliff"},"geometry":{"type":"LineString","coordinates":[[168.665834,-45.032319],[168.665834,-45.032347]]}},{"type":"Feature","properties":{"building_id":4734685,"kind":"cliff"},"geometry":{"type":"LineString","coordinates":[[168.66597,-45.032448],[168.666014,-45.032448]]}},{"type":"Feature","properties":{"building_id":4734685,"kind":"cliff"},"geometry":{"type":"LineString","coordinates":[[168.666028,-45.032432],[168.666028,-45.032412]]}},{"type":"Feature","properties":{"building_id":4734685,"kind":"cliff"},"geometry":{"type":"LineString","coordinates":[[168.666028,-45.032412],[168.666062,-45.032413]]}},{"type":"Feature","properties":{"building_id":4734685,"kind":"cliff"},"geometry":{"type":"LineString","coordinates":[[168.665581,-45.032725],[168.665622,-45.032725]]}},{"type":"Feature","properties":{"building_id":4734685,"kind":"cliff"},"geometry":{"type":"LineString","coordinates":[[168.665455,-45.032812],[168.665496,-45.032814]]}},{"type":"Feature","properties":{"building_id":4734685,"kind":"cliff"},"geometry":{"type":"LineString","coordinates":[[168.665662,-45.032582],[168.665671,-45.032636]]}},{"type":"Feature","properties":{"building_id":4734685,"kind":"cliff"},"geometry":{"type":"LineString","coordinates":[[168.665729,-45.032479],[168.665728,-45.032474]]}},{"type":"Feature","properties":{"building_id":4734685,"kind":"cliff"},"geometry":{"type":"LineString","coordinates":[[168.665728,-45.032474],[168.665719,-45.032473]]}},{"type":"Feature","properties":{"building_id":4734685,"kind":"cliff"},"geometry":{"type":"LineString","coordinates":[[168.66593,-45.032444],[168.665934,-45.032447]]}},{"type":"Feature","properties":{"building_id":4734685,"kind":"cliff"},"geometry":{"type":"LineString","coordinates":[[168.665909,-45.032376],[168.665829,-45.032376]]}},{"type":"Feature","properties":{"building_id":4734685,"kind":"cliff"},"geometry":{"type":"LineString","coordinates":[[168.665834,-45.032347],[168.665829,-45.032347]]}},{"type":"Feature","properties":{"building_id":4734685,"kind":"cliff"},"geometry":{"type":"LineString","coordinates":[[168.665705,-45.032436],[168.665704,-45.032407]]}},{"type":"Feature","properties":{"building_id":4734685,"kind":"cliff"},"geometry":{"type":"LineString","coordinates":[[168.665539,-45.032723],[168.665547,-45.032725]]}},{"type":"Feature","properties":{"building_id":4735242,"kind":"ridge"},"geometry":{"type":"LineString","coordinates":[[168.661717,-45.03262],[168.661669,-45.032587]]}},{"type":"Feature","properties":{"building_id":4735242,"kind":"ridge"},"geometry":{"type":"LineString","coordinates":[[168.661457,-45.032436],[168.661498,-45.032465]]}},{"type":"Feature","properties":{"building_id":4735242,"kind":"ridge"},"geometry":{"type":"LineString","coordinates":[[168.66186,-45.032519],[168.661811,-45.032485]]}},{"type":"Feature","properties":{"building_id":4735242,"kind":"ridge"},"geometry":{"type":"LineString","coordinates":[[168.661601,-45.032335],[168.661643,-45.032364]]}},{"type":"Feature","properties":{"building_id":4735242,"kind":"valley"},"geometry":{"type":"LineString","coordinates":[[168.661487,-45.032433],[168.66152,-45.032457]]}},{"type":"Feature","properties":{"building_id":4735242,"kind":"valley"},"geometry":{"type":"LineString","coordinates":[[168.661454,-45.032459],[168.661518,-45.032504]]}},{"type":"Feature","properties":{"building_id":4735242,"kind":"valley"},"geometry":{"type":"LineString","coordinates":[[168.661764,-45.032476],[168.661826,-45.03252]]}},{"type":"Feature","properties":{"building_id":4735242,"kind":"valley"},"geometry":{"type":"LineString","coordinates":[[168.661858,-45.032496],[168.661795,-45.032451]]}},{"type":"Feature","properties":{"building_id":4735242,"kind":"cliff"},"geometry":{"type":"LineString","coordinates":[[168.661858,-45.032496],[168.661882,-45.032481]]}},{"type":"Feature","properties":{"building_id":4735242,"kind":"cliff"},"geometry":{"type":"LineString","coordinates":[[168.661826,-45.03252],[168.661815,-45.032529]]}},{"type":"Feature","properties":{"building_id":4735242,"kind":"cliff"},"geometry":{"type":"LineString","coordinates":[[168.661804,-45.032537],[168.661785,-45.032524]]}},{"type":"Feature","properties":{"building_id":4735242,"kind":"cliff"},"geometry":{"type":"LineString","coordinates":[[168.661785,-45.032524],[168.661719,-45.032569]]}},{"type":"Feature","properties":{"building_id":4735242,"kind":"cliff"},"geometry":{"type":"LineString","coordinates":[[168.661719,-45.032569],[168.661738,-45.032583]]}},{"type":"Feature","properties":{"building_id":4735242,"kind":"cliff"},"geometry":{"type":"LineString","coordinates":[[168.661718,-45.032596],[168.661738,-45.032583]]}},{"type":"Feature","properties":{"building_id":4735242,"kind":"cliff"},"geometry":{"type":"LineString","coordinates":[[168.661686,-45.032621],[168.661662,-45.032637]]}},{"type":"Feature","properties":{"building_id":4735242,"kind":"valley"},"geometry":{"type":"LineString","coordinates":[[168.661686,-45.032621],[168.661646,-45.032595]]}},{"type":"Feature","properties":{"building_id":4735242,"kind":"valley"},"geometry":{"type":"LineString","coordinates":[[168.661718,-45.032596],[168.661683,-45.032572]]}},{"type":"Feature","properties":{"building_id":4735242,"kind":"cliff"},"geometry":{"type":"LineString","coordinates":[[168.661457,-45.032436],[168.661435,-45.032455]]}},{"type":"Feature","properties":{"building_id":4735242,"kind":"cliff"},"geometry":{"type":"LineString","coordinates":[[168.661435,-45.032455],[168.661445,-45.032462]]}},{"type":"Feature","properties":{"building_id":4735242,"kind":"cliff"},"geometry":{"type":"LineString","coordinates":[[168.661445,-45.032462],[168.661452,-45.032456]]}},{"type":"Feature","properties":{"building_id":4735242,"kind":"cliff"},"geometry":{"type":"LineString","coordinates":[[168.661499,-45.032425],[168.661487,-45.032433]]}},{"type":"Feature","properties":{"building_id":4735242,"kind":"cliff"},"geometry":{"type":"LineString","coordinates":[[168.661499,-45.032425],[168.661488,-45.032419]]}},{"type":"Feature","properties":{"building_id":4735242,"kind":"cliff"},"geometry":{"type":"LineString","coordinates":[[168.661488,-45.032419],[168.661457,-45.032436]]}},{"type":"Feature","properties":{"building_id":4735242,"kind":"cliff"},"geometry":{"type":"LineString","coordinates":[[168.661601,-45.032335],[168.661573,-45.032358]]}},{"type":"Feature","properties":{"building_id":4735242,"kind":"cliff"},"geometry":{"type":"LineString","coordinates":[[168.661573,-45.032358],[168.661581,-45.032364]]}},{"type":"Feature","properties":{"building_id":4735242,"kind":"cliff"},"geometry":{"type":"LineString","coordinates":[[168.661581,-45.032364],[168.661592,-45.032355]]}},{"type":"Feature","properties":{"building_id":4735242,"kind":"cliff"},"geometry":{"type":"LineString","coordinates":[[168.661601,-45.032335],[168.661632,-45.032318]]}},{"type":"Feature","properties":{"building_id":4735242,"kind":"cliff"},"geometry":{"type":"LineString","coordinates":[[168.661632,-45.032318],[168.661643,-45.032325]]}},{"type":"Feature","properties":{"building_id":4735242,"kind":"cliff"},"geometry":{"type":"LineString","coordinates":[[168.661643,-45.032325],[168.661632,-45.032334]]}},{"type":"Feature","properties":{"building_id":4735242,"kind":"cliff"},"geometry":{"type":"LineString","coordinates":[[168.661921,-45.032457],[168.661899,-45.032442]]}},{"type":"Feature","properties":{"building_id":4735242,"kind":"cliff"},"geometry":{"type":"LineString","coordinates":[[168.661899,-45.032442],[168.661865,-45.032467]]}},{"type":"Feature","properties":{"building_id":4735242,"kind":"cliff"},"geometry":{"type":"LineString","coordinates":[[168.661865,-45.032467],[168.661882,-45.032481]]}},{"type":"Feature","properties":{"building_id":4735249,"kind":"valley"},"geometry":{"type":"LineString","coordinates":[[168.662224,-45.024544],[168.662206,-45.024635]]}},{"type":"Feature","properties":{"building_id":4735249,"kind":"cliff"},"geometry":{"type":"LineString","coordinates":[[168.662153,-45.02463],[168.662255,-45.024642]]}},{"type":"Feature","properties":{"building_id":4735249,"kind":"cliff"},"geometry":{"type":"LineString","coordinates":[[168.662255,-45.024642],[168.662238,-45.024717]]}},{"type":"Feature","properties":{"building_id":4735249,"kind":"cliff"},"geometry":{"type":"LineString","coordinates":[[168.662238,-45.024717],[168.662133,-45.024706]]}},{"type":"Feature","properties":{"building_id":4735249,"kind":"cliff"},"geometry":{"type":"LineString","coordinates":[[168.662133,-45.024706],[168.662153,-45.02463]]}},{"type":"Feature","properties":{"building_id":4735249,"kind":"cliff"},"geometry":{"type":"LineString","coordinates":[[168.662088,-45.024842],[168.662103,-45.024795]]}},{"type":"Feature","properties":{"building_id":4735249,"kind":"cliff"},"geometry":{"type":"LineString","coordinates":[[168.662103,-45.024795],[168.662132,-45.024799]]}},{"type":"Feature","properties":{"building_id":4735249,"kind":"cliff"},"geometry":{"type":"LineString","coordinates":[[168.662132,-45.024799],[168.662135,-45.024782]]}},{"type":"Feature","properties":{"building_id":4735249,"kind":"cliff"},"geometry":{"type":"LineString","coordinates":[[168.662135,-45.024782],[168.662107,-45.02478]]}},{"type":"Feature","properties":{"building_id":4735249,"kind":"cliff"},"geometry":{"type":"LineString","coordinates":[[168.662132,-45.024799],[168.66218,-45.024803]]}},{"type":"Feature","properties":{"building_id":4735249,"kind":"cliff"},"geometry":{"type":"LineString","coordinates":[[168.66218,-45.024803],[168.662183,-45.024786]]}},{"type":"Feature","properties":{"building_id":4735249,"kind":"cliff"},"geometry":{"type":"LineString","coordinates":[[168.662183,-45.024786],[168.662135,-45.024782]]}},{"type":"Feature","properties":{"building_id":4741338,"kind":"cliff"},"geometry":{"type":"LineString","coordinates":[[168.682722,-45.045518],[168.682922,-45.04548]]}},{"type":"Feature","properties":{"building_id":4741338,"kind":"cliff"},"geometry":{"type":"LineString","coordinates":[[168.682767,-45.045631],[168.682966,-45.045591]]}},{"type":"Feature","properties":{"building_id":4741338,"kind":"cliff"},"geometry":{"type":"LineString","coordinates":[[168.682786,-45.045678],[168.682906,-45.045651]]}},{"type":"Feature","properties":{"building_id":4742760,"kind":"ridge"},"geometry":{"type":"LineString","coordinates":[[168.792002,-45.001739],[168.792068,-45.001736]]}},{"type":"Feature","properties":{"building_id":4742760,"kind":"ridge"},"geometry":{"type":"LineString","coordinates":[[168.792068,-45.001736],[168.792079,-45.001726]]}},{"type":"Feature","properties":{"building_id":4742760,"kind":"ridge"},"geometry":{"type":"LineString","coordinates":[[168.792079,-45.001726],[168.792094,-45.001734]]}},{"type":"Feature","properties":{"building_id":4742760,"kind":"ridge"},"geometry":{"type":"LineString","coordinates":[[168.792094,-45.001734],[168.79212,-45.001732]]}},{"type":"Feature","properties":{"building_id":4742760,"kind":"ridge"},"geometry":{"type":"LineString","coordinates":[[168.792079,-45.001726],[168.792065,-45.001616]]}},{"type":"Feature","properties":{"building_id":4742760,"kind":"ridge"},"geometry":{"type":"LineString","coordinates":[[168.792065,-45.001616],[168.792075,-45.001607]]}},{"type":"Feature","properties":{"building_id":4742760,"kind":"ridge"},"geometry":{"type":"LineString","coordinates":[[168.792065,-45.001616],[168.792052,-45.001608]]}},{"type":"Feature","properties":{"building_id":4742760,"kind":"ridge"},"geometry":{"type":"LineString","coordinates":[[168.792052,-45.001608],[168.791984,-45.001613]]}},{"type":"Feature","properties":{"building_id":4742760,"kind":"ridge"},"geometry":{"type":"LineString","coordinates":[[168.792075,-45.001607],[168.792152,-45.001602]]}},{"type":"Feature","properties":{"building_id":4742760,"kind":"ridge"},"geometry":{"type":"LineString","coordinates":[[168.792068,-45.001598],[168.792063,-45.001564]]}},{"type":"Feature","properties":{"building_id":4742760,"kind":"valley"},"geometry":{"type":"LineString","coordinates":[[168.792068,-45.001598],[168.792098,-45.001575]]}},{"type":"Feature","properties":{"building_id":4742760,"kind":"valley"},"geometry":{"type":"LineString","coordinates":[[168.792068,-45.001598],[168.792033,-45.001579]]}},{"type":"Feature","properties":{"building_id":4742760,"kind":"cliff"},"geometry":{"type":"LineString","coordinates":[[168.792033,-45.001579],[168.792032,-45.001566]]}},{"type":"Feature","properties":{"building_id":4742760,"kind":"cliff"},"geometry":{"type":"LineString","coordinates":[[168.792032,-45.001566],[168.792063,-45.001564]]}},{"type":"Feature","properties":{"building_id":4742760,"kind":"cliff"},"geometry":{"type":"LineString","coordinates":[[168.792063,-45.001564],[168.792096,-45.001563]]}},{"type":"Feature","properties":{"building_id":4742760,"kind":"cliff"},"geometry":{"type":"LineString","coordinates":[[168.792096,-45.001563],[168.792098,-45.001575]]}},{"type":"Feature","properties":{"building_id":4742760,"kind":"valley"},"geometry":{"type":"LineString","coordinates":[[168.792052,-45.001608],[168.79201,-45.001648]]}},{"type":"Feature","properties":{"building_id":4742760,"kind":"valley"},"geometry":{"type":"LineString","coordinates":[[168.792075,-45.001607],[168.792134,-45.001641]]}},{"type":"Feature","properties":{"building_id":4742760,"kind":"valley"},"geometry":{"type":"LineString","coordinates":[[168.792017,-45.001706],[168.792068,-45.001736]]}},{"type":"Feature","properties":{"building_id":4742760,"kind":"cliff"},"geometry":{"type":"LineString","coordinates":[[168.791987,-45.001649],[168.79201,-45.001648]]}},{"type":"Feature","properties":{"building_id":4742760,"kind":"cliff"},"geometry":{"type":"LineString","coordinates":[[168.79201,-45.001648],[168.792017,-45.001706]]}},{"type":"Feature","properties":{"building_id":4742760,"kind":"cliff"},"geometry":{"type":"LineString","coordinates":[[168.792017,-45.001706],[168.791998,-45.001708]]}},{"type":"Feature","properties":{"building_id":4746243,"kind":"ridge"},"geometry":{"type":"LineString","coordinates":[[168.838814,-44.946489],[168.838912,-44.946492]]}},{"type":"Feature","properties":{"building_id":4746243,"kind":"ridge"},"geometry":{"type":"LineString","coordinates":[[168.838828,-44.946391],[168.838981,-44.946392]]}},{"type":"Feature","properties":{"building_id":4746243,"kind":"ridge"},"geometry":{"type":"LineString","coordinates":[[168.838946,-44.946387],[168.838947,-44.946368]]}},{"type":"Feature","properties":{"building_id":4746243,"kind":"ridge"},"geometry":{"type":"LineString","coordinates":[[168.838864,-44.946385],[168.838865,-44.946368]]}},{"type":"Feature","properties":{"building_id":4746243,"kind":"valley"},"geometry":{"type":"LineString","coordinates":[[168.838886,-44.946398],[168.838924,-44.946398]]}},{"type":"Feature","properties":{"building_id":4746243,"kind":"valley"},"geometry":{"type":"LineString","coordinates":[[168.838843,-44.946429],[168.838918,-44.946431]]}},{"type":"Feature","properties":{"building_id":4746243,"kind":"valley"},"geometry":{"type":"LineString","coordinates":[[168.838825,-44.946458],[168.838917,-44.946459]]}},{"type":"Feature","properties":{"building_id":4746243,"kind":"cliff"},"geometry":{"type":"LineString","coordinates":[[168.838924,-44.946398],[168.838925,-44.946426]]}},{"type":"Feature","properties":{"building_id":4746243,"kind":"cliff"},"geometry":{"type":"LineString","coordinates":[[168.838886,-44.946398],[168.838887,-44.946426]]}},{"type":"Feature","properties":{"building_id":4746243,"kind":"cliff"},"geometry":{"type":"LineString","coordinates":[[168.838887,-44.946426],[168.838925,-44.946426]]}},{"type":"Feature","properties":{"building_id":4746243,"kind":"cliff"},"geometry":{"type":"LineString","coordinates":[[168.838935,-44.946369],[168.838947,-44.946368]]}},{"type":"Feature","properties":{"building_id":4746243,"kind":"cliff"},"geometry":{"type":"LineString","coordinates":[[168.838947,-44.946368],[168.838963,-44.946368]]}},{"type":"Feature","properties":{"building_id":4746243,"kind":"cliff"},"geometry":{"type":"LineString","coordinates":[[168.838963,-44.946368],[168.838963,-44.946376]]}},{"type":"Feature","properties":{"building_id":4746243,"kind":"cliff"},"geometry":{"type":"LineString","coordinates":[[168.838935,-44.946369],[168.838934,-44.946377]]}},{"type":"Feature","properties":{"building_id":4746243,"kind":"cliff"},"geometry":{"type":"LineString","coordinates":[[168.838865,-44.946368],[168.838882,-44.946368]]}},{"type":"Feature","properties":{"building_id":4746243,"kind":"cliff"},"geometry":{"type":"LineString","coordinates":[[168.838882,-44.946368],[168.838883,-44.946376]]}},{"type":"Feature","properties":{"building_id":4746243,"kind":"cliff"},"geometry":{"type":"LineString","coordinates":[[168.838865,-44.946368],[168.838854,-44.946367]]}},{"type":"Feature","properties":{"building_id":4746243,"kind":"cliff"},"geometry":{"type":"LineString","coordinates":[[168.838854,-44.946367],[168.838853,-44.946375]]}},{"type":"Feature","properties":{"building_id":4746243,"kind":"valley"},"geometry":{"type":"LineString","coordinates":[[168.838864,-44.946385],[168.838853,-44.946375]]}},{"type":"Feature","properties":{"building_id":4746243,"kind":"valley"},"geometry":{"type":"LineString","coordinates":[[168.838864,-44.946385],[168.838883,-44.946376]]}},{"type":"Feature","properties":{"building_id":4746243,"kind":"valley"},"geometry":{"type":"LineString","coordinates":[[168.838946,-44.946387],[168.838934,-44.946377]]}},{"type":"Feature","properties":{"building_id":4746243,"kind":"valley"},"geometry":{"type":"LineString","coordinates":[[168.838946,-44.946387],[168.838963,-44.946376]]}},{"type":"Feature","properties":{"building_id":4747637,"kind":"ridge"},"geometry":{"type":"LineString","coordinates":[[168.751059,-45.0072],[168.751177,-45.007402]]}},{"type":"Feature","properties":{"building_id":4747637,"kind":"ridge"},"geometry":{"type":"LineString","coordinates":[[168.750988,-45.007577],[168.751438,-45.007445]]}},{"type":"Feature","properties":{"building_id":4747637,"kind":"cliff"},"geometry":{"type":"LineString","coordinates":[[168.750931,-45.007478],[168.751177,-45.007402]]}},{"type":"Feature","properties":{"building_id":4747637,"kind":"cliff"},"geometry":{"type":"LineString","coordinates":[[168.751177,-45.007402],[168.751378,-45.007341]]}},{"type":"Feature","properties":{"building_id":4747637,"kind":"cliff"},"geometry":{"type":"LineString","coordinates":[[168.750876,-45.007252],[168.751257,-45.007143]]}},{"type":"Feature","properties":{"building_id":4747637,"kind":"cliff"},"geometry":{"type":"LineString","coordinates":[[168.751257,-45.007143],[168.751378,-45.007341]]}},{"type":"Feature","properties":{"building_id":4747637,"kind":"cliff"},"geometry":{"type":"LineString","coordinates":[[168.751257,-45.007143],[168.751344,-45.007123]]}},{"type":"Feature","properties":{"building_id":4747637,"kind":"cliff"},"geometry":{"type":"LineString","coordinates":[[168.751287,-45.007136],[168.751243,-45.007062]]}},{"type":"Feature","properties":{"building_id":4747637,"kind":"cliff"},"geometry":{"type":"LineString","coordinates":[[168.750983,-45.007137],[168.751009,-45.00719]]}},{"type":"Feature","properties":{"building_id":4747637,"kind":"cliff"},"geometry":{"type":"LineString","coordinates":[[168.751009,-45.00719],[168.751048,-45.007179]]}},{"type":"Feature","properties":{"building_id":4747637,"kind":"cliff"},"geometry":{"type":"LineString","coordinates":[[168.751048,-45.007179],[168.751019,-45.007127]]}},{"type":"Feature","properties":{"building_id":4747637,"kind":"cliff"},"geometry":{"type":"LineString","coordinates":[[168.751019,-45.007127],[168.750983,-45.007137]]}},{"type":"Feature","properties":{"building_id":5371002,"kind":"valley"},"geometry":{"type":"LineString","coordinates":[[168.661462,-45.018415],[168.661585,-45.018453]]}},{"type":"Feature","properties":{"building_id":5371002,"kind":"valley"},"geometry":{"type":"LineString","coordinates":[[168.661708,-45.018342],[168.66166,-45.018431]]}},{"type":"Feature","properties":{"building_id":5371002,"kind":"cliff"},"geometry":{"type":"LineString","coordinates":[[168.661623,-45.018367],[168.66166,-45.018431]]}},{"type":"Feature","properties":{"building_id":5371002,"kind":"cliff"},"geometry":{"type":"LineString","coordinates":[[168.661585,-45.018453],[168.661499,-45.018477]]}},{"type":"Feature","properties":{"building_id":5371176,"kind":"cliff"},"geometry":{"type":"LineString","coordinates":[[168.66425,-45.035959],[168.664316,-45.036064]]}},{"type":"Feature","properties":{"building_id":5371176,"kind":"cliff"},"geometry":{"type":"LineString","coordinates":[[168.664309,-45.036073],[168.664255,-45.035966]]}},{"type":"Feature","properties":{"building_id":5371176,"kind":"cliff"},"geometry":{"type":"LineString","coordinates":[[168.664221,-45.03601],[168.66423,-45.03603]]}},{"type":"Feature","properties":{"building_id":5371176,"kind":"cliff"},"geometry":{"type":"LineString","coordinates":[[168.664249,-45.036028],[168.664239,-45.036006]]}},{"type":"Feature","properties":{"building_id":5371176,"kind":"cliff"},"geometry":{"type":"LineString","coordinates":[[168.664239,-45.036006],[168.664221,-45.03601]]}},{"type":"Feature","properties":{"building_id":5371176,"kind":"cliff"},"geometry":{"type":"LineString","coordinates":[[168.66423,-45.03603],[168.664249,-45.036028]]}},{"type":"Feature","properties":{"building_id":5371176,"kind":"cliff"},"geometry":{"type":"LineString","coordinates":[[168.664306,-45.035984],[168.664328,-45.035976]]}},{"type":"Feature","properties":{"building_id":5371176,"kind":"cliff"},"geometry":{"type":"LineString","coordinates":[[168.664328,-45.035976],[168.664342,-45.035996]]}},{"type":"Feature","properties":{"building_id":5371176,"kind":"cliff"},"geometry":{"type":"LineString","coordinates":[[168.664342,-45.035996],[168.66432,-45.036004]]}},{"type":"Feature","properties":{"building_id":5371176,"kind":"cliff"},"geometry":{"type":"LineString","coordinates":[[168.66432,-45.036004],[168.664306,-45.035984]]}},{"type":"Feature","properties":{"building_id":5372222,"kind":"ridge"},"geometry":{"type":"LineString","coordinates":[[168.750131,-45.028258],[168.750104,-45.028351]]}},{"type":"Feature","properties":{"building_id":5372222,"kind":"ridge"},"geometry":{"type":"LineString","coordinates":[[168.750131,-45.028258],[168.750006,-45.028235]]}},{"type":"Feature","properties":{"building_id":5372222,"kind":"ridge"},"geometry":{"type":"LineString","coordinates":[[168.750131,-45.028258],[168.75051,-45.028092]]}},{"type":"Feature","properties":{"building_id":5372222,"kind":"ridge"},"geometry":{"type":"LineString","coordinates":[[168.75051,-45.028092],[168.750542,-45.028003]]}},{"type":"Feature","properties":{"building_id":5372222,"kind":"ridge"},"geometry":{"type":"LineString","coordinates":[[168.75051,-45.028092],[168.750643,-45.028115]]}},{"type":"Feature","properties":{"building_id":5372222,"kind":"valley"},"geometry":{"type":"LineString","coordinates":[[168.750104,-45.028351],[168.750643,-45.028115]]}},{"type":"Feature","properties":{"building_id":5372222,"kind":"valley"},"geometry":{"type":"LineString","coordinates":[[168.750643,-45.028115],[168.750542,-45.028003]]}},{"type":"Feature","properties":{"building_id":5372222,"kind":"valley"},"geometry":{"type":"LineString","coordinates":[[168.750542,-45.028003],[168.750006,-45.028235]]}},{"type":"Feature","properties":{"building_id":5372222,"kind":"valley"},"geometry":{"type":"LineString","coordinates":[[168.750006,-45.028235],[168.750104,-45.028351]]}},{"type":"Feature","properties":{"building_id":5372232,"kind":"ridge"},"geometry":{"type":"LineString","coordinates":[[168.739791,-45.013219],[168.740713,-45.012775]]}},{"type":"Feature","properties":{"building_id":5372232,"kind":"valley"},"geometry":{"type":"LineString","coordinates":[[168.740547,-45.01301],[168.740819,-45.012874]]}},{"type":"Feature","properties":{"building_id":5372232,"kind":"cliff"},"geometry":{"type":"LineString","coordinates":[[168.740547,-45.01301],[168.740682,-45.013145]]}},{"type":"Feature","properties":{"building_id":5372232,"kind":"valley"},"geometry":{"type":"LineString","coordinates":[[168.740625,-45.013088],[168.740265,-45.013255]]}},{"type":"Feature","properties":{"building_id":5372232,"kind":"cliff"},"geometry":{"type":"LineString","coordinates":[[168.740713,-45.012775],[168.740519,-45.012578]]}},{"type":"Feature","properties":{"building_id":5372232,"kind":"cliff"},"geometry":{"type":"LineString","coordinates":[[168.740713,-45.012775],[168.740802,-45.012857]]}},{"type":"Feature","properties":{"building_id":5372232,"kind":"cliff"},"geometry":{"type":"LineString","coordinates":[[168.739691,-45.013142],[168.739871,-45.013058]]}},{"type":"Feature","properties":{"building_id":5372232,"kind":"cliff"},"geometry":{"type":"LineString","coordinates":[[168.739871,-45.013058],[168.739821,-45.012994]]}},{"type":"Feature","properties":{"building_id":5372239,"kind":"ridge"},"geometry":{"type":"LineString","coordinates":[[168.746885,-45.008845],[168.748168,-45.007957]]}},{"type":"Feature","properties":{"building_id":5372641,"kind":"ridge"},"geometry":{"type":"LineString","coordinates":[[168.661947,-45.022091],[168.662042,-45.022156]]}},{"type":"Feature","properties":{"building_id":5372641,"kind":"cliff"},"geometry":{"type":"LineString","coordinates":[[168.661607,-45.022164],[168.662042,-45.022162]]}},{"type":"Feature","properties":{"building_id":5372641,"kind":"cliff"},"geometry":{"type":"LineString","coordinates":[[168.66163,-45.02209],[168.661947,-45.022091]]}},{"type":"Feature","properties":{"building_id":5372641,"kind":"cliff"},"geometry":{"type":"LineString","coordinates":[[168.661947,-45.022091],[168.661946,-45.022028]]}},{"type":"Feature","properties":{"building_id":5372641,"kind":"cliff"},"geometry":{"type":"LineString","coordinates":[[168.66163,-45.02209],[168.661607,-45.022164]]}},{"type":"Feature","properties":{"building_id":4719283,"kind":"ridge"},"geometry":{"type":"LineString","coordinates":[[168.835331,-44.946439],[168.835412,-44.946325]]}},{"type":"Feature","properties":{"building_id":4719283,"kind":"ridge"},"geometry":{"type":"LineString","coordinates":[[168.835375,-44.946339],[168.835324,-44.94632]]}},{"type":"Feature","properties":{"building_id":4719283,"kind":"valley"},"geometry":{"type":"LineString","coordinates":[[168.835375,-44.946339],[168.835366,-44.946308]]}},{"type":"Feature","properties":{"building_id":4719283,"kind":"valley"},"geometry":{"type":"LineString","coordinates":[[168.835375,-44.946339],[168.835331,-44.946353]]}},{"type":"Feature","properties":{"building_id":4719283,"kind":"cliff"},"geometry":{"type":"LineString","coordinates":[[168.835331,-44.946353],[168.835323,-44.94637]]}},{"type":"Feature","properties":{"building_id":4719283,"kind":"cliff"},"geometry":{"type":"LineString","coordinates":[[168.835331,-44.946353],[168.835308,-44.946345]]}},{"type":"Feature","properties":{"building_id":4719283,"kind":"cliff"},"geometry":{"type":"LineString","coordinates":[[168.835465,-44.946349],[168.835387,-44.946457]]}},{"type":"Feature","properties":{"building_id":4719283,"kind":"cliff"},"geometry":{"type":"LineString","coordinates":[[168.835387,-44.946457],[168.835331,-44.946439]]}},{"type":"Feature","properties":{"building_id":4719283,"kind":"cliff"},"geometry":{"type":"LineString","coordinates":[[168.835331,-44.946439],[168.835286,-44.946424]]}},{"type":"Feature","properties":{"building_id":4719283,"kind":"cliff"},"geometry":{"type":"LineString","coordinates":[[168.835286,-44.946424],[168.835323,-44.94637]]}},{"type":"Feature","properties":{"building_id":4719283,"kind":"cliff"},"geometry":{"type":"LineString","coordinates":[[168.835308,-44.946345],[168.835324,-44.94632]]}},{"type":"Feature","properties":{"building_id":4719283,"kind":"cliff"},"geometry":{"type":"LineString","coordinates":[[168.835324,-44.94632],[168.835339,-44.946299]]}},{"type":"Feature","properties":{"building_id":4719283,"kind":"cliff"},"geometry":{"type":"LineString","coordinates":[[168.835339,-44.946299],[168.835412,-44.946325]]}},{"type":"Feature","properties":{"building_id":4719283,"kind":"cliff"},"geometry":{"type":"LineString","coordinates":[[168.835412,-44.946325],[168.835465,-44.946349]]}},{"type":"Feature","properties":{"building_id":5370829,"kind":"ridge"},"geometry":{"type":"LineString","coordinates":[[168.833338,-44.945155],[168.83329,-44.945068]]}},{"type":"Feature","properties":{"building_id":5370829,"kind":"ridge"},"geometry":{"type":"LineString","coordinates":[[168.833305,-44.945064],[168.833268,-44.945]]}},{"type":"Feature","properties":{"building_id":5370829,"kind":"ridge"},"geometry":{"type":"LineString","coordinates":[[168.833282,-44.944999],[168.833261,-44.944961]]}},{"type":"Feature","properties":{"building_id":5370829,"kind":"ridge"},"geometry":{"type":"LineString","coordinates":[[168.833261,-44.944961],[168.833287,-44.944937]]}},{"type":"Feature","properties":{"building_id":5370829,"kind":"ridge"},"geometry":{"type":"LineString","coordinates":[[168.833261,-44.944961],[168.833256,-44.944921]]}},{"type":"Feature","properties":{"building_id":5370829,"kind":"ridge"},"geometry":{"type":"LineString","coordinates":[[168.833261,-44.944961],[168.833219,-44.944932]]}},{"type":"Feature","properties":{"building_id":5370829,"kind":"ridge"},"geometry":{"type":"LineString","coordinates":[[168.833261,-44.944961],[168.833203,-44.944957]]}},{"type":"Feature","properties":{"building_id":5370829,"kind":"cliff"},"geometry":{"type":"LineString","coordinates":[[168.833203,-44.944957],[168.833219,-44.944932]]}},{"type":"Feature","properties":{"building_id":5370829,"kind":"cliff"},"geometry":{"type":"LineString","coordinates":[[168.833219,-44.944932],[168.833256,-44.944921]]}},{"type":"Feature","properties":{"building_id":5370829,"kind":"cliff"},"geometry":{"type":"LineString","coordinates":[[168.833256,-44.944921],[168.833287,-44.944937]]}},{"type":"Feature","properties":{"building_id":5370829,"kind":"cliff"},"geometry":{"type":"LineString","coordinates":[[168.833203,-44.944957],[168.833227,-44.945007]]}},{"type":"Feature","properties":{"building_id":5370829,"kind":"cliff"},"geometry":{"type":"LineString","coordinates":[[168.833227,-44.945007],[168.833216,-44.94501]]}},{"type":"Feature","properties":{"building_id":5370829,"kind":"cliff"},"geometry":{"type":"LineString","coordinates":[[168.833216,-44.94501],[168.833252,-44.945071]]}},{"type":"Feature","properties":{"building_id":5370829,"kind":"cliff"},"geometry":{"type":"LineString","coordinates":[[168.833252,-44.945071],[168.833235,-44.945075]]}},{"type":"Feature","properties":{"building_id":5370829,"kind":"cliff"},"geometry":{"type":"LineString","coordinates":[[168.833235,-44.945075],[168.833287,-44.945166]]}},{"type":"Feature","properties":{"building_id":5370829,"kind":"cliff"},"geometry":{"type":"LineString","coordinates":[[168.833287,-44.945166],[168.833338,-44.945155]]}},{"type":"Feature","properties":{"building_id":5370829,"kind":"cliff"},"geometry":{"type":"LineString","coordinates":[[168.833338,-44.945155],[168.833377,-44.945139]]}},{"type":"Feature","properties":{"building_id":5370829,"kind":"cliff"},"geometry":{"type":"LineString","coordinates":[[168.833377,-44.945139],[168.833331,-44.945056]]}},{"type":"Feature","properties":{"building_id":5370829,"kind":"cliff"},"geometry":{"type":"LineString","coordinates":[[168.833331,-44.945056],[168.833344,-44.945051]]}},{"type":"Feature","properties":{"building_id":5370829,"kind":"cliff"},"geometry":{"type":"LineString","coordinates":[[168.833344,-44.945051],[168.83331,-44.944989]]}},{"type":"Feature","properties":{"building_id":5370829,"kind":"cliff"},"geometry":{"type":"LineString","coordinates":[[168.83331,-44.944989],[168.83332,-44.944985]]}},{"type":"Feature","properties":{"building_id":5370829,"kind":"cliff"},"geometry":{"type":"LineString","coordinates":[[168.83332,-44.944985],[168.833287,-44.944937]]}},{"type":"Feature","properties":{"building_id":5370829,"kind":"cliff"},"geometry":{"type":"LineString","coordinates":[[168.833268,-44.945001],[168.833282,-44.944999]]}},{"type":"Feature","properties":{"building_id":5370829,"kind":"cliff"},"geometry":{"type":"LineString","coordinates":[[168.833268,-44.945001],[168.833227,-44.945007]]}},{"type":"Feature","properties":{"building_id":5370829,"kind":"cliff"},"geometry":{"type":"LineString","coordinates":[[168.83329,-44.945068],[168.833305,-44.945064]]}},{"type":"Feature","properties":{"building_id":5370829,"kind":"cliff"},"geometry":{"type":"LineString","coordinates":[[168.83329,-44.945068],[168.833235,-44.945075]]}},{"type":"Feature","properties":{"building_id":5373469,"kind":"ridge"},"geometry":{"type":"LineString","coordinates":[[168.747905,-45.068073],[168.74804,-45.067986]]}},{"type":"Feature","properties":{"building_id":5373469,"kind":"ridge"},"geometry":{"type":"LineString","coordinates":[[168.74798,-45.068134],[168.748128,-45.068037]]}},{"type":"Feature","properties":{"building_id":5373469,"kind":"cliff"},"geometry":{"type":"LineString","coordinates":[[168.748128,-45.068037],[168.748106,-45.068015]]}},{"type":"Feature","properties":{"building_id":5373469,"kind":"cliff"},"geometry":{"type":"LineString","coordinates":[[168.748128,-45.068037],[168.748162,-45.068057]]}},{"type":"Feature","properties":{"building_id":5373469,"kind":"cliff"},"geometry":{"type":"LineString","coordinates":[[168.748162,-45.068057],[168.748014,-45.068155]]}},{"type":"Feature","properties":{"building_id":5373469,"kind":"cliff"},"geometry":{"type":"LineString","coordinates":[[168.748014,-45.068155],[168.74798,-45.068134]]}},{"type":"Feature","properties":{"building_id":5373469,"kind":"cliff"},"geometry":{"type":"LineString","coordinates":[[168.74798,-45.068134],[168.747958,-45.06811]]}},{"type":"Feature","properties":{"building_id":5373469,"kind":"cliff"},"geometry":{"type":"LineString","coordinates":[[168.747958,-45.06811],[168.747992,-45.06809]]}},{"type":"Feature","properties":{"building_id":5373469,"kind":"cliff"},"geometry":{"type":"LineString","coordinates":[[168.747992,-45.06809],[168.747973,-45.068074]]}},{"type":"Feature","properties":{"building_id":5373469,"kind":"cliff"},"geometry":{"type":"LineString","coordinates":[[168.747973,-45.068074],[168.74794,-45.068096]]}},{"type":"Feature","properties":{"building_id":5373469,"kind":"cliff"},"geometry":{"type":"LineString","coordinates":[[168.74794,-45.068096],[168.747905,-45.068073]]}},{"type":"Feature","properties":{"building_id":5373469,"kind":"cliff"},"geometry":{"type":"LineString","coordinates":[[168.747905,-45.068073],[168.747886,-45.068053]]}},{"type":"Feature","properties":{"building_id":5373469,"kind":"cliff"},"geometry":{"type":"LineString","coordinates":[[168.747886,-45.068053],[168.748019,-45.067964]]}},{"type":"Feature","properties":{"building_id":5373469,"kind":"cliff"},"geometry":{"type":"LineString","coordinates":[[168.748019,-45.067964],[168.74804,-45.067986]]}},{"type":"Feature","properties":{"building_id":5373469,"kind":"cliff"},"geometry":{"type":"LineString","coordinates":[[168.74804,-45.067986],[168.748074,-45.068005]]}},{"type":"Feature","properties":{"building_id":5373469,"kind":"cliff"},"geometry":{"type":"LineString","coordinates":[[168.748074,-45.068005],[168.74802,-45.068044]]}},{"type":"Feature","properties":{"building_id":5373469,"kind":"cliff"},"geometry":{"type":"LineString","coordinates":[[168.74802,-45.068044],[168.748041,-45.068059]]}},{"type":"Feature","properties":{"building_id":5373469,"kind":"cliff"},"geometry":{"type":"LineString","coordinates":[[168.748041,-45.068059],[168.748106,-45.068015]]}},{"type":"Feature","properties":{"building_id":5373469,"kind":"valley"},"geometry":{"type":"LineString","coordinates":[[168.747973,-45.068074],[168.74802,-45.068044]]}},{"type":"Feature","properties":{"building_id":5373469,"kind":"valley"},"geometry":{"type":"LineString","coordinates":[[168.747992,-45.06809],[168.748041,-45.068059]]}},{"type":"Feature","properties":{"building_id":4718601,"kind":"ridge"},"geometry":{"type":"LineString","coordinates":[[168.832378,-44.966369],[168.832534,-44.96637]]}},{"type":"Feature","properties":{"building_id":4718601,"kind":"ridge"},"geometry":{"type":"LineString","coordinates":[[168.832553,-44.966365],[168.832583,-44.966346]]}},{"type":"Feature","properties":{"building_id":4718601,"kind":"ridge"},"geometry":{"type":"LineString","coordinates":[[168.832554,-44.966377],[168.832581,-44.966395]]}},{"type":"Feature","properties":{"building_id":4718601,"kind":"ridge"},"geometry":{"type":"LineString","coordinates":[[168.832537,-44.966379],[168.832536,-44.966454]]}},{"type":"Feature","properties":{"building_id":4718601,"kind":"ridge"},"geometry":{"type":"LineString","coordinates":[[168.832539,-44.966471],[168.832539,-44.966525]]}},{"type":"Feature","properties":{"building_id":4718601,"kind":"ridge"},"geometry":{"type":"LineString","coordinates":[[168.832546,-44.966489],[168.832581,-44.966489]]}},{"type":"Feature","properties":{"building_id":4718601,"kind":"ridge"},"geometry":{"type":"LineString","coordinates":[[168.832532,-44.966489],[168.832492,-44.966489]]}},{"type":"Feature","properties":{"building_id":4718601,"kind":"ridge"},"geometry":{"type":"LineString","coordinates":[[168.832483,-44.966387],[168.832482,-44.966427]]}},{"type":"Feature","properties":{"building_id":4718601,"kind":"ridge"},"geometry":{"type":"LineString","coordinates":[[168.832452,-44.966386],[168.832451,-44.966418]]}},{"type":"Feature","properties":{"building_id":4718601,"kind":"ridge"},"geometry":{"type":"LineString","coordinates":[[168.83255,-44.966441],[168.832579,-44.966442]]}},{"type":"Feature","properties":{"building_id":4718601,"kind":"cliff"},"geometry":{"type":"LineString","coordinates":[[168.83258,-44.966428],[168.832568,-44.966428]]}},{"type":"Feature","properties":{"building_id":4718601,"kind":"cliff"},"geometry":{"type":"LineString","coordinates":[[168.832568,-44.966428],[168.832569,-44.966409]]}},{"type":"Feature","properties":{"building_id":4718601,"kind":"cliff"},"geometry":{"type":"LineString","coordinates":[[168.832569,-44.966409],[168.832589,-44.966409]]}},{"type":"Feature","properties":{"building_id":4718601,"kind":"cliff"},"geometry":{"type":"LineString","coordinates":[[168.832569,-44.966399],[168.832585,-44.966399]]}},{"type":"Feature","properties":{"building_id":4718601,"kind":"cliff"},"geometry":{"type":"LineString","coordinates":[[168.832579,-44.966442],[168.83258,-44.966428]]}},{"type":"Feature","properties":{"building_id":4718601,"kind":"cliff"},"geometry":{"type":"LineString","coordinates":[[168.832579,-44.966442],[168.832579,-44.966456]]}},{"type":"Feature","properties":{"building_id":4718601,"kind":"valley"},"geometry":{"type":"LineString","coordinates":[[168.832452,-44.966386],[168.832467,-44.966396]]}},{"type":"Feature","properties":{"building_id":4718601,"kind":"valley"},"geometry":{"type":"LineString","coordinates":[[168.832467,-44.966396],[168.832467,-44.966417]]}},{"type":"Feature","properties":{"building_id":4718601,"kind":"valley"},"geometry":{"type":"LineString","coordinates":[[168.832467,-44.966396],[168.832483,-44.966387]]}},{"type":"Feature","properties":{"building_id":4718601,"kind":"valley"},"geometry":{"type":"LineString","coordinates":[[168.832483,-44.966387],[168.832498,-44.966397]]}},{"type":"Feature","properties":{"building_id":4718601,"kind":"valley"},"geometry":{"type":"LineString","coordinates":[[168.832498,-44.966397],[168.832506,-44.966397]]}},{"type":"Feature","properties":{"building_id":4718601,"kind":"valley"},"geometry":{"type":"LineString","coordinates":[[168.832506,-44.966397],[168.832534,-44.966375]]}},{"type":"Feature","properties":{"building_id":4718601,"kind":"valley"},"geometry":{"type":"LineString","coordinates":[[168.832506,-44.966397],[168.832503,-44.966426]]}},{"type":"Feature","properties":{"building_id":4718601,"kind":"valley"},"geometry":{"type":"LineString","coordinates":[[168.832498,-44.966397],[168.832498,-44.966426]]}},{"type":"Feature","properties":{"building_id":4718601,"kind":"valley"},"geometry":{"type":"LineString","coordinates":[[168.832452,-44.966386],[168.832432,-44.9664]]}},{"type":"Feature","properties":{"building_id":4718601,"kind":"valley"},"geometry":{"type":"LineString","coordinates":[[168.83255,-44.966441],[168.832568,-44.966428]]}},{"type":"Feature","properties":{"building_id":4718601,"kind":"valley"},"geometry":{"type":"LineString","coordinates":[[168.832569,-44.966399],[168.832542,-44.96638]]}},{"type":"Feature","properties":{"building_id":4718601,"kind":"valley"},"geometry":{"type":"LineString","coordinates":[[168.832546,-44.966489],[168.832589,-44.966456]]}},{"type":"Feature","properties":{"building_id":4718601,"kind":"valley"},"geometry":{"type":"LineString","coordinates":[[168.832546,-44.966489],[168.832586,-44.966519]]}},{"type":"Feature","properties":{"building_id":4718601,"kind":"valley"},"geometry":{"type":"LineString","coordinates":[[168.832532,-44.966489],[168.832491,-44.966517]]}},{"type":"Feature","properties":{"building_id":4718601,"kind":"valley"},"geometry":{"type":"LineString","coordinates":[[168.832532,-44.966489],[168.832493,-44.96646]]}},{"type":"Feature","properties":{"building_id":4719508,"kind":"ridge"},"geometry":{"type":"LineString","coordinates":[[168.830142,-44.941619],[168.83019,-44.941584]]}},{"type":"Feature","properties":{"building_id":4719508,"kind":"ridge"},"geometry":{"type":"LineString","coordinates":[[168.83019,-44.941584],[168.830188,-44.941501]]}},{"type":"Feature","properties":{"building_id":4719508,"kind":"ridge"},"geometry":{"type":"LineString","coordinates":[[168.83019,-44.941584],[168.830304,-44.941581]]}},{"type":"Feature","properties":{"building_id":4719508,"kind":"ridge"},"geometry":{"type":"LineString","coordinates":[[168.830142,-44.941619],[168.830147,-44.941696]]}},{"type":"Feature","properties":{"building_id":4719508,"kind":"ridge"},"geometry":{"type":"LineString","coordinates":[[168.830142,-44.941619],[168.830028,-44.941621]]}},{"type":"Feature","properties":{"building_id":4723281,"kind":"cliff"},"geometry":{"type":"LineString","coordinates":[[168.712639,-45.029412],[168.712622,-45.029382]]}},{"type":"Feature","properties":{"building_id":4723281,"kind":"cliff"},"geometry":{"type":"LineString","coordinates":[[168.712566,-45.02939],[168.712539,-45.0294]]}},{"type":"Feature","properties":{"building_id":4723281,"kind":"cliff"},"geometry":{"type":"LineString","coordinates":[[168.712481,-45.029523],[168.712532,-45.029506]]}},{"type":"Feature","properties":{"building_id":4723281,"kind":"cliff"},"geometry":{"type":"LineString","coordinates":[[168.712532,-45.029506],[168.71258,-45.029486]]}},{"type":"Feature","properties":{"building_id":4723281,"kind":"ridge"},"geometry":{"type":"LineString","coordinates":[[168.712532,-45.029506],[168.712604,-45.029623]]}},{"type":"Feature","properties":{"building_id":4723281,"kind":"ridge"},"geometry":{"type":"LineString","coordinates":[[168.712449,-45.029474],[168.712639,-45.029412]]}},{"type":"Feature","properties":{"building_id":4723281,"kind":"ridge"},"geometry":{"type":"LineString","coordinates":[[168.712593,-45.029406],[168.712607,-45.029352]]}},{"type":"Feature","properties":{"building_id":4723281,"kind":"valley"},"geometry":{"type":"LineString","coordinates":[[168.712593,-45.029406],[168.712622,-45.029382]]}},{"type":"Feature","properties":{"building_id":4723281,"kind":"valley"},"geometry":{"type":"LineString","coordinates":[[168.712593,-45.029406],[168.712566,-45.02939]]}},{"type":"Feature","properties":{"building_id":4726034,"kind":"ridge"},"geometry":{"type":"LineString","coordinates":[[168.731908,-45.019003],[168.732047,-45.01897]]}},{"type":"Feature","properties":{"building_id":4726034,"kind":"ridge"},"geometry":{"type":"LineString","coordinates":[[168.732054,-45.018983],[168.732149,-45.018961]]}},{"type":"Feature","properties":{"building_id":4726034,"kind":"ridge"},"geometry":{"type":"LineString","coordinates":[[168.732184,-45.018984],[168.732139,-45.018889]]}},{"type":"Feature","properties":{"building_id":4726034,"kind":"ridge"},"geometry":{"type":"LineString","coordinates":[[168.732098,-45.018885],[168.732102,-45.018896]]}},{"type":"Feature","properties":{"building_id":4726034,"kind":"cliff"},"geometry":{"type":"LineString","coordinates":[[168.732102,-45.018896],[168.732139,-45.018889]]}},{"type":"Feature","properties":{"building_id":4726034,"kind":"cliff"},"geometry":{"type":"LineString","coordinates":[[168.732139,-45.018889],[168.732191,-45.018875]]}},{"type":"Feature","properties":{"building_id":4726034,"kind":"cliff"},"geometry":{"type":"LineString","coordinates":[[168.732098,-45.018885],[168.732118,-45.018882]]}},{"type":"Feature","properties":{"building_id":4726034,"kind":"cliff"},"geometry":{"type":"LineString","coordinates":[[168.732118,-45.018882],[168.732123,-45.018892]]}},{"type":"Feature","properties":{"building_id":4726034,"kind":"cliff"},"geometry":{"type":"LineString","coordinates":[[168.732098,-45.018885],[168.732076,-45.018891]]}},{"type":"Feature","properties":{"building_id":4726034,"kind":"valley"},"geometry":{"type":"LineString","coordinates":[[168.732149,-45.018961],[168.732126,-45.018997]]}},{"type":"Feature","properties":{"building_id":4726034,"kind":"valley"},"geometry":{"type":"LineString","coordinates":[[168.732149,-45.018961],[168.732097,-45.018941]]}},{"type":"Feature","properties":{"building_id":4726034,"kind":"valley"},"geometry":{"type":"LineString","coordinates":[[168.731935,-45.018975],[168.731955,-45.018946]]}},{"type":"Feature","properties":{"building_id":4726034,"kind":"valley"},"geometry":{"type":"LineString","coordinates":[[168.731935,-45.018975],[168.73189,-45.01896]]}},{"type":"Feature","properties":{"building_id":4726034,"kind":"ridge"},"geometry":{"type":"LineString","coordinates":[[168.731935,-45.018975],[168.731925,-45.018952]]}},{"type":"Feature","properties":{"building_id":4726034,"kind":"cliff"},"geometry":{"type":"LineString","coordinates":[[168.732054,-45.018983],[168.732047,-45.01897]]}},{"type":"Feature","properties":{"building_id":4726034,"kind":"cliff"},"geometry":{"type":"LineString","coordinates":[[168.732047,-45.01897],[168.732041,-45.018958]]}},{"type":"Feature","properties":{"building_id":4726288,"kind":"cliff"},"geometry":{"type":"LineString","coordinates":[[168.731189,-45.020536],[168.73126,-45.020519]]}},{"type":"Feature","properties":{"building_id":4726288,"kind":"cliff"},"geometry":{"type":"LineString","coordinates":[[168.731189,-45.020536],[168.731203,-45.020565]]}},{"type":"Feature","properties":{"building_id":4726288,"kind":"cliff"},"geometry":{"type":"LineString","coordinates":[[168.731185,-45.020642],[168.731215,-45.020633]]}},{"type":"Feature","properties":{"building_id":4726288,"kind":"cliff"},"geometry":{"type":"LineString","coordinates":[[168.731215,-45.020633],[168.731233,-45.020665]]}},{"type":"Feature","properties":{"building_id":4726288,"kind":"cliff"},"geometry":{"type":"LineString","coordinates":[[168.731185,-45.020642],[168.7312,-45.020672]]}},{"type":"Feature","properties":{"building_id":4726288,"kind":"cliff"},"geometry":{"type":"LineString","coordinates":[[168.731346,-45.020579],[168.731276,-45.020599]]}},{"type":"Feature","properties":{"building_id":4726288,"kind":"valley"},"geometry":{"type":"LineString","coordinates":[[168.731203,-45.020565],[168.731293,-45.020594]]}},{"type":"Feature","properties":{"building_id":4726288,"kind":"cliff"},"geometry":{"type":"LineString","coordinates":[[168.731247,-45.020623],[168.731097,-45.020664]]}},{"type":"Feature","properties":{"building_id":4726288,"kind":"ridge"},"geometry":{"type":"LineString","coordinates":[[168.731276,-45.020599],[168.731241,-45.020609]]}},{"type":"Feature","properties":{"building_id":4726288,"kind":"cliff"},"geometry":{"type":"LineString","coordinates":[[168.731241,-45.020609],[168.731247,-45.020623]]}},{"type":"Feature","properties":{"building_id":4727413,"kind":"ridge"},"geometry":{"type":"LineString","coordinates":[[168.781891,-45.007141],[168.781942,-45.00718]]}},{"type":"Feature","properties":{"building_id":4727413,"kind":"ridge"},"geometry":{"type":"LineString","coordinates":[[168.781942,-45.00718],[168.781961,-45.007178]]}},{"type":"Feature","properties":{"building_id":4727413,"kind":"ridge"},"geometry":{"type":"LineString","coordinates":[[168.781961,-45.007178],[168.781972,-45.007186]]}},{"type":"Feature","properties":{"building_id":4727413,"kind":"ridge"},"geometry":{"type":"LineString","coordinates":[[168.781972,-45.007186],[168.781984,-45.007186]]}},{"type":"Feature","properties":{"building_id":4727413,"kind":"ridge"},"geometry":{"type":"LineString","coordinates":[[168.781984,-45.007186],[168.781989,-45.007189]]}},{"type":"Feature","properties":{"building_id":4727413,"kind":"ridge"},"geometry":{"type":"LineString","coordinates":[[168.781989,-45.007189],[168.781989,-45.007215]]}},{"type":"Feature","properties":{"building_id":4727413,"kind":"ridge"},"geometry":{"type":"LineString","coordinates":[[168.781989,-45.007215],[168.782027,-45.007243]]}},{"type":"Feature","properties":{"building_id":4727413,"kind":"ridge"},"geometry":{"type":"LineString","coordinates":[[168.782027,-45.007243],[168.782029,-45.00729]]}},{"type":"Feature","properties":{"building_id":4727413,"kind":"ridge"},"geometry":{"type":"LineString","coordinates":[[168.782027,-45.007243],[168.782092,-45.007245]]}},{"type":"Feature","properties":{"building_id":4727413,"kind":"ridge"},"geometry":{"type":"LineString","coordinates":[[168.781989,-45.007189],[168.782096,-45.007191]]}},{"type":"Feature","properties":{"building_id":4727413,"kind":"ridge"},"geometry":{"type":"LineString","coordinates":[[168.781984,-45.007186],[168.781986,-45.00715]]}},{"type":"Feature","properties":{"building_id":4727413,"kind":"ridge"},"geometry":{"type":"LineString","coordinates":[[168.781986,-45.00715],[168.78201,-45.007133]]}},{"type":"Feature","properties":{"building_id":4727413,"kind":"ridge"},"geometry":{"type":"LineString","coordinates":[[168.78201,-45.007133],[168.782054,-45.007135]]}},{"type":"Feature","properties":{"building_id":4727413,"kind":"ridge"},"geometry":{"type":"LineString","coordinates":[[168.78201,-45.007133],[168.782011,-45.007103]]}},{"type":"Feature","properties":{"building_id":4727413,"kind":"ridge"},"geometry":{"type":"LineString","coordinates":[[168.781961,-45.007178],[168.781962,-45.007122]]}},{"type":"Feature","properties":{"building_id":4727413,"kind":"ridge"},"geometry":{"type":"LineString","coordinates":[[168.781891,-45.007141],[168.781894,-45.007099]]}},{"type":"Feature","properties":{"building_id":4727413,"kind":"ridge"},"geometry":{"type":"LineString","coordinates":[[168.781891,-45.007141],[168.781833,-45.007143]]}},{"type":"Feature","properties":{"building_id":4727413,"kind":"valley"},"geometry":{"type":"LineString","coordinates":[[168.781942,-45.00718],[168.781942,-45.007133]]}},{"type":"Feature","properties":{"building_id":4727413,"kind":"valley"},"geometry":{"type":"LineString","coordinates":[[168.781972,-45.007186],[168.781972,-45.007127]]}},{"type":"Feature","properties":{"building_id":4727413,"kind":"valley"},"geometry":{"type":"LineString","coordinates":[[168.781986,-45.00715],[168.782038,-45.00715]]}},{"type":"Feature","properties":{"building_id":4727413,"kind":"valley"},"geometry":{"type":"LineString","coordinates":[[168.781989,-45.007215],[168.782061,-45.007216]]}},{"type":"Feature","properties":{"building_id":4733721,"kind":"ridge"},"geometry":{"type":"LineString","coordinates":[[168.626626,-45.04081],[168.626625,-45.040846]]}},{"type":"Feature","properties":{"building_id":4733721,"kind":"cliff"},"geometry":{"type":"LineString","coordinates":[[168.626568,-45.040809],[168.626626,-45.04081]]}},{"type":"Feature","properties":{"building_id":4733721,"kind":"cliff"},"geometry":{"type":"LineString","coordinates":[[168.626626,-45.04081],[168.626691,-45.040812]]}},{"type":"Feature","properties":{"building_id":4733721,"kind":"cliff"},"geometry":{"type":"LineString","coordinates":[[168.626625,-45.040846],[168.62669,-45.040847]]}},{"type":"Feature","properties":{"building_id":4733721,"kind":"cliff"},"geometry":{"type":"LineString","coordinates":[[168.626625,-45.040846],[168.626571,-45.040846]]}},{"type":"Feature","properties":{"building_id":4733721,"kind":"cliff"},"geometry":{"type":"LineString","coordinates":[[168.626571,-45.040846],[168.626571,-45.040865]]}},{"type":"Feature","properties":{"building_id":4733721,"kind":"cliff"},"geometry":{"type":"LineString","coordinates":[[168.626571,-45.040865],[168.626555,-45.040864]]}},{"type":"Feature","properties":{"building_id":4733721,"kind":"cliff"},"geometry":{"type":"LineString","coordinates":[[168.626681,-45.040847],[168.626681,-45.040865]]}},{"type":"Feature","properties":{"building_id":4733721,"kind":"cliff"},"geometry":{"type":"LineString","coordinates":[[168.626681,-45.040865],[168.626699,-45.040866]]}},{"type":"Feature","properties":{"building_id":4733721,"kind":"cliff"},"geometry":{"type":"LineString","coordinates":[[168.626571,-45.040846],[168.626573,-45.040809]]}},{"type":"Feature","properties":{"building_id":4733721,"kind":"cliff"},"geometry":{"type":"LineString","coordinates":[[168.626568,-45.040809],[168.626568,-45.040749]]}},{"type":"Feature","properties":{"building_id":4733721,"kind":"cliff"},"geometry":{"type":"LineString","coordinates":[[168.626586,-45.040907],[168.626665,-45.040907]]}},{"type":"Feature","properties":{"building_id":4733721,"kind":"cliff"},"geometry":{"type":"LineString","coordinates":[[168.626665,-45.040907],[168.626663,-45.040921]]}},{"type":"Feature","properties":{"building_id":4733721,"kind":"cliff"},"geometry":{"type":"LineString","coordinates":[[168.626663,-45.040921],[168.626582,-45.04092]]}},{"type":"Feature","properties":{"building_id":4733721,"kind":"cliff"},"geometry":{"type":"LineString","coordinates":[[168.626582,-45.04092],[168.626586,-45.040907]]}},{"type":"Feature","properties":{"building_id":4733721,"kind":"ridge"},"geometry":{"type":"LineString","coordinates":[[168.626622,-45.040961],[168.626622,-45.04092]]}},{"type":"Feature","properties":{"building_id":4733916,"kind":"ridge"},"geometry":{"type":"LineString","coordinates":[[168.627008,-45.04198],[168.627049,-45.041996]]}},{"type":"Feature","properties":{"building_id":4733916,"kind":"ridge"},"geometry":{"type":"LineString","coordinates":[[168.627049,-45.041996],[168.627066,-45.042044]]}},{"type":"Feature","properties":{"building_id":4733916,"kind":"ridge"},"geometry":{"type":"LineString","coordinates":[[168.627066,-45.042044],[168.627035,-45.042085]]}},{"type":"Feature","properties":{"building_id":4733916,"kind":"ridge"},"geometry":{"type":"LineString","coordinates":[[168.627066,-45.042044],[168.6271,-45.042061]]}},{"type":"Feature","properties":{"building_id":4733916,"kind":"ridge"},"geometry":{"type":"LineString","coordinates":[[168.627008,-45.04198],[168.626997,-45.041953]]}},{"type":"Feature","properties":{"building_id":4733916,"kind":"ridge"},"geometry":{"type":"LineString","coordinates":[[168.627008,-45.04198],[168.626946,-45.041989]]}},{"type":"Feature","properties":{"building_id":4733916,"kind":"valley"},"geometry":{"type":"LineString","coordinates":[[168.627049,-45.041996],[168.627012,-45.042016]]}},{"type":"Feature","properties":{"building_id":4733916,"kind":"ridge"},"geometry":{"type":"LineString","coordinates":[[168.627049,-45.041996],[168.627101,-45.041969]]}},{"type":"Feature","properties":{"building_id":4739074,"kind":"cliff"},"geometry":{"type":"LineString","coordinates":[[168.746251,-45.077823],[168.746262,-45.077786]]}},{"type":"Feature","properties":{"building_id":4739074,"kind":"cliff"},"geometry":{"type":"LineString","coordinates":[[168.746262,-45.077786],[168.746286,-45.07775]]}},{"type":"Feature","properties":{"building_id":4739074,"kind":"cliff"},"geometry":{"type":"LineString","coordinates":[[168.746286,-45.07775],[168.746299,-45.077717]]}},{"type":"Feature","properties":{"building_id":4739074,"kind":"cliff"},"geometry":{"type":"LineString","coordinates":[[168.746299,-45.077717],[168.746318,-45.077688]]}},{"type":"Feature","properties":{"building_id":4739074,"kind":"cliff"},"geometry":{"type":"LineString","coordinates":[[168.746422,-45.077778],[168.746434,-45.077749]]}},{"type":"Feature","properties":{"building_id":4739074,"kind":"cliff"},"geometry":{"type":"LineString","coordinates":[[168.746434,-45.077749],[168.746452,-45.077718]]}},{"type":"Feature","properties":{"building_id":4739074,"kind":"cliff"},"geometry":{"type":"LineString","coordinates":[[168.746422,-45.077778],[168.746448,-45.077787]]}},{"type":"Feature","properties":{"building_id":4739074,"kind":"cliff"},"geometry":{"type":"LineString","coordinates":[[168.746448,-45.077787],[168.746424,-45.077823]]}},{"type":"Feature","properties":{"building_id":4739074,"kind":"cliff"},"geometry":{"type":"LineString","coordinates":[[168.746424,-45.077823],[168.746412,-45.077857]]}},{"type":"Feature","properties":{"building_id":4739074,"kind":"cliff"},"geometry":{"type":"LineString","coordinates":[[168.746422,-45.077778],[168.746398,-45.077773]]}},{"type":"Feature","properties":{"building_id":4739074,"kind":"ridge"},"geometry":{"type":"LineString","coordinates":[[168.746299,-45.077717],[168.746434,-45.077749]]}},{"type":"Feature","properties":{"building_id":4739074,"kind":"ridge"},"geometry":{"type":"LineString","coordinates":[[168.746262,-45.077786],[168.746424,-45.077823]]}},{"type":"Feature","properties":{"building_id":4739074,"kind":"valley"},"geometry":{"type":"LineString","coordinates":[[168.746293,-45.077761],[168.746387,-45.077783]]}},{"type":"Feature","properties":{"building_id":4739074,"kind":"valley"},"geometry":{"type":"LineString","coordinates":[[168.746301,-45.077744],[168.7464,-45.077765]]}},{"type":"Feature","properties":{"building_id":4739074,"kind":"cliff"},"geometry":{"type":"LineString","coordinates":[[168.746387,-45.077783],[168.7464,-45.077765]]}},{"type":"Feature","properties":{"building_id":4740398,"kind":"ridge"},"geometry":{"type":"LineString","coordinates":[[168.673891,-45.035607],[168.673947,-45.03571]]}},{"type":"Feature","properties":{"building_id":4740398,"kind":"cliff"},"geometry":{"type":"LineString","coordinates":[[168.673947,-45.03571],[168.673907,-45.03572]]}},{"type":"Feature","properties":{"building_id":4740398,"kind":"cliff"},"geometry":{"type":"LineString","coordinates":[[168.673947,-45.03571],[168.673983,-45.0357]]}},{"type":"Feature","properties":{"building_id":4740398,"kind":"cliff"},"geometry":{"type":"LineString","coordinates":[[168.673983,-45.0357],[168.673971,-45.035681]]}},{"type":"Feature","properties":{"building_id":4740398,"kind":"cliff"},"geometry":{"type":"LineString","coordinates":[[168.673979,-45.035694],[168.673995,-45.035689]]}},{"type":"Feature","properties":{"building_id":4740398,"kind":"cliff"},"geometry":{"type":"LineString","coordinates":[[168.673995,-45.035689],[168.673988,-45.035676]]}},{"type":"Feature","properties":{"building_id":4740398,"kind":"cliff"},"geometry":{"type":"LineString","coordinates":[[168.673971,-45.035681],[168.673977,-45.035679]]}},{"type":"Feature","properties":{"building_id":4740398,"kind":"cliff"},"geometry":{"type":"LineString","coordinates":[[168.673907,-45.03572],[168.673883,-45.035672]]}},{"type":"Feature","properties":{"building_id":4740398,"kind":"ridge"},"geometry":{"type":"LineString","coordinates":[[168.674014,-45.035746],[168.673983,-45.035693]]}},{"type":"Feature","properties":{"building_id":4740398,"kind":"valley"},"geometry":{"type":"LineString","coordinates":[[168.673932,-45.035714],[168.673951,-45.035745]]}},{"type":"Feature","properties":{"building_id":4740398,"kind":"valley"},"geometry":{"type":"LineString","coordinates":[[168.673951,-45.035745],[168.673935,-45.035748]]}},{"type":"Feature","properties":{"building_id":4741639,"kind":"ridge"},"geometry":{"type":"LineString","coordinates":[[168.691012,-45.04451],[168.691134,-45.044473]]}},{"type":"Feature","properties":{"building_id":4741639,"kind":"ridge"},"geometry":{"type":"LineString","coordinates":[[168.690993,-45.044465],[168.691107,-45.044431]]}},{"type":"Feature","properties":{"building_id":4741639,"kind":"cliff"},"geometry":{"type":"LineString","coordinates":[[168.69101,-45.044472],[168.691017,-45.044484]]}},{"type":"Feature","properties":{"building_id":4741639,"kind":"cliff"},"geometry":{"type":"LineString","coordinates":[[168.69101,-45.044472],[168.69102,-45.044466]]}},{"type":"Feature","properties":{"building_id":4741639,"kind":"cliff"},"geometry":{"type":"LineString","coordinates":[[168.69102,-45.044466],[168.691032,-45.044465]]}},{"type":"Feature","properties":{"building_id":4741639,"kind":"cliff"},"geometry":{"type":"LineString","coordinates":[[168.691032,-45.044465],[168.691038,-45.044476]]}},{"type":"Feature","properties":{"building_id":4741639,"kind":"cliff"},"geometry":{"type":"LineString","coordinates":[[168.691064,-45.044467],[168.691056,-45.044456]]}},{"type":"Feature","properties":{"building_id":4741639,"kind":"cliff"},"geometry":{"type":"LineString","coordinates":[[168.691056,-45.044456],[168.691067,-45.044451]]}},{"type":"Feature","properties":{"building_id":4741639,"kind":"cliff"},"geometry":{"type":"LineString","coordinates":[[168.691067,-45.044451],[168.691081,-45.04445]]}},{"type":"Feature","properties":{"building_id":4741639,"kind":"cliff"},"geometry":{"type":"LineString","coordinates":[[168.691081,-45.04445],[168.691087,-45.044458]]}},{"type":"Feature","properties":{"building_id":4741639,"kind":"ridge"},"geometry":{"type":"LineString","coordinates":[[168.691086,-45.044475],[168.691067,-45.044451]]}},{"type":"Feature","properties":{"building_id":4741639,"kind":"ridge"},"geometry":{"type":"LineString","coordinates":[[168.691036,-45.044491],[168.69102,-45.044466]]}},{"type":"Feature","properties":{"building_id":4741639,"kind":"valley"},"geometry":{"type":"LineString","coordinates":[[168.691036,-45.044491],[168.691017,-45.044484]]}},{"type":"Feature","properties":{"building_id":4741639,"kind":"valley"},"geometry":{"type":"LineString","coordinates":[[168.691036,-45.044491],[168.691038,-45.044476]]}},{"type":"Feature","properties":{"building_id":4741639,"kind":"valley"},"geometry":{"type":"LineString","coordinates":[[168.691086,-45.044475],[168.691064,-45.044467]]}},{"type":"Feature","properties":{"building_id":4741639,"kind":"valley"},"geometry":{"type":"LineString","coordinates":[[168.691086,-45.044475],[168.691087,-45.044458]]}},{"type":"Feature","properties":{"building_id":4741798,"kind":"ridge"},"geometry":{"type":"LineString","coordinates":[[168.693019,-45.043844],[168.693052,-45.043813]]}},{"type":"Feature","properties":{"building_id":4741798,"kind":"ridge"},"geometry":{"type":"LineString","coordinates":[[168.693033,-45.043803],[168.693087,-45.04375]]}},{"type":"Feature","properties":{"building_id":4741798,"kind":"ridge"},"geometry":{"type":"LineString","coordinates":[[168.693105,-45.043763],[168.693154,-45.043715]]}},{"type":"Feature","properties":{"building_id":4741798,"kind":"cliff"},"geometry":{"type":"LineString","coordinates":[[168.693105,-45.043763],[168.693094,-45.043756]]}},{"type":"Feature","properties":{"building_id":4741798,"kind":"cliff"},"geometry":{"type":"LineString","coordinates":[[168.693105,-45.043763],[168.693116,-45.04377]]}},{"type":"Feature","properties":{"building_id":4741798,"kind":"cliff"},"geometry":{"type":"LineString","coordinates":[[168.693052,-45.043813],[168.693033,-45.043803]]}},{"type":"Feature","properties":{"building_id":4741798,"kind":"cliff"},"geometry":{"type":"LineString","coordinates":[[168.693033,-45.043803],[168.693016,-45.043795]]}},{"type":"Feature","properties":{"building_id":4741798,"kind":"cliff"},"geometry":{"type":"LineString","coordinates":[[168.693094,-45.043756],[168.693087,-45.04375]]}},{"type":"Feature","properties":{"building_id":4741798,"kind":"cliff"},"geometry":{"type":"LineString","coordinates":[[168.693087,-45.04375],[168.693068,-45.043738]]}},{"type":"Feature","properties":{"building_id":4746034,"kind":"ridge"},"geometry":{"type":"LineString","coordinates":[[168.844668,-44.9477],[168.844725,-44.947518]]}},{"type":"Feature","properties":{"building_id":4746034,"kind":"ridge"},"geometry":{"type":"LineString","coordinates":[[168.844705,-44.947512],[168.844679,-44.947486]]}},{"type":"Feature","properties":{"building_id":4746034,"kind":"ridge"},"geometry":{"type":"LineString","coordinates":[[168.844746,-44.947521],[168.844775,-44.947501]]}},{"type":"Feature","properties":{"building_id":4746034,"kind":"ridge"},"geometry":{"type":"LineString","coordinates":[[168.844686,-44.947704],[168.844704,-44.947727]]}},{"type":"Feature","properties":{"building_id":4746034,"kind":"ridge"},"geometry":{"type":"LineString","coordinates":[[168.844648,-44.947697],[168.844608,-44.947712]]}},{"type":"Feature","properties":{"building_id":4746034,"kind":"cliff"},"geometry":{"type":"LineString","coordinates":[[168.844648,-44.947697],[168.844668,-44.9477]]}},{"type":"Feature","properties":{"building_id":4746034,"kind":"cliff"},"geometry":{"type":"LineString","coordinates":[[168.844668,-44.9477],[168.844686,-44.947704]]}},{"type":"Feature","properties":{"building_id":4746034,"kind":"cliff"},"geometry":{"type":"LineString","coordinates":[[168.844705,-44.947512],[168.844725,-44.947518]]}},{"type":"Feature","properties":{"building_id":4746034,"kind":"cliff"},"geometry":{"type":"LineString","coordinates":[[168.844725,-44.947518],[168.844746,-44.947521]]}},{"type":"Feature","properties":{"building_id":4746034,"kind":"valley"},"geometry":{"type":"LineString","coordinates":[[168.844779,-44.947572],[168.84477,-44.947548]]}},{"type":"Feature","properties":{"building_id":4746034,"kind":"cliff"},"geometry":{"type":"LineString","coordinates":[[168.84477,-44.947548],[168.844764,-44.947547]]}},{"type":"Feature","properties":{"building_id":4746034,"kind":"cliff"},"geometry":{"type":"LineString","coordinates":[[168.844764,-44.947547],[168.844777,-44.947508]]}},{"type":"Feature","properties":{"building_id":4746034,"kind":"cliff"},"geometry":{"type":"LineString","coordinates":[[168.844779,-44.947572],[168.844768,-44.947571]]}},{"type":"Feature","properties":{"building_id":4747375,"kind":"ridge"},"geometry":{"type":"LineString","coordinates":[[168.759176,-45.045065],[168.759298,-45.04502]]}},{"type":"Feature","properties":{"building_id":4747375,"kind":"cliff"},"geometry":{"type":"LineString","coordinates":[[168.759298,-45.04502],[168.759296,-45.045008]]}},{"type":"Feature","properties":{"building_id":4747375,"kind":"cliff"},"geometry":{"type":"LineString","coordinates":[[168.759298,-45.04502],[168.759344,-45.045069]]}},{"type":"Feature","properties":{"building_id":4747535,"kind":"ridge"},"geometry":{"type":"LineString","coordinates":[[168.802142,-44.950002],[168.802119,-44.950128]]}},{"type":"Feature","properties":{"building_id":4747535,"kind":"ridge"},"geometry":{"type":"LineString","coordinates":[[168.802306,-44.950077],[168.802287,-44.950195]]}},{"type":"Feature","properties":{"building_id":4747535,"kind":"ridge"},"geometry":{"type":"LineString","coordinates":[[168.802406,-44.950065],[168.802418,-44.94996]]}},{"type":"Feature","properties":{"building_id":4747535,"kind":"cliff"},"geometry":{"type":"LineString","coordinates":[[168.802406,-44.950065],[168.802448,-44.950064]]}},{"type":"Feature","properties":{"building_id":4747535,"kind":"cliff"},"geometry":{"type":"LineString","coordinates":[[168.802406,-44.950065],[168.802359,-44.950059]]}},{"type":"Feature","properties":{"building_id":4747535,"kind":"cliff"},"geometry":{"type":"LineString","coordinates":[[168.802341,-44.950076],[168.802306,-44.950077]]}},{"type":"Feature","properties":{"building_id":4747535,"kind":"cliff"},"geometry":{"type":"LineString","coordinates":[[168.802306,-44.950077],[168.802258,-44.950069]]}},{"type":"Feature","properties":{"building_id":4747535,"kind":"cliff"},"geometry":{"type":"LineString","coordinates":[[168.802258,-44.950069],[168.802247,-44.950122]]}},{"type":"Feature","properties":{"building_id":4747535,"kind":"cliff"},"geometry":{"type":"LineString","coordinates":[[168.802119,-44.950128],[168.802159,-44.950129]]}},{"type":"Feature","properties":{"building_id":4747535,"kind":"cliff"},"geometry":{"type":"LineString","coordinates":[[168.802119,-44.950128],[168.802065,-44.950121]]}},{"type":"Feature","properties":{"building_id":4747535,"kind":"cliff"},"geometry":{"type":"LineString","coordinates":[[168.802173,-44.95006],[168.802245,-44.950065]]}},{"type":"Feature","properties":{"building_id":4747535,"kind":"cliff"},"geometry":{"type":"LineString","coordinates":[[168.802245,-44.950065],[168.802248,-44.950016]]}},{"type":"Feature","properties":{"building_id":4747535,"kind":"cliff"},"geometry":{"type":"LineString","coordinates":[[168.802173,-44.95006],[168.802177,-44.950011]]}},{"type":"Feature","properties":{"building_id":4747535,"kind":"cliff"},"geometry":{"type":"LineString","coordinates":[[168.802159,-44.950129],[168.802161,-44.950116]]}},{"type":"Feature","properties":{"building_id":4747535,"kind":"cliff"},"geometry":{"type":"LineString","coordinates":[[168.802161,-44.950116],[168.802247,-44.950122]]}},{"type":"Feature","properties":{"building_id":4747535,"kind":"cliff"},"geometry":{"type":"LineString","coordinates":[[168.802173,-44.95006],[168.802161,-44.950116]]}},{"type":"Feature","properties":{"building_id":4747535,"kind":"cliff"},"geometry":{"type":"LineString","coordinates":[[168.802341,-44.950076],[168.802353,-44.950077]]}},{"type":"Feature","properties":{"building_id":4747535,"kind":"cliff"},"geometry":{"type":"LineString","coordinates":[[168.802359,-44.950059],[168.802366,-44.950013]]}},{"type":"Feature","properties":{"building_id":5371487,"kind":"ridge"},"geometry":{"type":"LineString","coordinates":[[168.74784,-45.066454],[168.748063,-45.066605]]}},{"type":"Feature","properties":{"building_id":5371487,"kind":"ridge"},"geometry":{"type":"LineString","coordinates":[[168.74789,-45.066388],[168.748075,-45.066439]]}},{"type":"Feature","properties":{"building_id":5371487,"kind":"ridge"},"geometry":{"type":"LineString","coordinates":[[168.747979,-45.066433],[168.747946,-45.066493]]}},{"type":"Feature","properties":{"building_id":5371487,"kind":"valley"},"geometry":{"type":"LineString","coordinates":[[168.747946,-45.066493],[168.747922,-45.066462]]}},{"type":"Feature","properties":{"building_id":5371487,"kind":"valley"},"geometry":{"type":"LineString","coordinates":[[168.747946,-45.066493],[168.747991,-45.066501]]}},{"type":"Feature","properties":{"building_id":5371487,"kind":"valley"},"geometry":{"type":"LineString","coordinates":[[168.747979,-45.066433],[168.748019,-45.066453]]}},{"type":"Feature","properties":{"building_id":5371487,"kind":"valley"},"geometry":{"type":"LineString","coordinates":[[168.747979,-45.066433],[168.747948,-45.06643]]}},{"type":"Feature","properties":{"building_id":5372220,"kind":"cliff"},"geometry":{"type":"LineString","coordinates":[[168.742018,-45.026445],[168.742312,-45.026375]]}},{"type":"Feature","properties":{"building_id":5372220,"kind":"cliff"},"geometry":{"type":"LineString","coordinates":[[168.742018,-45.026445],[168.74195,-45.026308]]}},{"type":"Feature","properties":{"building_id":5372220,"kind":"ridge"},"geometry":{"type":"LineString","coordinates":[[168.742018,-45.026445],[168.742115,-45.026664]]}},{"type":"Feature","properties":{"building_id":5372220,"kind":"cliff"},"geometry":{"type":"LineString","coordinates":[[168.741742,-45.026636],[168.7418,-45.026737]]}},{"type":"Feature","properties":{"building_id":4735073,"kind":"ridge"},"geometry":{"type":"LineString","coordinates":[[168.661697,-45.029827],[168.661556,-45.029726]]}},{"type":"Feature","properties":{"building_id":4735099,"kind":"ridge"},"geometry":{"type":"LineString","coordinates":[[168.659012,-45.030102],[168.65897,-45.030131]]}},{"type":"Feature","properties":{"building_id":4735099,"kind":"ridge"},"geometry":{"type":"LineString","coordinates":[[168.65907,-45.030017],[168.659028,-45.029986]]}},{"type":"Feature","properties":{"building_id":4735099,"kind":"ridge"},"geometry":{"type":"LineString","coordinates":[[168.658997,-45.030089],[168.659038,-45.030061]]}},{"type":"Feature","properties":{"building_id":4735099,"kind":"ridge"},"geometry":{"type":"LineString","coordinates":[[168.659027,-45.030053],[168.659101,-45.030004]]}},{"type":"Feature","properties":{"building_id":4735099,"kind":"valley"},"geometry":{"type":"LineString","coordinates":[[168.65907,-45.030017],[168.659012,-45.030016]]}},{"type":"Feature","properties":{"building_id":4735099,"kind":"valley"},"geometry":{"type":"LineString","coordinates":[[168.65907,-45.030017],[168.659069,-45.029983]]}},{"type":"Feature","properties":{"building_id":4735099,"kind":"cliff"},"geometry":{"type":"LineString","coordinates":[[168.658997,-45.030089],[168.658978,-45.030077]]}},{"type":"Feature","properties":{"building_id":4735099,"kind":"cliff"},"geometry":{"type":"LineString","coordinates":[[168.658997,-45.030089],[168.659012,-45.030102]]}},{"type":"Feature","properties":{"building_id":4735099,"kind":"cliff"},"geometry":{"type":"LineString","coordinates":[[168.659038,-45.030061],[168.659027,-45.030053]]}},{"type":"Feature","properties":{"building_id":4735099,"kind":"cliff"},"geometry":{"type":"LineString","coordinates":[[168.659038,-45.030061],[168.659062,-45.030075]]}},{"type":"Feature","properties":{"building_id":4735104,"kind":"ridge"},"geometry":{"type":"LineString","coordinates":[[168.65919,-45.030376],[168.659273,-45.030318]]}},{"type":"Feature","properties":{"building_id":4735104,"kind":"cliff"},"geometry":{"type":"LineString","coordinates":[[168.659273,-45.030318],[168.659306,-45.030342]]}},{"type":"Feature","properties":{"building_id":4735104,"kind":"cliff"},"geometry":{"type":"LineString","coordinates":[[168.659273,-45.030318],[168.65924,-45.030297]]}},{"type":"Feature","properties":{"building_id":4735104,"kind":"cliff"},"geometry":{"type":"LineString","coordinates":[[168.65924,-45.030297],[168.659202,-45.030321]]}},{"type":"Feature","properties":{"building_id":4735104,"kind":"cliff"},"geometry":{"type":"LineString","coordinates":[[168.659202,-45.030321],[168.659197,-45.030317]]}},{"type":"Feature","properties":{"building_id":4735104,"kind":"ridge"},"geometry":{"type":"LineString","coordinates":[[168.659233,-45.030286],[168.659253,-45.0303]]}},{"type":"Feature","properties":{"building_id":4735104,"kind":"ridge"},"geometry":{"type":"LineString","coordinates":[[168.659253,-45.0303],[168.659331,-45.030299]]}},{"type":"Feature","properties":{"building_id":4735104,"kind":"ridge"},"geometry":{"type":"LineString","coordinates":[[168.659233,-45.030286],[168.659153,-45.030285]]}},{"type":"Feature","properties":{"building_id":4735104,"kind":"ridge"},"geometry":{"type":"LineString","coordinates":[[168.659233,-45.030286],[168.659229,-45.030232]]}},{"type":"Feature","properties":{"building_id":4735104,"kind":"ridge"},"geometry":{"type":"LineString","coordinates":[[168.659252,-45.030274],[168.659297,-45.030242]]}},{"type":"Feature","properties":{"building_id":4735104,"kind":"valley"},"geometry":{"type":"LineString","coordinates":[[168.659252,-45.030274],[168.659296,-45.030274]]}},{"type":"Feature","properties":{"building_id":4735104,"kind":"valley"},"geometry":{"type":"LineString","coordinates":[[168.659252,-45.030274],[168.659247,-45.030238]]}},{"type":"Feature","properties":{"building_id":4735104,"kind":"valley"},"geometry":{"type":"LineString","coordinates":[[168.659276,-45.030321],[168.659307,-45.03032]]}},{"type":"Feature","properties":{"building_id":4735104,"kind":"ridge"},"geometry":{"type":"LineString","coordinates":[[168.659253,-45.0303],[168.659253,-45.030305]]}},{"type":"Feature","properties":{"building_id":4735113,"kind":"ridge"},"geometry":{"type":"LineString","coordinates":[[168.658811,-45.02998],[168.658895,-45.03004]]}},{"type":"Feature","properties":{"building_id":4735130,"kind":"ridge"},"geometry":{"type":"LineString","coordinates":[[168.662076,-45.02993],[168.66219,-45.030012]]}},{"type":"Feature","properties":{"building_id":4735130,"kind":"cliff"},"geometry":{"type":"LineString","coordinates":[[168.662144,-45.029929],[168.662201,-45.029971]]}},{"type":"Feature","properties":{"building_id":4735138,"kind":"ridge"},"geometry":{"type":"LineString","coordinates":[[168.657703,-45.030797],[168.657855,-45.030724]]}},{"type":"Feature","properties":{"building_id":4735146,"kind":"ridge"},"geometry":{"type":"LineString","coordinates":[[168.658326,-45.030314],[168.658388,-45.030371]]}},{"type":"Feature","properties":{"building_id":4735146,"kind":"cliff"},"geometry":{"type":"LineString","coordinates":[[168.658326,-45.030314],[168.658368,-45.030292]]}},{"type":"Feature","properties":{"building_id":4735378,"kind":"ridge"},"geometry":{"type":"LineString","coordinates":[[168.662849,-45.031449],[168.662945,-45.031379]]}},{"type":"Feature","properties":{"building_id":4735624,"kind":"ridge"},"geometry":{"type":"LineString","coordinates":[[168.660529,-45.030195],[168.660606,-45.030247]]}},{"type":"Feature","properties":{"building_id":4735624,"kind":"cliff"},"geometry":{"type":"LineString","coordinates":[[168.660606,-45.030247],[168.660573,-45.030275]]}},{"type":"Feature","properties":{"building_id":4735624,"kind":"cliff"},"geometry":{"type":"LineString","coordinates":[[168.660606,-45.030247],[168.660642,-45.030217]]}},{"type":"Feature","properties":{"building_id":4735624,"kind":"cliff"},"geometry":{"type":"LineString","coordinates":[[168.660529,-45.030195],[168.660484,-45.030224]]}},{"type":"Feature","properties":{"building_id":4735624,"kind":"cliff"},"geometry":{"type":"LineString","coordinates":[[168.660529,-45.030195],[168.660567,-45.030166]]}},{"type":"Feature","properties":{"building_id":5371118,"kind":"cliff"},"geometry":{"type":"LineString","coordinates":[[168.658269,-45.031252],[168.658355,-45.03133]]}},{"type":"Feature","properties":{"building_id":5371118,"kind":"cliff"},"geometry":{"type":"LineString","coordinates":[[168.658269,-45.031252],[168.658234,-45.031269]]}},{"type":"Feature","properties":{"building_id":5372590,"kind":"cliff"},"geometry":{"type":"LineString","coordinates":[[168.661461,-45.031765],[168.661393,-45.031812]]}},{"type":"Feature","properties":{"building_id":5372592,"kind":"ridge"},"geometry":{"type":"LineString","coordinates":[[168.66144,-45.031703],[168.661545,-45.031779]]}},{"type":"Feature","properties":{"building_id":5372592,"kind":"cliff"},"geometry":{"type":"LineString","coordinates":[[168.661409,-45.031729],[168.66144,-45.031703]]}},{"type":"Feature","properties":{"building_id":5372592,"kind":"cliff"},"geometry":{"type":"LineString","coordinates":[[168.66144,-45.031703],[168.661474,-45.031681]]}},{"type":"Feature","properties":{"building_id":5370320,"kind":"cliff"},"geometry":{"type":"LineString","coordinates":[[168.662065,-45.032947],[168.662244,-45.032823]]}},{"type":"Feature","properties":{"building_id":5370354,"kind":"ridge"},"geometry":{"type":"LineString","coordinates":[[168.659675,-45.032554],[168.659795,-45.032453]]}},{"type":"Feature","properties":{"building_id":5370354,"kind":"ridge"},"geometry":{"type":"LineString","coordinates":[[168.659795,-45.032453],[168.659808,-45.032394]]}},{"type":"Feature","properties":{"building_id":5370354,"kind":"ridge"},"geometry":{"type":"LineString","coordinates":[[168.659795,-45.032453],[168.659879,-45.032436]]}},{"type":"Feature","properties":{"building_id":5372610,"kind":"ridge"},"geometry":{"type":"LineString","coordinates":[[168.660133,-45.032665],[168.660127,-45.032633]]}},{"type":"Feature","properties":{"building_id":5372610,"kind":"ridge"},"geometry":{"type":"LineString","coordinates":[[168.660163,-45.03268],[168.660203,-45.032678]]}},{"type":"Feature","properties":{"building_id":5372610,"kind":"ridge"},"geometry":{"type":"LineString","coordinates":[[168.660137,-45.032695],[168.660138,-45.032733]]}},{"type":"Feature","properties":{"building_id":5372610,"kind":"ridge"},"geometry":{"type":"LineString","coordinates":[[168.660117,-45.032683],[168.660062,-45.032685]]}},{"type":"Feature","properties":{"building_id":5372610,"kind":"valley"},"geometry":{"type":"LineString","coordinates":[[168.660127,-45.032633],[168.660062,-45.032685]]}},{"type":"Feature","properties":{"building_id":5372610,"kind":"valley"},"geometry":{"type":"LineString","coordinates":[[168.660062,-45.032685],[168.660138,-45.032733]]}},{"type":"Feature","properties":{"building_id":5372610,"kind":"valley"},"geometry":{"type":"LineString","coordinates":[[168.660138,-45.032733],[168.660203,-45.032678]]}},{"type":"Feature","properties":{"building_id":5372610,"kind":"valley"},"geometry":{"type":"LineString","coordinates":[[168.660203,-45.032678],[168.660127,-45.032633]]}},{"type":"Feature","properties":{"building_id":5372610,"kind":"cliff"},"geometry":{"type":"LineString","coordinates":[[168.660133,-45.032665],[168.660163,-45.03268]]}},{"type":"Feature","properties":{"building_id":5372610,"kind":"cliff"},"geometry":{"type":"LineString","coordinates":[[168.660163,-45.03268],[168.660137,-45.032695]]}},{"type":"Feature","properties":{"building_id":5372610,"kind":"cliff"},"geometry":{"type":"LineString","coordinates":[[168.660137,-45.032695],[168.660117,-45.032683]]}},{"type":"Feature","properties":{"building_id":5372610,"kind":"cliff"},"geometry":{"type":"LineString","coordinates":[[168.660117,-45.032683],[168.660133,-45.032665]]}},{"type":"Feature","properties":{"building_id":5372610,"kind":"cliff"},"geometry":{"type":"LineString","coordinates":[[168.660064,-45.032727],[168.660049,-45.032704]]}},{"type":"Feature","properties":{"building_id":5372610,"kind":"cliff"},"geometry":{"type":"LineString","coordinates":[[168.660049,-45.032704],[168.660033,-45.032717]]}},{"type":"Feature","properties":{"building_id":4725488,"kind":"cliff"},"geometry":{"type":"LineString","coordinates":[[168.66524,-45.033412],[168.665249,-45.033413]]}},{"type":"Feature","properties":{"building_id":4725488,"kind":"cliff"},"geometry":{"type":"LineString","coordinates":[[168.665249,-45.033413],[168.665252,-45.033421]]}},{"type":"Feature","properties":{"building_id":4725488,"kind":"cliff"},"geometry":{"type":"LineString","coordinates":[[168.665252,-45.033421],[168.665245,-45.033425]]}},{"type":"Feature","properties":{"building_id":4725488,"kind":"cliff"},"geometry":{"type":"LineString","coordinates":[[168.665245,-45.033425],[168.665235,-45.033424]]}},{"type":"Feature","properties":{"building_id":4725488,"kind":"cliff"},"geometry":{"type":"LineString","coordinates":[[168.665235,-45.033424],[168.665231,-45.033418]]}},{"type":"Feature","properties":{"building_id":4725488,"kind":"cliff"},"geometry":{"type":"LineString","coordinates":[[168.665231,-45.033418],[168.66524,-45.033412]]}},{"type":"Feature","properties":{"building_id":4725488,"kind":"ridge"},"geometry":{"type":"LineString","coordinates":[[168.66524,-45.033412],[168.665231,-45.033374]]}},{"type":"Feature","properties":{"building_id":4725488,"kind":"ridge"},"geometry":{"type":"LineString","coordinates":[[168.665231,-45.033418],[168.665184,-45.033407]]}},{"type":"Feature","properties":{"building_id":4725488,"kind":"ridge"},"geometry":{"type":"LineString","coordinates":[[168.665235,-45.033424],[168.665199,-45.033452]]}},{"type":"Feature","properties":{"building_id":4725488,"kind":"ridge"},"geometry":{"type":"LineString","coordinates":[[168.665245,-45.033425],[168.665256,-45.033456]]}},{"type":"Feature","properties":{"building_id":4725488,"kind":"ridge"},"geometry":{"type":"LineString","coordinates":[[168.665252,-45.033421],[168.665297,-45.033431]]}},{"type":"Feature","properties":{"building_id":4725488,"kind":"ridge"},"geometry":{"type":"LineString","coordinates":[[168.66525,-45.033416],[168.665299,-45.033387]]}},{"type":"Feature","properties":{"building_id":4725488,"kind":"valley"},"geometry":{"type":"LineString","coordinates":[[168.665297,-45.033431],[168.665311,-45.033421]]}},{"type":"Feature","properties":{"building_id":4725488,"kind":"valley"},"geometry":{"type":"LineString","coordinates":[[168.665256,-45.033456],[168.665248,-45.033461]]}},{"type":"Feature","properties":{"building_id":4725488,"kind":"valley"},"geometry":{"type":"LineString","coordinates":[[168.665256,-45.033456],[168.665297,-45.033431]]}},{"type":"Feature","properties":{"building_id":4725488,"kind":"valley"},"geometry":{"type":"LineString","coordinates":[[168.665313,-45.033507],[168.665322,-45.033502]]}},{"type":"Feature","properties":{"building_id":4725488,"kind":"valley"},"geometry":{"type":"LineString","coordinates":[[168.665322,-45.033502],[168.66536,-45.033477]]}},{"type":"Feature","properties":{"building_id":4725488,"kind":"valley"},"geometry":{"type":"LineString","coordinates":[[168.66536,-45.033477],[168.665378,-45.033468]]}},{"type":"Feature","properties":{"building_id":4725488,"kind":"cliff"},"geometry":{"type":"LineString","coordinates":[[168.665304,-45.033458],[168.665315,-45.03346]]}},{"type":"Feature","properties":{"building_id":4725488,"kind":"cliff"},"geometry":{"type":"LineString","coordinates":[[168.665315,-45.03346],[168.665316,-45.033467]]}},{"type":"Feature","properties":{"building_id":4725488,"kind":"cliff"},"geometry":{"type":"LineString","coordinates":[[168.665316,-45.033467],[168.66531,-45.033471]]}},{"type":"Feature","properties":{"building_id":4725488,"kind":"cliff"},"geometry":{"type":"LineString","coordinates":[[168.66531,-45.033471],[168.6653,-45.03347]]}},{"type":"Feature","properties":{"building_id":4725488,"kind":"cliff"},"geometry":{"type":"LineString","coordinates":[[168.6653,-45.03347],[168.665296,-45.033464]]}},{"type":"Feature","properties":{"building_id":4725488,"kind":"cliff"},"geometry":{"type":"LineString","coordinates":[[168.665296,-45.033464],[168.665304,-45.033458]]}},{"type":"Feature","properties":{"building_id":4725488,"kind":"ridge"},"geometry":{"type":"LineString","coordinates":[[168.665304,-45.033458],[168.665297,-45.033431]]}},{"type":"Feature","properties":{"building_id":4725488,"kind":"ridge"},"geometry":{"type":"LineString","coordinates":[[168.665315,-45.03346],[168.665365,-45.033432]]}},{"type":"Feature","properties":{"building_id":4725488,"kind":"ridge"},"geometry":{"type":"LineString","coordinates":[[168.665316,-45.033467],[168.66536,-45.033477]]}},{"type":"Feature","properties":{"building_id":4725488,"kind":"ridge"},"geometry":{"type":"LineString","coordinates":[[168.66531,-45.033471],[168.665322,-45.033502]]}},{"type":"Feature","properties":{"building_id":4725488,"kind":"ridge"},"geometry":{"type":"LineString","coordinates":[[168.6653,-45.03347],[168.665262,-45.033497]]}},{"type":"Feature","properties":{"building_id":4725488,"kind":"ridge"},"geometry":{"type":"LineString","coordinates":[[168.665296,-45.033464],[168.665256,-45.033456]]}},{"type":"Feature","properties":{"building_id":4725488,"kind":"cliff"},"geometry":{"type":"LineString","coordinates":[[168.665368,-45.033503],[168.665361,-45.033508]]}},{"type":"Feature","properties":{"building_id":4725488,"kind":"cliff"},"geometry":{"type":"LineString","coordinates":[[168.665361,-45.033508],[168.665362,-45.033515]]}},{"type":"Feature","properties":{"building_id":4725488,"kind":"cliff"},"geometry":{"type":"LineString","coordinates":[[168.665362,-45.033515],[168.665371,-45.033517]]}},{"type":"Feature","properties":{"building_id":4725488,"kind":"cliff"},"geometry":{"type":"LineString","coordinates":[[168.665371,-45.033517],[168.665378,-45.033513]]}},{"type":"Feature","properties":{"building_id":4725488,"kind":"cliff"},"geometry":{"type":"LineString","coordinates":[[168.665378,-45.033513],[168.665377,-45.033508]]}},{"type":"Feature","properties":{"building_id":4725488,"kind":"cliff"},"geometry":{"type":"LineString","coordinates":[[168.665377,-45.033508],[168.665368,-45.033503]]}},{"type":"Feature","properties":{"building_id":4725488,"kind":"cliff"},"geometry":{"type":"LineString","coordinates":[[168.665432,-45.033548],[168.665424,-45.033553]]}},{"type":"Feature","properties":{"building_id":4725488,"kind":"cliff"},"geometry":{"type":"LineString","coordinates":[[168.665424,-45.033553],[168.665425,-45.03356]]}},{"type":"Feature","properties":{"building_id":4725488,"kind":"cliff"},"geometry":{"type":"LineString","coordinates":[[168.665425,-45.03356],[168.665435,-45.033563]]}},{"type":"Feature","properties":{"building_id":4725488,"kind":"cliff"},"geometry":{"type":"LineString","coordinates":[[168.665435,-45.033563],[168.665443,-45.033559]]}},{"type":"Feature","properties":{"building_id":4725488,"kind":"cliff"},"geometry":{"type":"LineString","coordinates":[[168.665443,-45.033559],[168.665442,-45.033553]]}},{"type":"Feature","properties":{"building_id":4725488,"kind":"cliff"},"geometry":{"type":"LineString","coordinates":[[168.665442,-45.033553],[168.665432,-45.033548]]}},{"type":"Feature","properties":{"building_id":4725488,"kind":"ridge"},"geometry":{"type":"LineString","coordinates":[[168.66536,-45.033477],[168.665368,-45.033503]]}},{"type":"Feature","properties":{"building_id":4725488,"kind":"ridge"},"geometry":{"type":"LineString","coordinates":[[168.665377,-45.033508],[168.665428,-45.033478]]}},{"type":"Feature","properties":{"building_id":4725488,"kind":"ridge"},"geometry":{"type":"LineString","coordinates":[[168.665378,-45.033513],[168.665423,-45.033522]]}},{"type":"Feature","properties":{"building_id":4725488,"kind":"ridge"},"geometry":{"type":"LineString","coordinates":[[168.665371,-45.033517],[168.665384,-45.033547]]}},{"type":"Feature","properties":{"building_id":4725488,"kind":"ridge"},"geometry":{"type":"LineString","coordinates":[[168.665362,-45.033515],[168.665326,-45.033543]]}},{"type":"Feature","properties":{"building_id":4725488,"kind":"ridge"},"geometry":{"type":"LineString","coordinates":[[168.665361,-45.033508],[168.665322,-45.033502]]}},{"type":"Feature","properties":{"building_id":4725488,"kind":"valley"},"geometry":{"type":"LineString","coordinates":[[168.665378,-45.033553],[168.665384,-45.033547]]}},{"type":"Feature","properties":{"building_id":4725488,"kind":"valley"},"geometry":{"type":"LineString","coordinates":[[168.665384,-45.033547],[168.665423,-45.033522]]}},{"type":"Feature","properties":{"building_id":4725488,"kind":"valley"},"geometry":{"type":"LineString","coordinates":[[168.665423,-45.033522],[168.665441,-45.033513]]}},{"type":"Feature","properties":{"building_id":4725488,"kind":"valley"},"geometry":{"type":"LineString","coordinates":[[168.665442,-45.033599],[168.665448,-45.033593]]}},{"type":"Feature","properties":{"building_id":4725488,"kind":"valley"},"geometry":{"type":"LineString","coordinates":[[168.665448,-45.033593],[168.665488,-45.033568]]}},{"type":"Feature","properties":{"building_id":4725488,"kind":"valley"},"geometry":{"type":"LineString","coordinates":[[168.665488,-45.033568],[168.665504,-45.033559]]}},{"type":"Feature","properties":{"building_id":4725488,"kind":"valley"},"geometry":{"type":"LineString","coordinates":[[168.665507,-45.033644],[168.665513,-45.033638]]}},{"type":"Feature","properties":{"building_id":4725488,"kind":"valley"},"geometry":{"type":"LineString","coordinates":[[168.665513,-45.033638],[168.665553,-45.033613]]}},{"type":"Feature","properties":{"building_id":4725488,"kind":"valley"},"geometry":{"type":"LineString","coordinates":[[168.665553,-45.033613],[168.665568,-45.033605]]}},{"type":"Feature","properties":{"building_id":4725488,"kind":"ridge"},"geometry":{"type":"LineString","coordinates":[[168.665423,-45.033522],[168.665432,-45.033548]]}},{"type":"Feature","properties":{"building_id":4725488,"kind":"ridge"},"geometry":{"type":"LineString","coordinates":[[168.665424,-45.033553],[168.665384,-45.033547]]}},{"type":"Feature","properties":{"building_id":4725488,"kind":"ridge"},"geometry":{"type":"LineString","coordinates":[[168.665425,-45.03356],[168.66539,-45.033589]]}},{"type":"Feature","properties":{"building_id":4725488,"kind":"ridge"},"geometry":{"type":"LineString","coordinates":[[168.665435,-45.033563],[168.665448,-45.033593]]}},{"type":"Feature","properties":{"building_id":4725488,"kind":"ridge"},"geometry":{"type":"LineString","coordinates":[[168.665443,-45.033559],[168.665488,-45.033568]]}},{"type":"Feature","properties":{"building_id":4725488,"kind":"ridge"},"geometry":{"type":"LineString","coordinates":[[168.665442,-45.033553],[168.665491,-45.033523]]}},{"type":"Feature","properties":{"building_id":4725488,"kind":"cliff"},"geometry":{"type":"LineString","coordinates":[[168.665495,-45.033594],[168.665505,-45.033596]]}},{"type":"Feature","properties":{"building_id":4725488,"kind":"cliff"},"geometry":{"type":"LineString","coordinates":[[168.665505,-45.033596],[168.665507,-45.033603]]}},{"type":"Feature","properties":{"building_id":4725488,"kind":"cliff"},"geometry":{"type":"LineString","coordinates":[[168.665507,-45.033603],[168.665501,-45.033608]]}},{"type":"Feature","properties":{"building_id":4725488,"kind":"cliff"},"geometry":{"type":"LineString","coordinates":[[168.665501,-45.033608],[168.665491,-45.033606]]}},{"type":"Feature","properties":{"building_id":4725488,"kind":"cliff"},"geometry":{"type":"LineString","coordinates":[[168.665491,-45.033606],[168.665488,-45.033601]]}},{"type":"Feature","properties":{"building_id":4725488,"kind":"cliff"},"geometry":{"type":"LineString","coordinates":[[168.665488,-45.033601],[168.665495,-45.033594]]}},{"type":"Feature","properties":{"building_id":4725488,"kind":"ridge"},"geometry":{"type":"LineString","coordinates":[[168.665495,-45.033594],[168.665488,-45.033568]]}},{"type":"Feature","properties":{"building_id":4725488,"kind":"ridge"},"geometry":{"type":"LineString","coordinates":[[168.665505,-45.033596],[168.665555,-45.033568]]}},{"type":"Feature","properties":{"building_id":4725488,"kind":"ridge"},"geometry":{"type":"LineString","coordinates":[[168.665507,-45.033603],[168.665553,-45.033613]]}},{"type":"Feature","properties":{"building_id":4725488,"kind":"ridge"},"geometry":{"type":"LineString","coordinates":[[168.665501,-45.033608],[168.665513,-45.033638]]}},{"type":"Feature","properties":{"building_id":4725488,"kind":"ridge"},"geometry":{"type":"LineString","coordinates":[[168.665491,-45.033606],[168.665454,-45.033634]]}},{"type":"Feature","properties":{"building_id":4725488,"kind":"ridge"},"geometry":{"type":"LineString","coordinates":[[168.665488,-45.033601],[168.665448,-45.033593]]}},{"type":"Feature","properties":{"building_id":4725488,"kind":"cliff"},"geometry":{"type":"LineString","coordinates":[[168.665559,-45.03364],[168.665569,-45.033642]]}},{"type":"Feature","properties":{"building_id":4725488,"kind":"cliff"},"geometry":{"type":"LineString","coordinates":[[168.665569,-45.033642],[168.665571,-45.033648]]}},{"type":"Feature","properties":{"building_id":4725488,"kind":"cliff"},"geometry":{"type":"LineString","coordinates":[[168.665571,-45.033648],[168.665565,-45.033653]]}},{"type":"Feature","properties":{"building_id":4725488,"kind":"cliff"},"geometry":{"type":"LineString","coordinates":[[168.665565,-45.033653],[168.665554,-45.033652]]}},{"type":"Feature","properties":{"building_id":4725488,"kind":"cliff"},"geometry":{"type":"LineString","coordinates":[[168.665554,-45.033652],[168.665551,-45.033646]]}},{"type":"Feature","properties":{"building_id":4725488,"kind":"cliff"},"geometry":{"type":"LineString","coordinates":[[168.665551,-45.033646],[168.665559,-45.03364]]}},{"type":"Feature","properties":{"building_id":4725488,"kind":"cliff"},"geometry":{"type":"LineString","coordinates":[[168.665615,-45.03369],[168.665622,-45.033685]]}},{"type":"Feature","properties":{"building_id":4725488,"kind":"cliff"},"geometry":{"type":"LineString","coordinates":[[168.665622,-45.033685],[168.665631,-45.033687]]}},{"type":"Feature","properties":{"building_id":4725488,"kind":"cliff"},"geometry":{"type":"LineString","coordinates":[[168.665631,-45.033687],[168.665634,-45.033693]]}},{"type":"Feature","properties":{"building_id":4725488,"kind":"cliff"},"geometry":{"type":"LineString","coordinates":[[168.665634,-45.033693],[168.665628,-45.033698]]}},{"type":"Feature","properties":{"building_id":4725488,"kind":"cliff"},"geometry":{"type":"LineString","coordinates":[[168.665628,-45.033698],[168.665618,-45.033697]]}},{"type":"Feature","properties":{"building_id":4725488,"kind":"cliff"},"geometry":{"type":"LineString","coordinates":[[168.665618,-45.033697],[168.665615,-45.03369]]}},{"type":"Feature","properties":{"building_id":4725488,"kind":"cliff"},"geometry":{"type":"LineString","coordinates":[[168.665703,-45.033673],[168.665711,-45.03367]]}},{"type":"Feature","properties":{"building_id":4725488,"kind":"cliff"},"geometry":{"type":"LineString","coordinates":[[168.665711,-45.03367],[168.66572,-45.033671]]}},{"type":"Feature","properties":{"building_id":4725488,"kind":"cliff"},"geometry":{"type":"LineString","coordinates":[[168.66572,-45.033671],[168.665723,-45.033677]]}},{"type":"Feature","properties":{"building_id":4725488,"kind":"cliff"},"geometry":{"type":"LineString","coordinates":[[168.665723,-45.033677],[168.665716,-45.033682]]}},{"type":"Feature","properties":{"building_id":4725488,"kind":"cliff"},"geometry":{"type":"LineString","coordinates":[[168.665716,-45.033682],[168.665707,-45.033681]]}},{"type":"Feature","properties":{"building_id":4725488,"kind":"cliff"},"geometry":{"type":"LineString","coordinates":[[168.665707,-45.033681],[168.665703,-45.033673]]}},{"type":"Feature","properties":{"building_id":4725488,"kind":"cliff"},"geometry":{"type":"LineString","coordinates":[[168.6658,-45.033653],[168.665793,-45.033657]]}},{"type":"Feature","properties":{"building_id":4725488,"kind":"cliff"},"geometry":{"type":"LineString","coordinates":[[168.665793,-45.033657],[168.665794,-45.033664]]}},{"type":"Feature","properties":{"building_id":4725488,"kind":"cliff"},"geometry":{"type":"LineString","coordinates":[[168.665794,-45.033664],[168.665803,-45.033667]]}},{"type":"Feature","properties":{"building_id":4725488,"kind":"cliff"},"geometry":{"type":"LineString","coordinates":[[168.665803,-45.033667],[168.66581,-45.033663]]}},{"type":"Feature","properties":{"building_id":4725488,"kind":"cliff"},"geometry":{"type":"LineString","coordinates":[[168.66581,-45.033663],[168.665809,-45.033657]]}},{"type":"Feature","properties":{"building_id":4725488,"kind":"cliff"},"geometry":{"type":"LineString","coordinates":[[168.665809,-45.033657],[168.6658,-45.033653]]}},{"type":"Feature","properties":{"building_id":4725488,"kind":"cliff"},"geometry":{"type":"LineString","coordinates":[[168.665825,-45.033592],[168.665833,-45.033593]]}},{"type":"Feature","properties":{"building_id":4725488,"kind":"cliff"},"geometry":{"type":"LineString","coordinates":[[168.665833,-45.033593],[168.665836,-45.0336]]}},{"type":"Feature","properties":{"building_id":4725488,"kind":"cliff"},"geometry":{"type":"LineString","coordinates":[[168.665836,-45.0336],[168.665829,-45.033606]]}},{"type":"Feature","properties":{"building_id":4725488,"kind":"cliff"},"geometry":{"type":"LineString","coordinates":[[168.665829,-45.033606],[168.66582,-45.033604]]}},{"type":"Feature","properties":{"building_id":4725488,"kind":"cliff"},"geometry":{"type":"LineString","coordinates":[[168.66582,-45.033604],[168.665817,-45.033598]]}},{"type":"Feature","properties":{"building_id":4725488,"kind":"cliff"},"geometry":{"type":"LineString","coordinates":[[168.665817,-45.033598],[168.665825,-45.033592]]}},{"type":"Feature","properties":{"building_id":4725488,"kind":"cliff"},"geometry":{"type":"LineString","coordinates":[[168.66584,-45.033535],[168.665848,-45.03353]]}},{"type":"Feature","properties":{"building_id":4725488,"kind":"cliff"},"geometry":{"type":"LineString","coordinates":[[168.665848,-45.03353],[168.665856,-45.033532]]}},{"type":"Feature","properties":{"building_id":4725488,"kind":"cliff"},"geometry":{"type":"LineString","coordinates":[[168.665856,-45.033532],[168.66586,-45.033539]]}},{"type":"Feature","properties":{"building_id":4725488,"kind":"cliff"},"geometry":{"type":"LineString","coordinates":[[168.66586,-45.033539],[168.665853,-45.033544]]}},{"type":"Feature","properties":{"building_id":4725488,"kind":"cliff"},"geometry":{"type":"LineString","coordinates":[[168.665853,-45.033544],[168.665843,-45.033542]]}},{"type":"Feature","properties":{"building_id":4725488,"kind":"cliff"},"geometry":{"type":"LineString","coordinates":[[168.665843,-45.033542],[168.66584,-45.033535]]}},{"type":"Feature","properties":{"building_id":4725488,"kind":"cliff"},"geometry":{"type":"LineString","coordinates":[[168.665789,-45.033499],[168.665795,-45.033495]]}},{"type":"Feature","properties":{"building_id":4725488,"kind":"cliff"},"geometry":{"type":"LineString","coordinates":[[168.665795,-45.033495],[168.665793,-45.033488]]}},{"type":"Feature","properties":{"building_id":4725488,"kind":"cliff"},"geometry":{"type":"LineString","coordinates":[[168.665793,-45.033488],[168.665785,-45.033485]]}},{"type":"Feature","properties":{"building_id":4725488,"kind":"cliff"},"geometry":{"type":"LineString","coordinates":[[168.665785,-45.033485],[168.665776,-45.033489]]}},{"type":"Feature","properties":{"building_id":4725488,"kind":"cliff"},"geometry":{"type":"LineString","coordinates":[[168.665776,-45.033489],[168.665778,-45.033496]]}},{"type":"Feature","properties":{"building_id":4725488,"kind":"cliff"},"geometry":{"type":"LineString","coordinates":[[168.665778,-45.033496],[168.665789,-45.033499]]}},{"type":"Feature","properties":{"building_id":4725488,"kind":"cliff"},"geometry":{"type":"LineString","coordinates":[[168.665725,-45.033454],[168.665732,-45.03345]]}},{"type":"Feature","properties":{"building_id":4725488,"kind":"cliff"},"geometry":{"type":"LineString","coordinates":[[168.665732,-45.03345],[168.66573,-45.033442]]}},{"type":"Feature","properties":{"building_id":4725488,"kind":"cliff"},"geometry":{"type":"LineString","coordinates":[[168.66573,-45.033442],[168.665722,-45.033439]]}},{"type":"Feature","properties":{"building_id":4725488,"kind":"cliff"},"geometry":{"type":"LineString","coordinates":[[168.665722,-45.033439],[168.665714,-45.033444]]}},{"type":"Feature","properties":{"building_id":4725488,"kind":"cliff"},"geometry":{"type":"LineString","coordinates":[[168.665714,-45.033444],[168.665715,-45.033451]]}},{"type":"Feature","properties":{"building_id":4725488,"kind":"cliff"},"geometry":{"type":"LineString","coordinates":[[168.665715,-45.033451],[168.665725,-45.033454]]}},{"type":"Feature","properties":{"building_id":4725488,"kind":"cliff"},"geometry":{"type":"LineString","coordinates":[[168.665666,-45.033396],[168.665668,-45.033402]]}},{"type":"Feature","properties":{"building_id":4725488,"kind":"cliff"},"geometry":{"type":"LineString","coordinates":[[168.665668,-45.033402],[168.665662,-45.033407]]}},{"type":"Feature","properties":{"building_id":4725488,"kind":"cliff"},"geometry":{"type":"LineString","coordinates":[[168.665662,-45.033407],[168.665652,-45.033406]]}},{"type":"Feature","properties":{"building_id":4725488,"kind":"cliff"},"geometry":{"type":"LineString","coordinates":[[168.665652,-45.033406],[168.665649,-45.033399]]}},{"type":"Feature","properties":{"building_id":4725488,"kind":"cliff"},"geometry":{"type":"LineString","coordinates":[[168.665649,-45.033399],[168.665656,-45.033394]]}},{"type":"Feature","properties":{"building_id":4725488,"kind":"cliff"},"geometry":{"type":"LineString","coordinates":[[168.665656,-45.033394],[168.665666,-45.033396]]}},{"type":"Feature","properties":{"building_id":4725488,"kind":"cliff"},"geometry":{"type":"LineString","coordinates":[[168.665598,-45.033363],[168.665604,-45.033358]]}},{"type":"Feature","properties":{"building_id":4725488,"kind":"cliff"},"geometry":{"type":"LineString","coordinates":[[168.665604,-45.033358],[168.665603,-45.033351]]}},{"type":"Feature","properties":{"building_id":4725488,"kind":"cliff"},"geometry":{"type":"LineString","coordinates":[[168.665603,-45.033351],[168.665593,-45.033349]]}},{"type":"Feature","properties":{"building_id":4725488,"kind":"cliff"},"geometry":{"type":"LineString","coordinates":[[168.665593,-45.033349],[168.665586,-45.033353]]}},{"type":"Feature","properties":{"building_id":4725488,"kind":"cliff"},"geometry":{"type":"LineString","coordinates":[[168.665586,-45.033353],[168.665587,-45.03336]]}},{"type":"Feature","properties":{"building_id":4725488,"kind":"cliff"},"geometry":{"type":"LineString","coordinates":[[168.665587,-45.03336],[168.665598,-45.033363]]}},{"type":"Feature","properties":{"building_id":4725488,"kind":"cliff"},"geometry":{"type":"LineString","coordinates":[[168.665538,-45.033305],[168.665541,-45.033311]]}},{"type":"Feature","properties":{"building_id":4725488,"kind":"cliff"},"geometry":{"type":"LineString","coordinates":[[168.665541,-45.033311],[168.665535,-45.033316]]}},{"type":"Feature","properties":{"building_id":4725488,"kind":"cliff"},"geometry":{"type":"LineString","coordinates":[[168.665535,-45.033316],[168.665524,-45.033315]]}},{"type":"Feature","properties":{"building_id":4725488,"kind":"cliff"},"geometry":{"type":"LineString","coordinates":[[168.665524,-45.033315],[168.665521,-45.033309]]}},{"type":"Feature","properties":{"building_id":4725488,"kind":"cliff"},"geometry":{"type":"LineString","coordinates":[[168.665521,-45.033309],[168.665528,-45.033303]]}},{"type":"Feature","properties":{"building_id":4725488,"kind":"cliff"},"geometry":{"type":"LineString","coordinates":[[168.665528,-45.033303],[168.665538,-45.033305]]}},{"type":"Feature","properties":{"building_id":4725488,"kind":"cliff"},"geometry":{"type":"LineString","coordinates":[[168.665464,-45.033257],[168.665474,-45.033259]]}},{"type":"Feature","properties":{"building_id":4725488,"kind":"cliff"},"geometry":{"type":"LineString","coordinates":[[168.665474,-45.033259],[168.665477,-45.033266]]}},{"type":"Feature","properties":{"building_id":4725488,"kind":"cliff"},"geometry":{"type":"LineString","coordinates":[[168.665477,-45.033266],[168.66547,-45.03327]]}},{"type":"Feature","properties":{"building_id":4725488,"kind":"cliff"},"geometry":{"type":"LineString","coordinates":[[168.66547,-45.03327],[168.665462,-45.033269]]}},{"type":"Feature","properties":{"building_id":4725488,"kind":"cliff"},"geometry":{"type":"LineString","coordinates":[[168.665462,-45.033269],[168.665458,-45.033263]]}},{"type":"Feature","properties":{"building_id":4725488,"kind":"cliff"},"geometry":{"type":"LineString","coordinates":[[168.665458,-45.033263],[168.665464,-45.033257]]}},{"type":"Feature","properties":{"building_id":4725488,"kind":"ridge"},"geometry":{"type":"LineString","coordinates":[[168.665456,-45.033223],[168.665464,-45.033257]]}},{"type":"Feature","properties":{"building_id":4725488,"kind":"ridge"},"geometry":{"type":"LineString","coordinates":[[168.665474,-45.033259],[168.665517,-45.033235]]}},{"type":"Feature","properties":{"building_id":4725488,"kind":"ridge"},"geometry":{"type":"LineString","coordinates":[[168.665458,-45.033263],[168.665406,-45.033258]]}},{"type":"Feature","properties":{"building_id":4725488,"kind":"ridge"},"geometry":{"type":"LineString","coordinates":[[168.665462,-45.033269],[168.665422,-45.033303]]}},{"type":"Feature","properties":{"building_id":4725488,"kind":"ridge"},"geometry":{"type":"LineString","coordinates":[[168.66547,-45.03327],[168.665483,-45.033302]]}},{"type":"Feature","properties":{"building_id":4725488,"kind":"ridge"},"geometry":{"type":"LineString","coordinates":[[168.665477,-45.033266],[168.665519,-45.033275]]}},{"type":"Feature","properties":{"building_id":4725488,"kind":"ridge"},"geometry":{"type":"LineString","coordinates":[[168.665519,-45.033275],[168.665528,-45.033303]]}},{"type":"Feature","properties":{"building_id":4725488,"kind":"ridge"},"geometry":{"type":"LineString","coordinates":[[168.665483,-45.033302],[168.665521,-45.033309]]}},{"type":"Feature","properties":{"building_id":4725488,"kind":"ridge"},"geometry":{"type":"LineString","coordinates":[[168.665538,-45.033305],[168.665581,-45.03328]]}},{"type":"Feature","properties":{"building_id":4725488,"kind":"ridge"},"geometry":{"type":"LineString","coordinates":[[168.665524,-45.033315],[168.665484,-45.033348]]}},{"type":"Feature","properties":{"building_id":4725488,"kind":"ridge"},"geometry":{"type":"LineString","coordinates":[[168.665541,-45.033311],[168.665583,-45.033321]]}},{"type":"Feature","properties":{"building_id":4725488,"kind":"ridge"},"geometry":{"type":"LineString","coordinates":[[168.665583,-45.033321],[168.665593,-45.033349]]}},{"type":"Feature","properties":{"building_id":4725488,"kind":"ridge"},"geometry":{"type":"LineString","coordinates":[[168.665546,-45.033348],[168.665586,-45.033353]]}},{"type":"Feature","properties":{"building_id":4725488,"kind":"ridge"},"geometry":{"type":"LineString","coordinates":[[168.665546,-45.033348],[168.665535,-45.033316]]}},{"type":"Feature","properties":{"building_id":4725488,"kind":"valley"},"geometry":{"type":"LineString","coordinates":[[168.665471,-45.033312],[168.665483,-45.033302]]}},{"type":"Feature","properties":{"building_id":4725488,"kind":"valley"},"geometry":{"type":"LineString","coordinates":[[168.665483,-45.033302],[168.665519,-45.033275]]}},{"type":"Feature","properties":{"building_id":4725488,"kind":"valley"},"geometry":{"type":"LineString","coordinates":[[168.665519,-45.033275],[168.665529,-45.03327]]}},{"type":"Feature","properties":{"building_id":4725488,"kind":"valley"},"geometry":{"type":"LineString","coordinates":[[168.665535,-45.033358],[168.665546,-45.033348]]}},{"type":"Feature","properties":{"building_id":4725488,"kind":"valley"},"geometry":{"type":"LineString","coordinates":[[168.665546,-45.033348],[168.665583,-45.033321]]}},{"type":"Feature","properties":{"building_id":4725488,"kind":"valley"},"geometry":{"type":"LineString","coordinates":[[168.665583,-45.033321],[168.665593,-45.033316]]}},{"type":"Feature","properties":{"building_id":4725488,"kind":"valley"},"geometry":{"type":"LineString","coordinates":[[168.6656,-45.033403],[168.66561,-45.033394]]}},{"type":"Feature","properties":{"building_id":4725488,"kind":"valley"},"geometry":{"type":"LineString","coordinates":[[168.66561,-45.033394],[168.665647,-45.033367]]}},{"type":"Feature","properties":{"building_id":4725488,"kind":"valley"},"geometry":{"type":"LineString","coordinates":[[168.665647,-45.033367],[168.665657,-45.033361]]}},{"type":"Feature","properties":{"building_id":4725488,"kind":"ridge"},"geometry":{"type":"LineString","coordinates":[[168.665587,-45.03336],[168.665548,-45.033394]]}},{"type":"Feature","properties":{"building_id":4725488,"kind":"ridge"},"geometry":{"type":"LineString","coordinates":[[168.665598,-45.033363],[168.66561,-45.033394]]}},{"type":"Feature","properties":{"building_id":4725488,"kind":"ridge"},"geometry":{"type":"LineString","coordinates":[[168.665604,-45.033358],[168.665647,-45.033367]]}},{"type":"Feature","properties":{"building_id":4725488,"kind":"ridge"},"geometry":{"type":"LineString","coordinates":[[168.665603,-45.033351],[168.665644,-45.033325]]}},{"type":"Feature","properties":{"building_id":4725488,"kind":"ridge"},"geometry":{"type":"LineString","coordinates":[[168.665656,-45.033394],[168.665647,-45.033367]]}},{"type":"Feature","properties":{"building_id":4725488,"kind":"ridge"},"geometry":{"type":"LineString","coordinates":[[168.665649,-45.033399],[168.66561,-45.033394]]}},{"type":"Feature","properties":{"building_id":4725488,"kind":"ridge"},"geometry":{"type":"LineString","coordinates":[[168.665652,-45.033406],[168.665612,-45.033439]]}},{"type":"Feature","properties":{"building_id":4725488,"kind":"ridge"},"geometry":{"type":"LineString","coordinates":[[168.665666,-45.033396],[168.665706,-45.033371]]}},{"type":"Feature","properties":{"building_id":4725488,"kind":"ridge"},"geometry":{"type":"LineString","coordinates":[[168.665668,-45.033402],[168.665711,-45.033412]]}},{"type":"Feature","properties":{"building_id":4725488,"kind":"ridge"},"geometry":{"type":"LineString","coordinates":[[168.665662,-45.033407],[168.665674,-45.033438]]}},{"type":"Feature","properties":{"building_id":4725488,"kind":"ridge"},"geometry":{"type":"LineString","coordinates":[[168.665722,-45.033439],[168.665711,-45.033412]]}},{"type":"Feature","properties":{"building_id":4725488,"kind":"ridge"},"geometry":{"type":"LineString","coordinates":[[168.665714,-45.033444],[168.665674,-45.033438]]}},{"type":"Feature","properties":{"building_id":4725488,"kind":"ridge"},"geometry":{"type":"LineString","coordinates":[[168.665715,-45.033451],[168.665674,-45.033484]]}},{"type":"Feature","properties":{"building_id":4725488,"kind":"ridge"},"geometry":{"type":"LineString","coordinates":[[168.66573,-45.033442],[168.665771,-45.033416]]}},{"type":"Feature","properties":{"building_id":4725488,"kind":"ridge"},"geometry":{"type":"LineString","coordinates":[[168.665732,-45.03345],[168.665774,-45.033457]]}},{"type":"Feature","properties":{"building_id":4725488,"kind":"ridge"},"geometry":{"type":"LineString","coordinates":[[168.665725,-45.033454],[168.665736,-45.033484]]}},{"type":"Feature","properties":{"building_id":4725488,"kind":"ridge"},"geometry":{"type":"LineString","coordinates":[[168.665736,-45.033484],[168.665776,-45.033489]]}},{"type":"Feature","properties":{"building_id":4725488,"kind":"ridge"},"geometry":{"type":"LineString","coordinates":[[168.665785,-45.033485],[168.665774,-45.033457]]}},{"type":"Feature","properties":{"building_id":4725488,"kind":"valley"},"geometry":{"type":"LineString","coordinates":[[168.665662,-45.033448],[168.665674,-45.033438]]}},{"type":"Feature","properties":{"building_id":4725488,"kind":"valley"},"geometry":{"type":"LineString","coordinates":[[168.665674,-45.033438],[168.665711,-45.033412]]}},{"type":"Feature","properties":{"building_id":4725488,"kind":"valley"},"geometry":{"type":"LineString","coordinates":[[168.665711,-45.033412],[168.665719,-45.033406]]}},{"type":"Feature","properties":{"building_id":4725488,"kind":"valley"},"geometry":{"type":"LineString","coordinates":[[168.665726,-45.033494],[168.665736,-45.033484]]}},{"type":"Feature","properties":{"building_id":4725488,"kind":"valley"},"geometry":{"type":"LineString","coordinates":[[168.665736,-45.033484],[168.665774,-45.033457]]}},{"type":"Feature","properties":{"building_id":4725488,"kind":"valley"},"geometry":{"type":"LineString","coordinates":[[168.665774,-45.033457],[168.665784,-45.033452]]}},{"type":"Feature","properties":{"building_id":4725488,"kind":"valley"},"geometry":{"type":"LineString","coordinates":[[168.66579,-45.033538],[168.665801,-45.03353]]}},{"type":"Feature","properties":{"building_id":4725488,"kind":"valley"},"geometry":{"type":"LineString","coordinates":[[168.665801,-45.03353],[168.665837,-45.033504]]}},{"type":"Feature","properties":{"building_id":4725488,"kind":"valley"},"geometry":{"type":"LineString","coordinates":[[168.665837,-45.033504],[168.665846,-45.033497]]}},{"type":"Feature","properties":{"building_id":4725488,"kind":"ridge"},"geometry":{"type":"LineString","coordinates":[[168.665793,-45.033488],[168.665834,-45.033462]]}},{"type":"Feature","properties":{"building_id":4725488,"kind":"ridge"},"geometry":{"type":"LineString","coordinates":[[168.665795,-45.033495],[168.665837,-45.033504]]}},{"type":"Feature","properties":{"building_id":4725488,"kind":"ridge"},"geometry":{"type":"LineString","coordinates":[[168.665789,-45.033499],[168.665801,-45.03353]]}},{"type":"Feature","properties":{"building_id":4725488,"kind":"ridge"},"geometry":{"type":"LineString","coordinates":[[168.665778,-45.033496],[168.665738,-45.033529]]}},{"type":"Feature","properties":{"building_id":4725488,"kind":"ridge"},"geometry":{"type":"LineString","coordinates":[[168.665848,-45.03353],[168.665837,-45.033504]]}},{"type":"Feature","properties":{"building_id":4725488,"kind":"ridge"},"geometry":{"type":"LineString","coordinates":[[168.665856,-45.033532],[168.665899,-45.033507]]}},{"type":"Feature","properties":{"building_id":4725488,"kind":"ridge"},"geometry":{"type":"LineString","coordinates":[[168.66586,-45.033539],[168.665915,-45.033551]]}},{"type":"Feature","properties":{"building_id":4725488,"kind":"ridge"},"geometry":{"type":"LineString","coordinates":[[168.665853,-45.033544],[168.665865,-45.033573]]}},{"type":"Feature","properties":{"building_id":4725488,"kind":"ridge"},"geometry":{"type":"LineString","coordinates":[[168.665843,-45.033542],[168.665817,-45.033564]]}},{"type":"Feature","properties":{"building_id":4725488,"kind":"ridge"},"geometry":{"type":"LineString","coordinates":[[168.66584,-45.033535],[168.665801,-45.03353]]}},{"type":"Feature","properties":{"building_id":4725488,"kind":"valley"},"geometry":{"type":"LineString","coordinates":[[168.665798,-45.033561],[168.665817,-45.033564]]}},{"type":"Feature","properties":{"building_id":4725488,"kind":"valley"},"geometry":{"type":"LineString","coordinates":[[168.665817,-45.033564],[168.665865,-45.033573]]}},{"type":"Feature","properties":{"building_id":4725488,"kind":"valley"},"geometry":{"type":"LineString","coordinates":[[168.665865,-45.033573],[168.665877,-45.033576]]}},{"type":"Feature","properties":{"building_id":4725488,"kind":"valley"},"geometry":{"type":"LineString","coordinates":[[168.665774,-45.033623],[168.665791,-45.033626]]}},{"type":"Feature","properties":{"building_id":4725488,"kind":"valley"},"geometry":{"type":"LineString","coordinates":[[168.665791,-45.033626],[168.665839,-45.033634]]}},{"type":"Feature","properties":{"building_id":4725488,"kind":"valley"},"geometry":{"type":"LineString","coordinates":[[168.665839,-45.033634],[168.665855,-45.033638]]}},{"type":"Feature","properties":{"building_id":4725488,"kind":"ridge"},"geometry":{"type":"LineString","coordinates":[[168.665825,-45.033592],[168.665817,-45.033564]]}},{"type":"Feature","properties":{"building_id":4725488,"kind":"ridge"},"geometry":{"type":"LineString","coordinates":[[168.665833,-45.033593],[168.665865,-45.033573]]}},{"type":"Feature","properties":{"building_id":4725488,"kind":"ridge"},"geometry":{"type":"LineString","coordinates":[[168.665836,-45.0336],[168.66589,-45.033614]]}},{"type":"Feature","properties":{"building_id":4725488,"kind":"ridge"},"geometry":{"type":"LineString","coordinates":[[168.665829,-45.033606],[168.665839,-45.033634]]}},{"type":"Feature","properties":{"building_id":4725488,"kind":"ridge"},"geometry":{"type":"LineString","coordinates":[[168.66582,-45.033604],[168.665791,-45.033626]]}},{"type":"Feature","properties":{"building_id":4725488,"kind":"ridge"},"geometry":{"type":"LineString","coordinates":[[168.665817,-45.033598],[168.665761,-45.033587]]}},{"type":"Feature","properties":{"building_id":4725488,"kind":"ridge"},"geometry":{"type":"LineString","coordinates":[[168.6658,-45.033653],[168.665791,-45.033626]]}},{"type":"Feature","properties":{"building_id":4725488,"kind":"ridge"},"geometry":{"type":"LineString","coordinates":[[168.665809,-45.033657],[168.665839,-45.033634]]}},{"type":"Feature","properties":{"building_id":4725488,"kind":"ridge"},"geometry":{"type":"LineString","coordinates":[[168.66581,-45.033663],[168.665867,-45.033673]]}},{"type":"Feature","properties":{"building_id":4725488,"kind":"ridge"},"geometry":{"type":"LineString","coordinates":[[168.665803,-45.033667],[168.665821,-45.033705]]}},{"type":"Feature","properties":{"building_id":4725488,"kind":"ridge"},"geometry":{"type":"LineString","coordinates":[[168.665794,-45.033664],[168.665766,-45.033687]]}},{"type":"Feature","properties":{"building_id":4725488,"kind":"ridge"},"geometry":{"type":"LineString","coordinates":[[168.665793,-45.033657],[168.665755,-45.033651]]}},{"type":"Feature","properties":{"building_id":4725488,"kind":"valley"},"geometry":{"type":"LineString","coordinates":[[168.665751,-45.03364],[168.665755,-45.033651]]}},{"type":"Feature","properties":{"building_id":4725488,"kind":"valley"},"geometry":{"type":"LineString","coordinates":[[168.665755,-45.033651],[168.665766,-45.033687]]}},{"type":"Feature","properties":{"building_id":4725488,"kind":"valley"},"geometry":{"type":"LineString","coordinates":[[168.665766,-45.033687],[168.665769,-45.033695]]}},{"type":"Feature","properties":{"building_id":4725488,"kind":"valley"},"geometry":{"type":"LineString","coordinates":[[168.665664,-45.033656],[168.665665,-45.033667]]}},{"type":"Feature","properties":{"building_id":4725488,"kind":"valley"},"geometry":{"type":"LineString","coordinates":[[168.665665,-45.033667],[168.665676,-45.033701]]}},{"type":"Feature","properties":{"building_id":4725488,"kind":"valley"},"geometry":{"type":"LineString","coordinates":[[168.665676,-45.033701],[168.665682,-45.033711]]}},{"type":"Feature","properties":{"building_id":4725488,"kind":"ridge"},"geometry":{"type":"LineString","coordinates":[[168.665699,-45.033631],[168.665711,-45.03367]]}},{"type":"Feature","properties":{"building_id":4725488,"kind":"ridge"},"geometry":{"type":"LineString","coordinates":[[168.66572,-45.033671],[168.665755,-45.033651]]}},{"type":"Feature","properties":{"building_id":4725488,"kind":"ridge"},"geometry":{"type":"LineString","coordinates":[[168.665723,-45.033677],[168.665766,-45.033687]]}},{"type":"Feature","properties":{"building_id":4725488,"kind":"ridge"},"geometry":{"type":"LineString","coordinates":[[168.665716,-45.033682],[168.665732,-45.033721]]}},{"type":"Feature","properties":{"building_id":4725488,"kind":"ridge"},"geometry":{"type":"LineString","coordinates":[[168.665707,-45.033681],[168.665676,-45.033701]]}},{"type":"Feature","properties":{"building_id":4725488,"kind":"ridge"},"geometry":{"type":"LineString","coordinates":[[168.665703,-45.033673],[168.665665,-45.033667]]}},{"type":"Feature","properties":{"building_id":4725488,"kind":"valley"},"geometry":{"type":"LineString","coordinates":[[168.66563,-45.033649],[168.665616,-45.033657]]}},{"type":"Feature","properties":{"building_id":4725488,"kind":"valley"},"geometry":{"type":"LineString","coordinates":[[168.665616,-45.033657],[168.665578,-45.033682]]}},{"type":"Feature","properties":{"building_id":4725488,"kind":"valley"},"geometry":{"type":"LineString","coordinates":[[168.665578,-45.033682],[168.665569,-45.033689]]}},{"type":"Feature","properties":{"building_id":4725488,"kind":"ridge"},"geometry":{"type":"LineString","coordinates":[[168.665665,-45.033667],[168.665631,-45.033687]]}},{"type":"Feature","properties":{"building_id":4725488,"kind":"ridge"},"geometry":{"type":"LineString","coordinates":[[168.665616,-45.033657],[168.665622,-45.033685]]}},{"type":"Feature","properties":{"building_id":4725488,"kind":"ridge"},"geometry":{"type":"LineString","coordinates":[[168.665634,-45.033693],[168.665676,-45.033701]]}},{"type":"Feature","properties":{"building_id":4725488,"kind":"ridge"},"geometry":{"type":"LineString","coordinates":[[168.665628,-45.033698],[168.665645,-45.033736]]}},{"type":"Feature","properties":{"building_id":4725488,"kind":"ridge"},"geometry":{"type":"LineString","coordinates":[[168.665618,-45.033697],[168.665582,-45.033724]]}},{"type":"Feature","properties":{"building_id":4725488,"kind":"ridge"},"geometry":{"type":"LineString","coordinates":[[168.665615,-45.03369],[168.665578,-45.033682]]}},{"type":"Feature","properties":{"building_id":4725488,"kind":"ridge"},"geometry":{"type":"LineString","coordinates":[[168.665569,-45.033642],[168.665618,-45.033615]]}},{"type":"Feature","properties":{"building_id":4725488,"kind":"ridge"},"geometry":{"type":"LineString","coordinates":[[168.665571,-45.033648],[168.665616,-45.033657]]}},{"type":"Feature","properties":{"building_id":4725488,"kind":"ridge"},"geometry":{"type":"LineString","coordinates":[[168.665565,-45.033653],[168.665578,-45.033682]]}},{"type":"Feature","properties":{"building_id":4725488,"kind":"ridge"},"geometry":{"type":"LineString","coordinates":[[168.665554,-45.033652],[168.665519,-45.033679]]}},{"type":"Feature","properties":{"building_id":4725488,"kind":"ridge"},"geometry":{"type":"LineString","coordinates":[[168.665559,-45.03364],[168.665553,-45.033613]]}},{"type":"Feature","properties":{"building_id":4725488,"kind":"ridge"},"geometry":{"type":"LineString","coordinates":[[168.665551,-45.033646],[168.665513,-45.033638]]}},{"type":"Feature","properties":{"building_id":4734696,"kind":"ridge"},"geometry":{"type":"LineString","coordinates":[[168.661809,-45.029615],[168.661838,-45.029681]]}},{"type":"Feature","properties":{"building_id":4734696,"kind":"ridge"},"geometry":{"type":"LineString","coordinates":[[168.661838,-45.029681],[168.661822,-45.029698]]}},{"type":"Feature","properties":{"building_id":4734696,"kind":"ridge"},"geometry":{"type":"LineString","coordinates":[[168.661838,-45.029681],[168.661864,-45.02969]]}},{"type":"Feature","properties":{"building_id":4734696,"kind":"ridge"},"geometry":{"type":"LineString","coordinates":[[168.661809,-45.029615],[168.661749,-45.029628]]}},{"type":"Feature","properties":{"building_id":4734696,"kind":"ridge"},"geometry":{"type":"LineString","coordinates":[[168.661749,-45.029628],[168.661715,-45.029614]]}},{"type":"Feature","properties":{"building_id":4734696,"kind":"ridge"},"geometry":{"type":"LineString","coordinates":[[168.661749,-45.029628],[168.661732,-45.02966]]}},{"type":"Feature","properties":{"building_id":4734696,"kind":"ridge"},"geometry":{"type":"LineString","coordinates":[[168.661841,-45.029608],[168.661879,-45.0296]]}},{"type":"Feature","properties":{"building_id":4734696,"kind":"ridge"},"geometry":{"type":"LineString","coordinates":[[168.661879,-45.0296],[168.661891,-45.029603]]}},{"type":"Feature","properties":{"building_id":4734696,"kind":"ridge"},"geometry":{"type":"LineString","coordinates":[[168.661879,-45.0296],[168.661886,-45.029587]]}},{"type":"Feature","properties":{"building_id":4734696,"kind":"ridge"},"geometry":{"type":"LineString","coordinates":[[168.661809,-45.029615],[168.661834,-45.029584]]}},{"type":"Feature","properties":{"building_id":4734696,"kind":"cliff"},"geometry":{"type":"LineString","coordinates":[[168.661825,-45.029652],[168.661775,-45.029661]]}},{"type":"Feature","properties":{"building_id":4734696,"kind":"cliff"},"geometry":{"type":"LineString","coordinates":[[168.661775,-45.029661],[168.661784,-45.029682]]}},{"type":"Feature","properties":{"building_id":4734696,"kind":"cliff"},"geometry":{"type":"LineString","coordinates":[[168.661784,-45.029682],[168.661834,-45.029673]]}},{"type":"Feature","properties":{"building_id":4734696,"kind":"valley"},"geometry":{"type":"LineString","coordinates":[[168.661809,-45.029615],[168.661769,-45.029674]]}},{"type":"Feature","properties":{"building_id":4750934,"kind":"ridge"},"geometry":{"type":"LineString","coordinates":[[168.669699,-45.028565],[168.669755,-45.028522]]}},{"type":"Feature","properties":{"building_id":4750934,"kind":"ridge"},"geometry":{"type":"LineString","coordinates":[[168.669755,-45.028522],[168.669751,-45.028435]]}},{"type":"Feature","properties":{"building_id":4750934,"kind":"ridge"},"geometry":{"type":"LineString","coordinates":[[168.669755,-45.028522],[168.669874,-45.028518]]}},{"type":"Feature","properties":{"building_id":4750934,"kind":"ridge"},"geometry":{"type":"LineString","coordinates":[[168.669699,-45.028565],[168.669704,-45.028634]]}},{"type":"Feature","properties":{"building_id":4750934,"kind":"ridge"},"geometry":{"type":"LineString","coordinates":[[168.669699,-45.028565],[168.669588,-45.028569]]}},{"type":"Feature","properties":{"building_id":4750934,"kind":"ridge"},"geometry":{"type":"LineString","coordinates":[[168.669583,-45.028475],[168.669649,-45.028519]]}},{"type":"Feature","properties":{"building_id":4750934,"kind":"ridge"},"geometry":{"type":"LineString","coordinates":[[168.669583,-45.028475],[168.669479,-45.028474]]}},{"type":"Feature","properties":{"building_id":4750934,"kind":"ridge"},"geometry":{"type":"LineString","coordinates":[[168.669583,-45.028475],[168.669585,-45.028394]]}},{"type":"Feature","properties":{"building_id":4750934,"kind":"ridge"},"geometry":{"type":"LineString","coordinates":[[168.669917,-45.028696],[168.669919,-45.028764]]}},{"type":"Feature","properties":{"building_id":4750934,"kind":"ridge"},"geometry":{"type":"LineString","coordinates":[[168.669917,-45.028696],[168.670023,-45.028691]]}},{"type":"Feature","properties":{"building_id":4750934,"kind":"ridge"},"geometry":{"type":"LineString","coordinates":[[168.669917,-45.028696],[168.669772,-45.028598]]}},{"type":"Feature","properties":{"building_id":4750934,"kind":"cliff"},"geometry":{"type":"LineString","coordinates":[[168.669717,-45.028635],[168.669772,-45.028598]]}},{"type":"Feature","properties":{"building_id":4750934,"kind":"cliff"},"geometry":{"type":"LineString","coordinates":[[168.669772,-45.028598],[168.669822,-45.028557]]}},{"type":"Feature","properties":{"building_id":4750934,"kind":"cliff"},"geometry":{"type":"LineString","coordinates":[[168.669777,-45.028601],[168.6698,-45.028584]]}},{"type":"Feature","properties":{"building_id":4750934,"kind":"cliff"},"geometry":{"type":"LineString","coordinates":[[168.6698,-45.028584],[168.669816,-45.028594]]}},{"type":"Feature","properties":{"building_id":4750934,"kind":"cliff"},"geometry":{"type":"LineString","coordinates":[[168.669816,-45.028594],[168.669793,-45.028612]]}},{"type":"Feature","properties":{"building_id":4750934,"kind":"cliff"},"geometry":{"type":"LineString","coordinates":[[168.669808,-45.028622],[168.66983,-45.028605]]}},{"type":"Feature","properties":{"building_id":4750934,"kind":"cliff"},"geometry":{"type":"LineString","coordinates":[[168.66983,-45.028605],[168.669847,-45.028616]]}},{"type":"Feature","properties":{"building_id":4750934,"kind":"cliff"},"geometry":{"type":"LineString","coordinates":[[168.669847,-45.028616],[168.669825,-45.028634]]}},{"type":"Feature","properties":{"building_id":4750934,"kind":"cliff"},"geometry":{"type":"LineString","coordinates":[[168.669857,-45.028655],[168.669881,-45.028638]]}},{"type":"Feature","properties":{"building_id":4750934,"kind":"cliff"},"geometry":{"type":"LineString","coordinates":[[168.669881,-45.028638],[168.669896,-45.02865]]}},{"type":"Feature","properties":{"building_id":4750934,"kind":"cliff"},"geometry":{"type":"LineString","coordinates":[[168.669896,-45.02865],[168.669874,-45.028667]]}},{"type":"Feature","properties":{"building_id":4750934,"kind":"cliff"},"geometry":{"type":"LineString","coordinates":[[168.669889,-45.028677],[168.66991,-45.02866]]}},{"type":"Feature","properties":{"building_id":4750934,"kind":"cliff"},"geometry":{"type":"LineString","coordinates":[[168.66991,-45.02866],[168.669928,-45.028671]]}},{"type":"Feature","properties":{"building_id":4750934,"kind":"cliff"},"geometry":{"type":"LineString","coordinates":[[168.669928,-45.028671],[168.669907,-45.028689]]}},{"type":"Feature","properties":{"building_id":4750934,"kind":"cliff"},"geometry":{"type":"LineString","coordinates":[[168.669933,-45.028753],[168.670005,-45.028705]]}},{"type":"Feature","properties":{"building_id":4750934,"kind":"cliff"},"geometry":{"type":"LineString","coordinates":[[168.669609,-45.028583],[168.669671,-45.028622]]}},{"type":"Feature","properties":{"building_id":4750934,"kind":"cliff"},"geometry":{"type":"LineString","coordinates":[[168.669591,-45.02848],[168.669615,-45.028462]]}},{"type":"Feature","properties":{"building_id":4750934,"kind":"cliff"},"geometry":{"type":"LineString","coordinates":[[168.669615,-45.028462],[168.669631,-45.028473]]}},{"type":"Feature","properties":{"building_id":4750934,"kind":"cliff"},"geometry":{"type":"LineString","coordinates":[[168.669631,-45.028473],[168.669608,-45.028491]]}},{"type":"Feature","properties":{"building_id":4750934,"kind":"cliff"},"geometry":{"type":"LineString","coordinates":[[168.669624,-45.028501],[168.669645,-45.028484]]}},{"type":"Feature","properties":{"building_id":4750934,"kind":"cliff"},"geometry":{"type":"LineString","coordinates":[[168.669645,-45.028484],[168.669662,-45.028494]]}},{"type":"Feature","properties":{"building_id":4750934,"kind":"cliff"},"geometry":{"type":"LineString","coordinates":[[168.669662,-45.028494],[168.669641,-45.028513]]}},{"type":"Feature","properties":{"building_id":4750934,"kind":"cliff"},"geometry":{"type":"LineString","coordinates":[[168.669588,-45.028569],[168.669649,-45.028519]]}},{"type":"Feature","properties":{"building_id":4750934,"kind":"cliff"},"geometry":{"type":"LineString","coordinates":[[168.669649,-45.028519],[168.669751,-45.028435]]}},{"type":"Feature","properties":{"building_id":5370837,"kind":"ridge"},"geometry":{"type":"LineString","coordinates":[[168.662107,-45.030893],[168.662192,-45.030952]]}},{"type":"Feature","properties":{"building_id":5370837,"kind":"ridge"},"geometry":{"type":"LineString","coordinates":[[168.662192,-45.030952],[168.662181,-45.031016]]}},{"type":"Feature","properties":{"building_id":5370837,"kind":"ridge"},"geometry":{"type":"LineString","coordinates":[[168.662192,-45.030952],[168.662291,-45.030944]]}},{"type":"Feature","properties":{"building_id":5370837,"kind":"cliff"},"geometry":{"type":"LineString","coordinates":[[168.662164,-45.031032],[168.662197,-45.031008]]}},{"type":"Feature","properties":{"building_id":5370837,"kind":"cliff"},"geometry":{"type":"LineString","coordinates":[[168.662197,-45.031008],[168.662232,-45.031032]]}},{"type":"Feature","properties":{"building_id":5370837,"kind":"cliff"},"geometry":{"type":"LineString","coordinates":[[168.662232,-45.031032],[168.662199,-45.031058]]}},{"type":"Feature","properties":{"building_id":5370837,"kind":"cliff"},"geometry":{"type":"LineString","coordinates":[[168.662199,-45.031058],[168.662164,-45.031032]]}},{"type":"Feature","properties":{"building_id":5370837,"kind":"cliff"},"geometry":{"type":"LineString","coordinates":[[168.662202,-45.031012],[168.662291,-45.030944]]}},{"type":"Feature","properties":{"building_id":5370837,"kind":"cliff"},"geometry":{"type":"LineString","coordinates":[[168.662291,-45.030944],[168.662116,-45.03082]]}},{"type":"Feature","properties":{"building_id":5370837,"kind":"cliff"},"geometry":{"type":"LineString","coordinates":[[168.662116,-45.03082],[168.662007,-45.030897]]}},{"type":"Feature","properties":{"building_id":5370837,"kind":"cliff"},"geometry":{"type":"LineString","coordinates":[[168.662268,-45.030962],[168.6623,-45.030983]]}},{"type":"Feature","properties":{"building_id":5370837,"kind":"cliff"},"geometry":{"type":"LineString","coordinates":[[168.6623,-45.030983],[168.662232,-45.031032]]}},{"type":"Feature","properties":{"building_id":5370837,"kind":"cliff"},"geometry":{"type":"LineString","coordinates":[[168.662199,-45.031058],[168.662301,-45.03113]]}},{"type":"Feature","properties":{"building_id":5370837,"kind":"cliff"},"geometry":{"type":"LineString","coordinates":[[168.662301,-45.03113],[168.662295,-45.031136]]}},{"type":"Feature","properties":{"building_id":5370837,"kind":"cliff"},"geometry":{"type":"LineString","coordinates":[[168.662295,-45.031136],[168.662331,-45.03116]]}},{"type":"Feature","properties":{"building_id":5370837,"kind":"valley"},"geometry":{"type":"LineString","coordinates":[[168.662181,-45.031016],[168.662086,-45.030953]]}},{"type":"Feature","properties":{"building_id":5370837,"kind":"cliff"},"geometry":{"type":"LineString","coordinates":[[168.662292,-45.030978],[168.662305,-45.030968]]}},{"type":"Feature","properties":{"building_id":5370837,"kind":"cliff"},"geometry":{"type":"LineString","coordinates":[[168.662292,-45.030959],[168.662279,-45.030969]]}},{"type":"Feature","properties":{"building_id":5370837,"kind":"ridge"},"geometry":{"type":"LineString","coordinates":[[168.662311,-45.031059],[168.662311,-45.030972]]}},{"type":"Feature","properties":{"building_id":5370837,"kind":"ridge"},"geometry":{"type":"LineString","coordinates":[[168.662311,-45.031059],[168.662205,-45.031062]]}},{"type":"Feature","properties":{"building_id":5370837,"kind":"ridge"},"geometry":{"type":"LineString","coordinates":[[168.662311,-45.031059],[168.66233,-45.031072]]}},{"type":"Feature","properties":{"building_id":5370837,"kind":"ridge"},"geometry":{"type":"LineString","coordinates":[[168.66233,-45.031072],[168.662454,-45.031071]]}},{"type":"Feature","properties":{"building_id":5370837,"kind":"ridge"},"geometry":{"type":"LineString","coordinates":[[168.66233,-45.031072],[168.662324,-45.031156]]}},{"type":"Feature","properties":{"building_id":5370837,"kind":"ridge"},"geometry":{"type":"LineString","coordinates":[[168.662107,-45.030893],[168.662116,-45.03082]]}},{"type":"Feature","properties":{"building_id":5370837,"kind":"ridge"},"geometry":{"type":"LineString","coordinates":[[168.662107,-45.030893],[168.662007,-45.030897]]}},{"type":"Feature","properties":{"building_id":5370837,"kind":"cliff"},"geometry":{"type":"LineString","coordinates":[[168.661992,-45.031065],[168.662005,-45.031074]]}},{"type":"Feature","properties":{"building_id":5370837,"kind":"cliff"},"geometry":{"type":"LineString","coordinates":[[168.662005,-45.031074],[168.662015,-45.031066]]}},{"type":"Feature","properties":{"building_id":5370837,"kind":"cliff"},"geometry":{"type":"LineString","coordinates":[[168.662015,-45.031066],[168.662002,-45.031057]]}},{"type":"Feature","properties":{"building_id":5370837,"kind":"cliff"},"geometry":{"type":"LineString","coordinates":[[168.662002,-45.031057],[168.661992,-45.031065]]}},{"type":"Feature","properties":{"building_id":5370837,"kind":"cliff"},"geometry":{"type":"LineString","coordinates":[[168.662055,-45.03102],[168.662066,-45.031028]]}},{"type":"Feature","properties":{"building_id":5370837,"kind":"cliff"},"geometry":{"type":"LineString","coordinates":[[168.662066,-45.031028],[168.662077,-45.031021]]}},{"type":"Feature","properties":{"building_id":5370837,"kind":"cliff"},"geometry":{"type":"LineString","coordinates":[[168.662077,-45.031021],[168.662065,-45.031014]]}},{"type":"Feature","properties":{"building_id":5370837,"kind":"cliff"},"geometry":{"type":"LineString","coordinates":[[168.662065,-45.031014],[168.662055,-45.03102]]}},{"type":"Feature","properties":{"building_id":5370837,"kind":"cliff"},"geometry":{"type":"LineString","coordinates":[[168.662148,-45.031087],[168.66216,-45.031095]]}},{"type":"Feature","properties":{"building_id":5370837,"kind":"cliff"},"geometry":{"type":"LineString","coordinates":[[168.66216,-45.031095],[168.662169,-45.031088]]}},{"type":"Feature","properties":{"building_id":5370837,"kind":"cliff"},"geometry":{"type":"LineString","coordinates":[[168.662169,-45.031088],[168.662158,-45.031079]]}},{"type":"Feature","properties":{"building_id":5370837,"kind":"cliff"},"geometry":{"type":"LineString","coordinates":[[168.662158,-45.031079],[168.662148,-45.031087]]}},{"type":"Feature","properties":{"building_id":5370837,"kind":"cliff"},"geometry":{"type":"LineString","coordinates":[[168.662095,-45.031123],[168.662107,-45.031131]]}},{"type":"Feature","properties":{"building_id":5370837,"kind":"cliff"},"geometry":{"type":"LineString","coordinates":[[168.662107,-45.031131],[168.662097,-45.031138]]}},{"type":"Feature","properties":{"building_id":5370837,"kind":"cliff"},"geometry":{"type":"LineString","coordinates":[[168.662097,-45.031138],[168.662086,-45.031131]]}},{"type":"Feature","properties":{"building_id":5370837,"kind":"cliff"},"geometry":{"type":"LineString","coordinates":[[168.662086,-45.031131],[168.662095,-45.031123]]}},{"type":"Feature","properties":{"building_id":5370837,"kind":"cliff"},"geometry":{"type":"LineString","coordinates":[[168.662192,-45.031189],[168.662204,-45.031199]]}},{"type":"Feature","properties":{"building_id":5370837,"kind":"cliff"},"geometry":{"type":"LineString","coordinates":[[168.662204,-45.031199],[168.662194,-45.031206]]}},{"type":"Feature","properties":{"building_id":5370837,"kind":"cliff"},"geometry":{"type":"LineString","coordinates":[[168.662194,-45.031206],[168.662181,-45.031197]]}},{"type":"Feature","properties":{"building_id":5370837,"kind":"cliff"},"geometry":{"type":"LineString","coordinates":[[168.662181,-45.031197],[168.662192,-45.031189]]}},{"type":"Feature","properties":{"building_id":5370837,"kind":"cliff"},"geometry":{"type":"LineString","coordinates":[[168.662231,-45.031162],[168.662245,-45.031172]]}},{"type":"Feature","properties":{"building_id":5370837,"kind":"cliff"},"geometry":{"type":"LineString","coordinates":[[168.662245,-45.031172],[168.662256,-45.031162]]}},{"type":"Feature","properties":{"building_id":5370837,"kind":"cliff"},"geometry":{"type":"LineString","coordinates":[[168.662256,-45.031162],[168.662243,-45.031154]]}},{"type":"Feature","properties":{"building_id":5370837,"kind":"cliff"},"geometry":{"type":"LineString","coordinates":[[168.662243,-45.031154],[168.662231,-45.031162]]}},{"type":"Feature","properties":{"building_id":5370837,"kind":"ridge"},"geometry":{"type":"LineString","coordinates":[[168.662191,-45.031254],[168.662194,-45.031206]]}},{"type":"Feature","properties":{"building_id":5370837,"kind":"ridge"},"geometry":{"type":"LineString","coordinates":[[168.662111,-45.031198],[168.662181,-45.031197]]}},{"type":"Feature","properties":{"building_id":5370837,"kind":"ridge"},"geometry":{"type":"LineString","coordinates":[[168.662199,-45.031194],[168.662237,-45.031167]]}},{"type":"Feature","properties":{"building_id":5370837,"kind":"ridge"},"geometry":{"type":"LineString","coordinates":[[168.662243,-45.031154],[168.662246,-45.031091]]}},{"type":"Feature","properties":{"building_id":5370837,"kind":"ridge"},"geometry":{"type":"LineString","coordinates":[[168.662256,-45.031162],[168.662331,-45.03116]]}},{"type":"Feature","properties":{"building_id":5370837,"kind":"ridge"},"geometry":{"type":"LineString","coordinates":[[168.662169,-45.031088],[168.662239,-45.031086]]}},{"type":"Feature","properties":{"building_id":5370837,"kind":"ridge"},"geometry":{"type":"LineString","coordinates":[[168.662097,-45.031138],[168.662095,-45.031187]]}},{"type":"Feature","properties":{"building_id":5370837,"kind":"ridge"},"geometry":{"type":"LineString","coordinates":[[168.662086,-45.031131],[168.662014,-45.031131]]}},{"type":"Feature","properties":{"building_id":5370837,"kind":"ridge"},"geometry":{"type":"LineString","coordinates":[[168.662102,-45.031128],[168.662153,-45.031091]]}},{"type":"Feature","properties":{"building_id":5370837,"kind":"ridge"},"geometry":{"type":"LineString","coordinates":[[168.662199,-45.031033],[168.662199,-45.031058]]}},{"type":"Feature","properties":{"building_id":5370837,"kind":"ridge"},"geometry":{"type":"LineString","coordinates":[[168.662199,-45.031033],[168.662232,-45.031032]]}},{"type":"Feature","properties":{"building_id":5370837,"kind":"ridge"},"geometry":{"type":"LineString","coordinates":[[168.662199,-45.031033],[168.662197,-45.031008]]}},{"type":"Feature","properties":{"building_id":5370837,"kind":"ridge"},"geometry":{"type":"LineString","coordinates":[[168.662199,-45.031033],[168.662164,-45.031032]]}},{"type":"Feature","properties":{"building_id":5370837,"kind":"ridge"},"geometry":{"type":"LineString","coordinates":[[168.662158,-45.031079],[168.662155,-45.031026]]}},{"type":"Feature","properties":{"building_id":5370837,"kind":"ridge"},"geometry":{"type":"LineString","coordinates":[[168.662146,-45.031019],[168.662077,-45.031021]]}},{"type":"Feature","properties":{"building_id":5370837,"kind":"ridge"},"geometry":{"type":"LineString","coordinates":[[168.662065,-45.031014],[168.662064,-45.030978]]}},{"type":"Feature","properties":{"building_id":5370837,"kind":"ridge"},"geometry":{"type":"LineString","coordinates":[[168.662007,-45.031061],[168.662061,-45.031025]]}},{"type":"Feature","properties":{"building_id":5370837,"kind":"ridge"},"geometry":{"type":"LineString","coordinates":[[168.662005,-45.031074],[168.662002,-45.031122]]}},{"type":"Feature","properties":{"building_id":5370837,"kind":"ridge"},"geometry":{"type":"LineString","coordinates":[[168.661992,-45.031065],[168.661936,-45.031061]]}},{"type":"Feature","properties":{"building_id":5370837,"kind":"cliff"},"geometry":{"type":"LineString","coordinates":[[168.662013,-45.031118],[168.66202,-45.031123]]}},{"type":"Feature","properties":{"building_id":5370837,"kind":"valley"},"geometry":{"type":"LineString","coordinates":[[168.662013,-45.031118],[168.662065,-45.031062]]}},{"type":"Feature","properties":{"building_id":5370837,"kind":"valley"},"geometry":{"type":"LineString","coordinates":[[168.662065,-45.031062],[168.662146,-45.031019]]}},{"type":"Feature","properties":{"building_id":5370837,"kind":"valley"},"geometry":{"type":"LineString","coordinates":[[168.662155,-45.031026],[168.662101,-45.031086]]}},{"type":"Feature","properties":{"building_id":5370837,"kind":"valley"},"geometry":{"type":"LineString","coordinates":[[168.662101,-45.031086],[168.66202,-45.031123]]}},{"type":"Feature","properties":{"building_id":5370837,"kind":"valley"},"geometry":{"type":"LineString","coordinates":[[168.662146,-45.031019],[168.662155,-45.031026]]}},{"type":"Feature","properties":{"building_id":5370837,"kind":"cliff"},"geometry":{"type":"LineString","coordinates":[[168.662014,-45.031131],[168.66202,-45.031123]]}},{"type":"Feature","properties":{"building_id":5370837,"kind":"cliff"},"geometry":{"type":"LineString","coordinates":[[168.662013,-45.031118],[168.662002,-45.031122]]}},{"type":"Feature","properties":{"building_id":5370837,"kind":"cliff"},"geometry":{"type":"LineString","coordinates":[[168.662095,-45.031187],[168.662104,-45.031184]]}},{"type":"Feature","properties":{"building_id":5370837,"kind":"cliff"},"geometry":{"type":"LineString","coordinates":[[168.662104,-45.031184],[168.662112,-45.031188]]}},{"type":"Feature","properties":{"building_id":5370837,"kind":"cliff"},"geometry":{"type":"LineString","coordinates":[[168.662112,-45.031188],[168.662111,-45.031198]]}},{"type":"Feature","properties":{"building_id":5370837,"kind":"valley"},"geometry":{"type":"LineString","coordinates":[[168.662104,-45.031184],[168.662159,-45.031129]]}},{"type":"Feature","properties":{"building_id":5370837,"kind":"valley"},"geometry":{"type":"LineString","coordinates":[[168.662159,-45.031129],[168.662239,-45.031086]]}},{"type":"Feature","properties":{"building_id":5370837,"kind":"valley"},"geometry":{"type":"LineString","coordinates":[[168.662198,-45.031154],[168.662246,-45.031091]]}},{"type":"Feature","properties":{"building_id":5370837,"kind":"valley"},"geometry":{"type":"LineString","coordinates":[[168.662198,-45.031154],[168.662112,-45.031188]]}},{"type":"Feature","properties":{"building_id":5370837,"kind":"ridge"},"geometry":{"type":"LineString","coordinates":[[168.662244,-45.030911],[168.662351,-45.030911]]}},{"type":"Feature","properties":{"building_id":5370837,"kind":"ridge"},"geometry":{"type":"LineString","coordinates":[[168.662158,-45.03085],[168.662159,-45.030778]]}},{"type":"Feature","properties":{"building_id":5371107,"kind":"cliff"},"geometry":{"type":"LineString","coordinates":[[168.663921,-45.027449],[168.664099,-45.027593]]}},{"type":"Feature","properties":{"building_id":5371107,"kind":"ridge"},"geometry":{"type":"LineString","coordinates":[[168.663921,-45.027449],[168.663993,-45.027449]]}},{"type":"Feature","properties":{"building_id":5371107,"kind":"ridge"},"geometry":{"type":"LineString","coordinates":[[168.663993,-45.027449],[168.664004,-45.027397]]}},{"type":"Feature","properties":{"building_id":5371107,"kind":"ridge"},"geometry":{"type":"LineString","coordinates":[[168.664021,-45.027471],[168.664016,-45.027514]]}},{"type":"Feature","properties":{"building_id":5371107,"kind":"ridge"},"geometry":{"type":"LineString","coordinates":[[168.664021,-45.027471],[168.664082,-45.027474]]}},{"type":"Feature","properties":{"building_id":5371107,"kind":"ridge"},"geometry":{"type":"LineString","coordinates":[[168.664077,-45.027518],[168.664082,-45.027474]]}},{"type":"Feature","properties":{"building_id":5371107,"kind":"ridge"},"geometry":{"type":"LineString","coordinates":[[168.664077,-45.027518],[168.664016,-45.027514]]}},{"type":"Feature","properties":{"building_id":5371107,"kind":"ridge"},"geometry":{"type":"LineString","coordinates":[[168.663993,-45.027449],[168.664021,-45.027471]]}},{"type":"Feature","properties":{"building_id":5371107,"kind":"valley"},"geometry":{"type":"LineString","coordinates":[[168.664016,-45.027514],[168.664082,-45.027474]]}},{"type":"Feature","properties":{"building_id":5371107,"kind":"ridge"},"geometry":{"type":"LineString","coordinates":[[168.664077,-45.027518],[168.664103,-45.027539]]}},{"type":"Feature","properties":{"building_id":5371107,"kind":"ridge"},"geometry":{"type":"LineString","coordinates":[[168.664103,-45.027539],[168.664099,-45.027593]]}},{"type":"Feature","properties":{"building_id":5371107,"kind":"ridge"},"geometry":{"type":"LineString","coordinates":[[168.664103,-45.027539],[168.664182,-45.027542]]}},{"type":"Feature","properties":{"building_id":5371128,"kind":"cliff"},"geometry":{"type":"LineString","coordinates":[[168.662285,-45.03048],[168.662449,-45.030595]]}},{"type":"Feature","properties":{"building_id":5371128,"kind":"cliff"},"geometry":{"type":"LineString","coordinates":[[168.662449,-45.030595],[168.662458,-45.030587]]}},{"type":"Feature","properties":{"building_id":5371128,"kind":"ridge"},"geometry":{"type":"LineString","coordinates":[[168.662567,-45.03058],[168.662572,-45.03065]]}},{"type":"Feature","properties":{"building_id":5371128,"kind":"ridge"},"geometry":{"type":"LineString","coordinates":[[168.662572,-45.03065],[168.662469,-45.030648]]}},{"type":"Feature","properties":{"building_id":5371128,"kind":"ridge"},"geometry":{"type":"LineString","coordinates":[[168.662572,-45.03065],[168.662757,-45.030782]]}},{"type":"Feature","properties":{"building_id":5371128,"kind":"ridge"},"geometry":{"type":"LineString","coordinates":[[168.662757,-45.030782],[168.662752,-45.030849]]}},{"type":"Feature","properties":{"building_id":5371128,"kind":"ridge"},"geometry":{"type":"LineString","coordinates":[[168.662757,-45.030782],[168.662845,-45.030784]]}},{"type":"Feature","properties":{"building_id":5371128,"kind":"cliff"},"geometry":{"type":"LineString","coordinates":[[168.662845,-45.030784],[168.662752,-45.030849]]}},{"type":"Feature","properties":{"building_id":5371128,"kind":"cliff"},"geometry":{"type":"LineString","coordinates":[[168.662752,-45.030849],[168.662469,-45.030648]]}},{"type":"Feature","properties":{"building_id":5371128,"kind":"cliff"},"geometry":{"type":"LineString","coordinates":[[168.662469,-45.030648],[168.662567,-45.03058]]}},{"type":"Feature","properties":{"building_id":5371142,"kind":"ridge"},"geometry":{"type":"LineString","coordinates":[[168.665384,-45.031868],[168.66531,-45.031919]]}},{"type":"Feature","properties":{"building_id":5371142,"kind":"ridge"},"geometry":{"type":"LineString","coordinates":[[168.665421,-45.031893],[168.665345,-45.031943]]}},{"type":"Feature","properties":{"building_id":5371142,"kind":"ridge"},"geometry":{"type":"LineString","coordinates":[[168.665455,-45.031917],[168.665378,-45.031967]]}},{"type":"Feature","properties":{"building_id":5371142,"kind":"ridge"},"geometry":{"type":"LineString","coordinates":[[168.665413,-45.031991],[168.665486,-45.031942]]}},{"type":"Feature","properties":{"building_id":5371142,"kind":"ridge"},"geometry":{"type":"LineString","coordinates":[[168.665447,-45.032016],[168.665522,-45.031966]]}},{"type":"Feature","properties":{"building_id":5371142,"kind":"ridge"},"geometry":{"type":"LineString","coordinates":[[168.665482,-45.03204],[168.665557,-45.031991]]}},{"type":"Feature","properties":{"building_id":5371142,"kind":"ridge"},"geometry":{"type":"LineString","coordinates":[[168.665518,-45.032063],[168.66559,-45.032013]]}},{"type":"Feature","properties":{"building_id":5371142,"kind":"ridge"},"geometry":{"type":"LineString","coordinates":[[168.665601,-45.032061],[168.665558,-45.032091]]}},{"type":"Feature","properties":{"building_id":5371142,"kind":"ridge"},"geometry":{"type":"LineString","coordinates":[[168.665594,-45.032051],[168.665618,-45.032034]]}},{"type":"Feature","properties":{"building_id":5371142,"kind":"ridge"},"geometry":{"type":"LineString","coordinates":[[168.665597,-45.03212],[168.665668,-45.032068]]}},{"type":"Feature","properties":{"building_id":5371142,"kind":"valley"},"geometry":{"type":"LineString","coordinates":[[168.665324,-45.031928],[168.665399,-45.031877]]}},{"type":"Feature","properties":{"building_id":5371142,"kind":"valley"},"geometry":{"type":"LineString","coordinates":[[168.665358,-45.031953],[168.665432,-45.031901]]}},{"type":"Feature","properties":{"building_id":5371142,"kind":"valley"},"geometry":{"type":"LineString","coordinates":[[168.665391,-45.031976],[168.665466,-45.031926]]}},{"type":"Feature","properties":{"building_id":5371142,"kind":"valley"},"geometry":{"type":"LineString","coordinates":[[168.665427,-45.032001],[168.6655,-45.031951]]}},{"type":"Feature","properties":{"building_id":5371142,"kind":"valley"},"geometry":{"type":"LineString","coordinates":[[168.665462,-45.032026],[168.665537,-45.031976]]}},{"type":"Feature","properties":{"building_id":5371142,"kind":"valley"},"geometry":{"type":"LineString","coordinates":[[168.665499,-45.03205],[168.665571,-45.032001]]}},{"type":"Feature","properties":{"building_id":5371142,"kind":"valley"},"geometry":{"type":"LineString","coordinates":[[168.665575,-45.032037],[168.665598,-45.03202]]}},{"type":"Feature","properties":{"building_id":5371142,"kind":"valley"},"geometry":{"type":"LineString","coordinates":[[168.665534,-45.032073],[168.665581,-45.032043]]}},{"type":"Feature","properties":{"building_id":5371142,"kind":"valley"},"geometry":{"type":"LineString","coordinates":[[168.665581,-45.032107],[168.665651,-45.032056]]}},{"type":"Feature","properties":{"building_id":5371142,"kind":"cliff"},"geometry":{"type":"LineString","coordinates":[[168.665668,-45.032068],[168.66568,-45.032078]]}},{"type":"Feature","properties":{"building_id":5371142,"kind":"ridge"},"geometry":{"type":"LineString","coordinates":[[168.66568,-45.032078],[168.665704,-45.032062]]}},{"type":"Feature","properties":{"building_id":5371142,"kind":"cliff"},"geometry":{"type":"LineString","coordinates":[[168.665668,-45.032068],[168.665651,-45.032056]]}},{"type":"Feature","properties":{"building_id":5371142,"kind":"cliff"},"geometry":{"type":"LineString","coordinates":[[168.665601,-45.032061],[168.665594,-45.032051]]}},{"type":"Feature","properties":{"building_id":5371142,"kind":"cliff"},"geometry":{"type":"LineString","coordinates":[[168.665594,-45.032051],[168.665581,-45.032043]]}},{"type":"Feature","properties":{"building_id":5371142,"kind":"cliff"},"geometry":{"type":"LineString","coordinates":[[168.665581,-45.032043],[168.665575,-45.032037]]}},{"type":"Feature","properties":{"building_id":5371142,"kind":"cliff"},"geometry":{"type":"LineString","coordinates":[[168.665598,-45.03202],[168.665618,-45.032034]]}},{"type":"Feature","properties":{"building_id":5371142,"kind":"cliff"},"geometry":{"type":"LineString","coordinates":[[168.665618,-45.032034],[168.665651,-45.032056]]}},{"type":"Feature","properties":{"building_id":5371142,"kind":"cliff"},"geometry":{"type":"LineString","coordinates":[[168.665597,-45.03212],[168.665615,-45.032134]]}},{"type":"Feature","properties":{"building_id":5371142,"kind":"cliff"},"geometry":{"type":"LineString","coordinates":[[168.665597,-45.03212],[168.665581,-45.032107]]}},{"type":"Feature","properties":{"building_id":5371142,"kind":"cliff"},"geometry":{"type":"LineString","coordinates":[[168.665581,-45.032107],[168.665558,-45.032091]]}},{"type":"Feature","properties":{"building_id":5371142,"kind":"cliff"},"geometry":{"type":"LineString","coordinates":[[168.665558,-45.032091],[168.665534,-45.032073]]}},{"type":"Feature","properties":{"building_id":5371142,"kind":"cliff"},"geometry":{"type":"LineString","coordinates":[[168.665534,-45.032073],[168.665518,-45.032063]]}},{"type":"Feature","properties":{"building_id":5371142,"kind":"cliff"},"geometry":{"type":"LineString","coordinates":[[168.665598,-45.03202],[168.66559,-45.032013]]}},{"type":"Feature","properties":{"building_id":5371142,"kind":"cliff"},"geometry":{"type":"LineString","coordinates":[[168.66559,-45.032013],[168.665571,-45.032001]]}},{"type":"Feature","properties":{"building_id":5371142,"kind":"cliff"},"geometry":{"type":"LineString","coordinates":[[168.665571,-45.032001],[168.665557,-45.031991]]}},{"type":"Feature","properties":{"building_id":5371142,"kind":"cliff"},"geometry":{"type":"LineString","coordinates":[[168.665518,-45.032063],[168.665499,-45.03205]]}},{"type":"Feature","properties":{"building_id":5371142,"kind":"cliff"},"geometry":{"type":"LineString","coordinates":[[168.665499,-45.03205],[168.665482,-45.03204]]}},{"type":"Feature","properties":{"building_id":5371142,"kind":"cliff"},"geometry":{"type":"LineString","coordinates":[[168.665557,-45.031991],[168.665537,-45.031976]]}},{"type":"Feature","properties":{"building_id":5371142,"kind":"cliff"},"geometry":{"type":"LineString","coordinates":[[168.665537,-45.031976],[168.665522,-45.031966]]}},{"type":"Feature","properties":{"building_id":5371142,"kind":"cliff"},"geometry":{"type":"LineString","coordinates":[[168.665522,-45.031966],[168.6655,-45.031951]]}},{"type":"Feature","properties":{"building_id":5371142,"kind":"cliff"},"geometry":{"type":"LineString","coordinates":[[168.6655,-45.031951],[168.665486,-45.031942]]}},{"type":"Feature","properties":{"building_id":5371142,"kind":"cliff"},"geometry":{"type":"LineString","coordinates":[[168.665486,-45.031942],[168.665466,-45.031926]]}},{"type":"Feature","properties":{"building_id":5371142,"kind":"cliff"},"geometry":{"type":"LineString","coordinates":[[168.665466,-45.031926],[168.665455,-45.031917]]}},{"type":"Feature","properties":{"building_id":5371142,"kind":"cliff"},"geometry":{"type":"LineString","coordinates":[[168.665455,-45.031917],[168.665432,-45.031901]]}},{"type":"Feature","properties":{"building_id":5371142,"kind":"cliff"},"geometry":{"type":"LineString","coordinates":[[168.665432,-45.031901],[168.665421,-45.031893]]}},{"type":"Feature","properties":{"building_id":5371142,"kind":"cliff"},"geometry":{"type":"LineString","coordinates":[[168.665421,-45.031893],[168.665399,-45.031877]]}},{"type":"Feature","properties":{"building_id":5371142,"kind":"cliff"},"geometry":{"type":"LineString","coordinates":[[168.665399,-45.031877],[168.665384,-45.031868]]}},{"type":"Feature","properties":{"building_id":5371142,"kind":"cliff"},"geometry":{"type":"LineString","coordinates":[[168.665384,-45.031868],[168.665383,-45.03186]]}},{"type":"Feature","properties":{"building_id":5371142,"kind":"cliff"},"geometry":{"type":"LineString","coordinates":[[168.665489,-45.03216],[168.665497,-45.032166]]}},{"type":"Feature","properties":{"building_id":5371142,"kind":"cliff"},"geometry":{"type":"LineString","coordinates":[[168.665497,-45.032166],[168.665507,-45.032175]]}},{"type":"Feature","properties":{"building_id":5371142,"kind":"cliff"},"geometry":{"type":"LineString","coordinates":[[168.665512,-45.032176],[168.665522,-45.032183]]}},{"type":"Feature","properties":{"building_id":5371142,"kind":"cliff"},"geometry":{"type":"LineString","coordinates":[[168.665522,-45.032183],[168.665531,-45.032191]]}},{"type":"Feature","properties":{"building_id":5371142,"kind":"cliff"},"geometry":{"type":"LineString","coordinates":[[168.665485,-45.032158],[168.665476,-45.03215]]}},{"type":"Feature","properties":{"building_id":5371142,"kind":"cliff"},"geometry":{"type":"LineString","coordinates":[[168.665476,-45.03215],[168.665466,-45.032143]]}},{"type":"Feature","properties":{"building_id":5371142,"kind":"ridge"},"geometry":{"type":"LineString","coordinates":[[168.665518,-45.032122],[168.665476,-45.03215]]}},{"type":"Feature","properties":{"building_id":5371142,"kind":"ridge"},"geometry":{"type":"LineString","coordinates":[[168.665539,-45.032138],[168.665497,-45.032166]]}},{"type":"Feature","properties":{"building_id":5371142,"kind":"ridge"},"geometry":{"type":"LineString","coordinates":[[168.665562,-45.032154],[168.665522,-45.032183]]}},{"type":"Feature","properties":{"building_id":5371142,"kind":"valley"},"geometry":{"type":"LineString","coordinates":[[168.665512,-45.032176],[168.665562,-45.032154]]}},{"type":"Feature","properties":{"building_id":5371142,"kind":"valley"},"geometry":{"type":"LineString","coordinates":[[168.665531,-45.032191],[168.665562,-45.032154]]}},{"type":"Feature","properties":{"building_id":5371142,"kind":"valley"},"geometry":{"type":"LineString","coordinates":[[168.665507,-45.032175],[168.665539,-45.032138]]}},{"type":"Feature","properties":{"building_id":5371142,"kind":"valley"},"geometry":{"type":"LineString","coordinates":[[168.665489,-45.03216],[168.665539,-45.032138]]}},{"type":"Feature","properties":{"building_id":5371142,"kind":"valley"},"geometry":{"type":"LineString","coordinates":[[168.665485,-45.032158],[168.665518,-45.032122]]}},{"type":"Feature","properties":{"building_id":5371142,"kind":"valley"},"geometry":{"type":"LineString","coordinates":[[168.665466,-45.032143],[168.665518,-45.032122]]}},{"type":"Feature","properties":{"building_id":5371142,"kind":"valley"},"geometry":{"type":"LineString","coordinates":[[168.665454,-45.032067],[168.665457,-45.032088]]}},{"type":"Feature","properties":{"building_id":5371142,"kind":"valley"},"geometry":{"type":"LineString","coordinates":[[168.665457,-45.032088],[168.665424,-45.032086]]}},{"type":"Feature","properties":{"building_id":5371142,"kind":"ridge"},"geometry":{"type":"LineString","coordinates":[[168.665457,-45.032088],[168.66543,-45.032069]]}},{"type":"Feature","properties":{"building_id":5371142,"kind":"ridge"},"geometry":{"type":"LineString","coordinates":[[168.665519,-45.032089],[168.665605,-45.032152]]}},{"type":"Feature","properties":{"building_id":5371142,"kind":"ridge"},"geometry":{"type":"LineString","coordinates":[[168.665605,-45.032152],[168.665629,-45.032173]]}},{"type":"Feature","properties":{"building_id":5371142,"kind":"ridge"},"geometry":{"type":"LineString","coordinates":[[168.665605,-45.032152],[168.665587,-45.032168]]}},{"type":"Feature","properties":{"building_id":5371142,"kind":"ridge"},"geometry":{"type":"LineString","coordinates":[[168.665605,-45.032152],[168.66562,-45.032144]]}},{"type":"Feature","properties":{"building_id":5371142,"kind":"cliff"},"geometry":{"type":"LineString","coordinates":[[168.665519,-45.032089],[168.665539,-45.032077]]}},{"type":"Feature","properties":{"building_id":5371142,"kind":"cliff"},"geometry":{"type":"LineString","coordinates":[[168.665519,-45.032089],[168.665428,-45.032158]]}},{"type":"Feature","properties":{"building_id":5371142,"kind":"cliff"},"geometry":{"type":"LineString","coordinates":[[168.665427,-45.032113],[168.66539,-45.03211]]}},{"type":"Feature","properties":{"building_id":5371142,"kind":"cliff"},"geometry":{"type":"LineString","coordinates":[[168.665428,-45.032158],[168.665507,-45.032217]]}},{"type":"Feature","properties":{"building_id":5371142,"kind":"cliff"},"geometry":{"type":"LineString","coordinates":[[168.665361,-45.03216],[168.665485,-45.032249]]}},{"type":"Feature","properties":{"building_id":5371142,"kind":"cliff"},"geometry":{"type":"LineString","coordinates":[[168.66539,-45.03211],[168.665388,-45.032133]]}},{"type":"Feature","properties":{"building_id":5371142,"kind":"cliff"},"geometry":{"type":"LineString","coordinates":[[168.665388,-45.032133],[168.665428,-45.032158]]}},{"type":"Feature","properties":{"building_id":5371142,"kind":"ridge"},"geometry":{"type":"LineString","coordinates":[[168.665427,-45.032113],[168.665458,-45.032135]]}},{"type":"Feature","properties":{"building_id":5371142,"kind":"ridge"},"geometry":{"type":"LineString","coordinates":[[168.665427,-45.032113],[168.665509,-45.032057]]}},{"type":"Feature","properties":{"building_id":5371142,"kind":"cliff"},"geometry":{"type":"LineString","coordinates":[[168.665361,-45.03216],[168.665395,-45.032137]]}},{"type":"Feature","properties":{"building_id":5371142,"kind":"ridge"},"geometry":{"type":"LineString","coordinates":[[168.665273,-45.032134],[168.665461,-45.032266]]}},{"type":"Feature","properties":{"building_id":5371142,"kind":"cliff"},"geometry":{"type":"LineString","coordinates":[[168.665273,-45.032134],[168.66525,-45.032153]]}},{"type":"Feature","properties":{"building_id":5371142,"kind":"cliff"},"geometry":{"type":"LineString","coordinates":[[168.665273,-45.032134],[168.665303,-45.032118]]}},{"type":"Feature","properties":{"building_id":5371142,"kind":"valley"},"geometry":{"type":"LineString","coordinates":[[168.665303,-45.032118],[168.665361,-45.03216]]}},{"type":"Feature","properties":{"building_id":5371142,"kind":"valley"},"geometry":{"type":"LineString","coordinates":[[168.66525,-45.032153],[168.665366,-45.032239]]}},{"type":"Feature","properties":{"building_id":5371142,"kind":"cliff"},"geometry":{"type":"LineString","coordinates":[[168.665366,-45.032239],[168.665359,-45.032245]]}},{"type":"Feature","properties":{"building_id":5371183,"kind":"cliff"},"geometry":{"type":"LineString","coordinates":[[168.666837,-45.034676],[168.666836,-45.034712]]}},{"type":"Feature","properties":{"building_id":5371183,"kind":"cliff"},"geometry":{"type":"LineString","coordinates":[[168.666836,-45.034712],[168.666887,-45.034715]]}},{"type":"Feature","properties":{"building_id":5371183,"kind":"cliff"},"geometry":{"type":"LineString","coordinates":[[168.666887,-45.034715],[168.666887,-45.034679]]}},{"type":"Feature","properties":{"building_id":5371183,"kind":"cliff"},"geometry":{"type":"LineString","coordinates":[[168.666887,-45.034679],[168.666837,-45.034676]]}},{"type":"Feature","properties":{"building_id":5371183,"kind":"ridge"},"geometry":{"type":"LineString","coordinates":[[168.666796,-45.034739],[168.666836,-45.034712]]}},{"type":"Feature","properties":{"building_id":5371183,"kind":"ridge"},"geometry":{"type":"LineString","coordinates":[[168.666887,-45.034679],[168.666924,-45.034655]]}},{"type":"Feature","properties":{"building_id":5371183,"kind":"ridge"},"geometry":{"type":"LineString","coordinates":[[168.666887,-45.034679],[168.66686,-45.034695]]}},{"type":"Feature","properties":{"building_id":5371183,"kind":"ridge"},"geometry":{"type":"LineString","coordinates":[[168.66686,-45.034695],[168.666837,-45.034676]]}},{"type":"Feature","properties":{"building_id":5371183,"kind":"ridge"},"geometry":{"type":"LineString","coordinates":[[168.66686,-45.034695],[168.666836,-45.034712]]}},{"type":"Feature","properties":{"building_id":5371183,"kind":"ridge"},"geometry":{"type":"LineString","coordinates":[[168.66686,-45.034695],[168.666887,-45.034715]]}},{"type":"Feature","properties":{"building_id":5371183,"kind":"ridge"},"geometry":{"type":"LineString","coordinates":[[168.666796,-45.034739],[168.666917,-45.034829]]}},{"type":"Feature","properties":{"building_id":5371183,"kind":"ridge"},"geometry":{"type":"LineString","coordinates":[[168.666796,-45.034739],[168.666341,-45.034729]]}},{"type":"Feature","properties":{"building_id":5371183,"kind":"ridge"},"geometry":{"type":"LineString","coordinates":[[168.666341,-45.034729],[168.666218,-45.034815]]}},{"type":"Feature","properties":{"building_id":5371183,"kind":"ridge"},"geometry":{"type":"LineString","coordinates":[[168.666341,-45.034729],[168.666225,-45.03464]]}},{"type":"Feature","properties":{"building_id":5371183,"kind":"ridge"},"geometry":{"type":"LineString","coordinates":[[168.666543,-45.03477],[168.666542,-45.034815]]}},{"type":"Feature","properties":{"building_id":5371183,"kind":"ridge"},"geometry":{"type":"LineString","coordinates":[[168.66659,-45.034772],[168.666589,-45.034816]]}},{"type":"Feature","properties":{"building_id":5371183,"kind":"ridge"},"geometry":{"type":"LineString","coordinates":[[168.666639,-45.034773],[168.666638,-45.034816]]}},{"type":"Feature","properties":{"building_id":5371183,"kind":"cliff"},"geometry":{"type":"LineString","coordinates":[[168.666542,-45.034815],[168.666521,-45.034814]]}},{"type":"Feature","properties":{"building_id":5371183,"kind":"cliff"},"geometry":{"type":"LineString","coordinates":[[168.666542,-45.034815],[168.666562,-45.034815]]}},{"type":"Feature","properties":{"building_id":5371183,"kind":"cliff"},"geometry":{"type":"LineString","coordinates":[[168.666589,-45.034816],[168.666569,-45.034815]]}},{"type":"Feature","properties":{"building_id":5371183,"kind":"cliff"},"geometry":{"type":"LineString","coordinates":[[168.666589,-45.034816],[168.666609,-45.034817]]}},{"type":"Feature","properties":{"building_id":5371183,"kind":"cliff"},"geometry":{"type":"LineString","coordinates":[[168.666638,-45.034816],[168.666618,-45.034817]]}},{"type":"Feature","properties":{"building_id":5371183,"kind":"cliff"},"geometry":{"type":"LineString","coordinates":[[168.666638,-45.034816],[168.666659,-45.034819]]}},{"type":"Feature","properties":{"building_id":5371183,"kind":"valley"},"geometry":{"type":"LineString","coordinates":[[168.666659,-45.034819],[168.666639,-45.034773]]}},{"type":"Feature","properties":{"building_id":5371183,"kind":"valley"},"geometry":{"type":"LineString","coordinates":[[168.666618,-45.034817],[168.666639,-45.034773]]}},{"type":"Feature","properties":{"building_id":5371183,"kind":"valley"},"geometry":{"type":"LineString","coordinates":[[168.666609,-45.034817],[168.66659,-45.034772]]}},{"type":"Feature","properties":{"building_id":5371183,"kind":"valley"},"geometry":{"type":"LineString","coordinates":[[168.666569,-45.034815],[168.66659,-45.034772]]}},{"type":"Feature","properties":{"building_id":5371183,"kind":"valley"},"geometry":{"type":"LineString","coordinates":[[168.666562,-45.034815],[168.666543,-45.03477]]}},{"type":"Feature","properties":{"building_id":5371183,"kind":"valley"},"geometry":{"type":"LineString","coordinates":[[168.666521,-45.034814],[168.666543,-45.03477]]}},{"type":"Feature","properties":{"building_id":5371183,"kind":"ridge"},"geometry":{"type":"LineString","coordinates":[[168.666398,-45.034742],[168.666397,-45.034759]]}},{"type":"Feature","properties":{"building_id":5371183,"kind":"ridge"},"geometry":{"type":"LineString","coordinates":[[168.666399,-45.034719],[168.6664,-45.034702]]}},{"type":"Feature","properties":{"building_id":5371183,"kind":"ridge"},"geometry":{"type":"LineString","coordinates":[[168.666495,-45.034744],[168.666495,-45.034762]]}},{"type":"Feature","properties":{"building_id":5371183,"kind":"ridge"},"geometry":{"type":"LineString","coordinates":[[168.666497,-45.034722],[168.666497,-45.034705]]}},{"type":"Feature","properties":{"building_id":5371183,"kind":"ridge"},"geometry":{"type":"LineString","coordinates":[[168.666593,-45.034725],[168.666593,-45.034707]]}},{"type":"Feature","properties":{"building_id":5371183,"kind":"ridge"},"geometry":{"type":"LineString","coordinates":[[168.666591,-45.034746],[168.66659,-45.034763]]}},{"type":"Feature","properties":{"building_id":5371183,"kind":"cliff"},"geometry":{"type":"LineString","coordinates":[[168.666397,-45.034759],[168.666389,-45.034759]]}},{"type":"Feature","properties":{"building_id":5371183,"kind":"cliff"},"geometry":{"type":"LineString","coordinates":[[168.666397,-45.034759],[168.666405,-45.03476]]}},{"type":"Feature","properties":{"building_id":5371183,"kind":"cliff"},"geometry":{"type":"LineString","coordinates":[[168.6664,-45.034702],[168.66641,-45.034702]]}},{"type":"Feature","properties":{"building_id":5371183,"kind":"cliff"},"geometry":{"type":"LineString","coordinates":[[168.6664,-45.034702],[168.666391,-45.034702]]}},{"type":"Feature","properties":{"building_id":5371183,"kind":"cliff"},"geometry":{"type":"LineString","coordinates":[[168.666497,-45.034705],[168.666507,-45.034705]]}},{"type":"Feature","properties":{"building_id":5371183,"kind":"cliff"},"geometry":{"type":"LineString","coordinates":[[168.666497,-45.034705],[168.666488,-45.034705]]}},{"type":"Feature","properties":{"building_id":5371183,"kind":"cliff"},"geometry":{"type":"LineString","coordinates":[[168.666495,-45.034762],[168.666486,-45.034761]]}},{"type":"Feature","properties":{"building_id":5371183,"kind":"cliff"},"geometry":{"type":"LineString","coordinates":[[168.666495,-45.034762],[168.666502,-45.034762]]}},{"type":"Feature","properties":{"building_id":5371183,"kind":"cliff"},"geometry":{"type":"LineString","coordinates":[[168.66659,-45.034763],[168.666582,-45.034763]]}},{"type":"Feature","properties":{"building_id":5371183,"kind":"cliff"},"geometry":{"type":"LineString","coordinates":[[168.66659,-45.034763],[168.6666,-45.034764]]}},{"type":"Feature","properties":{"building_id":5371183,"kind":"cliff"},"geometry":{"type":"LineString","coordinates":[[168.666593,-45.034707],[168.666585,-45.034707]]}},{"type":"Feature","properties":{"building_id":5371183,"kind":"cliff"},"geometry":{"type":"LineString","coordinates":[[168.666593,-45.034707],[168.666602,-45.034708]]}},{"type":"Feature","properties":{"building_id":5371183,"kind":"valley"},"geometry":{"type":"LineString","coordinates":[[168.66641,-45.034702],[168.666399,-45.034719]]}},{"type":"Feature","properties":{"building_id":5371183,"kind":"valley"},"geometry":{"type":"LineString","coordinates":[[168.666391,-45.034702],[168.666399,-45.034719]]}},{"type":"Feature","properties":{"building_id":5371183,"kind":"valley"},"geometry":{"type":"LineString","coordinates":[[168.666398,-45.034742],[168.666389,-45.034759]]}},{"type":"Feature","properties":{"building_id":5371183,"kind":"valley"},"geometry":{"type":"LineString","coordinates":[[168.666398,-45.034742],[168.666405,-45.03476]]}},{"type":"Feature","properties":{"building_id":5371183,"kind":"valley"},"geometry":{"type":"LineString","coordinates":[[168.666495,-45.034744],[168.666486,-45.034761]]}},{"type":"Feature","properties":{"building_id":5371183,"kind":"valley"},"geometry":{"type":"LineString","coordinates":[[168.666495,-45.034744],[168.666502,-45.034762]]}},{"type":"Feature","properties":{"building_id":5371183,"kind":"valley"},"geometry":{"type":"LineString","coordinates":[[168.666497,-45.034722],[168.666507,-45.034705]]}},{"type":"Feature","properties":{"building_id":5371183,"kind":"valley"},"geometry":{"type":"LineString","coordinates":[[168.666497,-45.034722],[168.666488,-45.034705]]}},{"type":"Feature","properties":{"building_id":5371183,"kind":"valley"},"geometry":{"type":"LineString","coordinates":[[168.666593,-45.034725],[168.666585,-45.034707]]}},{"type":"Feature","properties":{"building_id":5371183,"kind":"valley"},"geometry":{"type":"LineString","coordinates":[[168.666593,-45.034725],[168.666602,-45.034708]]}},{"type":"Feature","properties":{"building_id":5371183,"kind":"valley"},"geometry":{"type":"LineString","coordinates":[[168.666591,-45.034746],[168.666582,-45.034763]]}},{"type":"Feature","properties":{"building_id":5371183,"kind":"valley"},"geometry":{"type":"LineString","coordinates":[[168.666591,-45.034746],[168.6666,-45.034764]]}},{"type":"Feature","properties":{"building_id":5371183,"kind":"ridge"},"geometry":{"type":"LineString","coordinates":[[168.66669,-45.034726],[168.66669,-45.034709]]}},{"type":"Feature","properties":{"building_id":5371183,"kind":"ridge"},"geometry":{"type":"LineString","coordinates":[[168.666688,-45.034748],[168.666688,-45.034766]]}},{"type":"Feature","properties":{"building_id":5371183,"kind":"ridge"},"geometry":{"type":"LineString","coordinates":[[168.666786,-45.03475],[168.666785,-45.034768]]}},{"type":"Feature","properties":{"building_id":5371183,"kind":"ridge"},"geometry":{"type":"LineString","coordinates":[[168.666787,-45.034728],[168.666787,-45.034712]]}},{"type":"Feature","properties":{"building_id":5371183,"kind":"cliff"},"geometry":{"type":"LineString","coordinates":[[168.66669,-45.034709],[168.666681,-45.034708]]}},{"type":"Feature","properties":{"building_id":5371183,"kind":"cliff"},"geometry":{"type":"LineString","coordinates":[[168.66669,-45.034709],[168.666699,-45.034709]]}},{"type":"Feature","properties":{"building_id":5371183,"kind":"cliff"},"geometry":{"type":"LineString","coordinates":[[168.666787,-45.034712],[168.666779,-45.034711]]}},{"type":"Feature","properties":{"building_id":5371183,"kind":"cliff"},"geometry":{"type":"LineString","coordinates":[[168.666787,-45.034712],[168.666795,-45.034712]]}},{"type":"Feature","properties":{"building_id":5371183,"kind":"cliff"},"geometry":{"type":"LineString","coordinates":[[168.666785,-45.034768],[168.666777,-45.034768]]}},{"type":"Feature","properties":{"building_id":5371183,"kind":"cliff"},"geometry":{"type":"LineString","coordinates":[[168.666785,-45.034768],[168.666794,-45.034769]]}},{"type":"Feature","properties":{"building_id":5371183,"kind":"cliff"},"geometry":{"type":"LineString","coordinates":[[168.666688,-45.034766],[168.666679,-45.034766]]}},{"type":"Feature","properties":{"building_id":5371183,"kind":"cliff"},"geometry":{"type":"LineString","coordinates":[[168.666688,-45.034766],[168.666696,-45.034766]]}},{"type":"Feature","properties":{"building_id":5371183,"kind":"valley"},"geometry":{"type":"LineString","coordinates":[[168.666696,-45.034766],[168.666688,-45.034748]]}},{"type":"Feature","properties":{"building_id":5371183,"kind":"valley"},"geometry":{"type":"LineString","coordinates":[[168.666679,-45.034766],[168.666688,-45.034748]]}},{"type":"Feature","properties":{"building_id":5371183,"kind":"valley"},"geometry":{"type":"LineString","coordinates":[[168.66669,-45.034726],[168.666699,-45.034709]]}},{"type":"Feature","properties":{"building_id":5371183,"kind":"valley"},"geometry":{"type":"LineString","coordinates":[[168.66669,-45.034726],[168.666681,-45.034708]]}},{"type":"Feature","properties":{"building_id":5371183,"kind":"valley"},"geometry":{"type":"LineString","coordinates":[[168.666787,-45.034728],[168.666779,-45.034711]]}},{"type":"Feature","properties":{"building_id":5371183,"kind":"valley"},"geometry":{"type":"LineString","coordinates":[[168.666787,-45.034728],[168.666795,-45.034712]]}},{"type":"Feature","properties":{"building_id":5371183,"kind":"valley"},"geometry":{"type":"LineString","coordinates":[[168.666794,-45.034769],[168.666786,-45.03475]]}},{"type":"Feature","properties":{"building_id":5371183,"kind":"valley"},"geometry":{"type":"LineString","coordinates":[[168.666777,-45.034768],[168.666786,-45.03475]]}},{"type":"Feature","properties":{"building_id":5372567,"kind":"ridge"},"geometry":{"type":"LineString","coordinates":[[168.666221,-45.034411],[168.666142,-45.034304]]}},{"type":"Feature","properties":{"building_id":5372567,"kind":"ridge"},"geometry":{"type":"LineString","coordinates":[[168.666221,-45.034411],[168.666078,-45.034473]]}},{"type":"Feature","properties":{"building_id":5372567,"kind":"ridge"},"geometry":{"type":"LineString","coordinates":[[168.666221,-45.034411],[168.666725,-45.034504]]}},{"type":"Feature","properties":{"building_id":5372567,"kind":"ridge"},"geometry":{"type":"LineString","coordinates":[[168.666935,-45.034233],[168.667185,-45.034182]]}},{"type":"Feature","properties":{"building_id":5372567,"kind":"ridge"},"geometry":{"type":"LineString","coordinates":[[168.667204,-45.034229],[168.666982,-45.034277]]}},{"type":"Feature","properties":{"building_id":5372567,"kind":"ridge"},"geometry":{"type":"LineString","coordinates":[[168.666986,-45.0343],[168.666891,-45.034319]]}},{"type":"Feature","properties":{"building_id":5372567,"kind":"ridge"},"geometry":{"type":"LineString","coordinates":[[168.666902,-45.034344],[168.666831,-45.034359]]}},{"type":"Feature","properties":{"building_id":5372567,"kind":"ridge"},"geometry":{"type":"LineString","coordinates":[[168.666881,-45.034295],[168.666809,-45.034311]]}},{"type":"Feature","properties":{"building_id":5372567,"kind":"ridge"},"geometry":{"type":"LineString","coordinates":[[168.666998,-45.034324],[168.667224,-45.034277]]}},{"type":"Feature","properties":{"building_id":5372567,"kind":"ridge"},"geometry":{"type":"LineString","coordinates":[[168.667057,-45.034197],[168.667047,-45.034172]]}},{"type":"Feature","properties":{"building_id":5372567,"kind":"valley"},"geometry":{"type":"LineString","coordinates":[[168.667057,-45.034197],[168.66701,-45.03418]]}},{"type":"Feature","properties":{"building_id":5372567,"kind":"valley"},"geometry":{"type":"LineString","coordinates":[[168.667057,-45.034197],[168.667083,-45.034165]]}},{"type":"Feature","properties":{"building_id":5372567,"kind":"valley"},"geometry":{"type":"LineString","coordinates":[[168.667195,-45.034206],[168.666947,-45.034256]]}},{"type":"Feature","properties":{"building_id":5372567,"kind":"cliff"},"geometry":{"type":"LineString","coordinates":[[168.666935,-45.034233],[168.666947,-45.034256]]}},{"type":"Feature","properties":{"building_id":5372567,"kind":"cliff"},"geometry":{"type":"LineString","coordinates":[[168.666986,-45.0343],[168.666982,-45.034277]]}},{"type":"Feature","properties":{"building_id":5372567,"kind":"cliff"},"geometry":{"type":"LineString","coordinates":[[168.666986,-45.0343],[168.666998,-45.034324]]}},{"type":"Feature","properties":{"building_id":5372567,"kind":"valley"},"geometry":{"type":"LineString","coordinates":[[168.666998,-45.034324],[168.667008,-45.034297]]}},{"type":"Feature","properties":{"building_id":5372567,"kind":"valley"},"geometry":{"type":"LineString","coordinates":[[168.667008,-45.034297],[168.666982,-45.034277]]}},{"type":"Feature","properties":{"building_id":5372567,"kind":"valley"},"geometry":{"type":"LineString","coordinates":[[168.666881,-45.034295],[168.666871,-45.034323]]}},{"type":"Feature","properties":{"building_id":5372567,"kind":"valley"},"geometry":{"type":"LineString","coordinates":[[168.666902,-45.034344],[168.666871,-45.034323]]}},{"type":"Feature","properties":{"building_id":5372567,"kind":"cliff"},"geometry":{"type":"LineString","coordinates":[[168.666891,-45.034319],[168.666881,-45.034295]]}},{"type":"Feature","properties":{"building_id":5372567,"kind":"cliff"},"geometry":{"type":"LineString","coordinates":[[168.666891,-45.034319],[168.666902,-45.034344]]}},{"type":"Feature","properties":{"building_id":5372567,"kind":"valley"},"geometry":{"type":"LineString","coordinates":[[168.666871,-45.034323],[168.66682,-45.034334]]}},{"type":"Feature","properties":{"building_id":5372567,"kind":"valley"},"geometry":{"type":"LineString","coordinates":[[168.667008,-45.034297],[168.667214,-45.034254]]}},{"type":"Feature","properties":{"building_id":5372567,"kind":"cliff"},"geometry":{"type":"LineString","coordinates":[[168.66682,-45.034334],[168.666809,-45.034311]]}},{"type":"Feature","properties":{"building_id":5372567,"kind":"cliff"},"geometry":{"type":"LineString","coordinates":[[168.666809,-45.034311],[168.666795,-45.034275]]}},{"type":"Feature","properties":{"building_id":5372567,"kind":"cliff"},"geometry":{"type":"LineString","coordinates":[[168.66682,-45.034334],[168.666831,-45.034359]]}},{"type":"Feature","properties":{"building_id":5372567,"kind":"cliff"},"geometry":{"type":"LineString","coordinates":[[168.666831,-45.034359],[168.666845,-45.034395]]}},{"type":"Feature","properties":{"building_id":5372567,"kind":"valley"},"geometry":{"type":"LineString","coordinates":[[168.666845,-45.034395],[168.667087,-45.034338]]}},{"type":"Feature","properties":{"building_id":5372567,"kind":"valley"},"geometry":{"type":"LineString","coordinates":[[168.667087,-45.034338],[168.667111,-45.034326]]}},{"type":"Feature","properties":{"building_id":5372567,"kind":"valley"},"geometry":{"type":"LineString","coordinates":[[168.667111,-45.034326],[168.667245,-45.034328]]}},{"type":"Feature","properties":{"building_id":5372567,"kind":"cliff"},"geometry":{"type":"LineString","coordinates":[[168.667198,-45.034327],[168.66724,-45.034317]]}},{"type":"Feature","properties":{"building_id":5372567,"kind":"valley"},"geometry":{"type":"LineString","coordinates":[[168.666795,-45.034275],[168.666716,-45.034245]]}},{"type":"Feature","properties":{"building_id":5372567,"kind":"valley"},"geometry":{"type":"LineString","coordinates":[[168.666716,-45.034245],[168.666682,-45.034296]]}},{"type":"Feature","properties":{"building_id":5372567,"kind":"valley"},"geometry":{"type":"LineString","coordinates":[[168.666682,-45.034296],[168.666651,-45.034302]]}},{"type":"Feature","properties":{"building_id":5372567,"kind":"valley"},"geometry":{"type":"LineString","coordinates":[[168.666795,-45.034275],[168.666817,-45.034271]]}},{"type":"Feature","properties":{"building_id":5372567,"kind":"valley"},"geometry":{"type":"LineString","coordinates":[[168.666707,-45.034221],[168.666732,-45.034187]]}},{"type":"Feature","properties":{"building_id":5372567,"kind":"valley"},"geometry":{"type":"LineString","coordinates":[[168.666707,-45.034221],[168.66666,-45.034201]]}},{"type":"Feature","properties":{"building_id":5372567,"kind":"ridge"},"geometry":{"type":"LineString","coordinates":[[168.666707,-45.034221],[168.666696,-45.034194]]}},{"type":"Feature","properties":{"building_id":5372567,"kind":"ridge"},"geometry":{"type":"LineString","coordinates":[[168.666632,-45.034255],[168.666797,-45.034221]]}},{"type":"Feature","properties":{"building_id":5372567,"kind":"ridge"},"geometry":{"type":"LineString","coordinates":[[168.666716,-45.034245],[168.666748,-45.034325]]}},{"type":"Feature","properties":{"building_id":5372567,"kind":"valley"},"geometry":{"type":"LineString","coordinates":[[168.666748,-45.034325],[168.666777,-45.034296]]}},{"type":"Feature","properties":{"building_id":5372567,"kind":"valley"},"geometry":{"type":"LineString","coordinates":[[168.666777,-45.034296],[168.666809,-45.034311]]}},{"type":"Feature","properties":{"building_id":5372567,"kind":"valley"},"geometry":{"type":"LineString","coordinates":[[168.666748,-45.034325],[168.666705,-45.034313]]}},{"type":"Feature","properties":{"building_id":5372567,"kind":"valley"},"geometry":{"type":"LineString","coordinates":[[168.666705,-45.034313],[168.666667,-45.034343]]}},{"type":"Feature","properties":{"building_id":5372567,"kind":"cliff"},"geometry":{"type":"LineString","coordinates":[[168.666656,-45.034315],[168.666699,-45.034305]]}},{"type":"Feature","properties":{"building_id":5372567,"kind":"valley"},"geometry":{"type":"LineString","coordinates":[[168.666699,-45.034305],[168.666705,-45.034313]]}},{"type":"Feature","properties":{"building_id":5372567,"kind":"cliff"},"geometry":{"type":"LineString","coordinates":[[168.666799,-45.034285],[168.666774,-45.03429]]}},{"type":"Feature","properties":{"building_id":5372567,"kind":"valley"},"geometry":{"type":"LineString","coordinates":[[168.666777,-45.034296],[168.666774,-45.03429]]}},{"type":"Feature","properties":{"building_id":5372567,"kind":"valley"},"geometry":{"type":"LineString","coordinates":[[168.666677,-45.034366],[168.666693,-45.034363]]}},{"type":"Feature","properties":{"building_id":5372567,"kind":"valley"},"geometry":{"type":"LineString","coordinates":[[168.666693,-45.034363],[168.666708,-45.034333]]}},{"type":"Feature","properties":{"building_id":5372567,"kind":"valley"},"geometry":{"type":"LineString","coordinates":[[168.666693,-45.034363],[168.666729,-45.034379]]}},{"type":"Feature","properties":{"building_id":5372567,"kind":"ridge"},"geometry":{"type":"LineString","coordinates":[[168.666708,-45.034333],[168.666667,-45.034343]]}},{"type":"Feature","properties":{"building_id":5372567,"kind":"ridge"},"geometry":{"type":"LineString","coordinates":[[168.666708,-45.034333],[168.666748,-45.034325]]}},{"type":"Feature","properties":{"building_id":5372567,"kind":"ridge"},"geometry":{"type":"LineString","coordinates":[[168.666748,-45.034325],[168.666809,-45.034311]]}},{"type":"Feature","properties":{"building_id":5372567,"kind":"ridge"},"geometry":{"type":"LineString","coordinates":[[168.666729,-45.034379],[168.666708,-45.034333]]}},{"type":"Feature","properties":{"building_id":5372567,"kind":"ridge"},"geometry":{"type":"LineString","coordinates":[[168.666729,-45.034379],[168.666687,-45.03439]]}},{"type":"Feature","properties":{"building_id":5372567,"kind":"ridge"},"geometry":{"type":"LineString","coordinates":[[168.667111,-45.034326],[168.66721,-45.034562]]}},{"type":"Feature","properties":{"building_id":5372567,"kind":"ridge"},"geometry":{"type":"LineString","coordinates":[[168.66721,-45.034562],[168.667263,-45.034582]]}},{"type":"Feature","properties":{"building_id":5372567,"kind":"ridge"},"geometry":{"type":"LineString","coordinates":[[168.667263,-45.034582],[168.667276,-45.034609]]}},{"type":"Feature","properties":{"building_id":5372567,"kind":"ridge"},"geometry":{"type":"LineString","coordinates":[[168.66721,-45.034562],[168.667124,-45.034673]]}},{"type":"Feature","properties":{"building_id":5372567,"kind":"ridge"},"geometry":{"type":"LineString","coordinates":[[168.667375,-45.034648],[168.667276,-45.034609]]}},{"type":"Feature","properties":{"building_id":5372567,"kind":"cliff"},"geometry":{"type":"LineString","coordinates":[[168.667232,-45.034641],[168.667254,-45.034701]]}},{"type":"Feature","properties":{"building_id":5372567,"kind":"cliff"},"geometry":{"type":"LineString","coordinates":[[168.667254,-45.034701],[168.667231,-45.034707]]}},{"type":"Feature","properties":{"building_id":5372567,"kind":"cliff"},"geometry":{"type":"LineString","coordinates":[[168.667232,-45.034641],[168.667148,-45.034659]]}},{"type":"Feature","properties":{"building_id":5372567,"kind":"cliff"},"geometry":{"type":"LineString","coordinates":[[168.667148,-45.034659],[168.667149,-45.034668]]}},{"type":"Feature","properties":{"building_id":5372567,"kind":"valley"},"geometry":{"type":"LineString","coordinates":[[168.667263,-45.034582],[168.667215,-45.034645]]}},{"type":"Feature","properties":{"building_id":5372567,"kind":"cliff"},"geometry":{"type":"LineString","coordinates":[[168.667244,-45.034673],[168.667375,-45.034648]]}},{"type":"Feature","properties":{"building_id":5372567,"kind":"ridge"},"geometry":{"type":"LineString","coordinates":[[168.667237,-45.034654],[168.667276,-45.034609]]}},{"type":"Feature","properties":{"building_id":5372567,"kind":"cliff"},"geometry":{"type":"LineString","coordinates":[[168.667127,-45.034433],[168.667034,-45.034453]]}},{"type":"Feature","properties":{"building_id":5372567,"kind":"ridge"},"geometry":{"type":"LineString","coordinates":[[168.667298,-45.034663],[168.667316,-45.034708]]}},{"type":"Feature","properties":{"building_id":5372567,"kind":"ridge"},"geometry":{"type":"LineString","coordinates":[[168.667316,-45.034708],[168.667259,-45.034776]]}},{"type":"Feature","properties":{"building_id":5372567,"kind":"ridge"},"geometry":{"type":"LineString","coordinates":[[168.667316,-45.034708],[168.667413,-45.034743]]}},{"type":"Feature","properties":{"building_id":5372567,"kind":"cliff"},"geometry":{"type":"LineString","coordinates":[[168.667259,-45.034776],[168.667405,-45.034745]]}},{"type":"Feature","properties":{"building_id":5372567,"kind":"valley"},"geometry":{"type":"LineString","coordinates":[[168.667279,-45.034825],[168.667373,-45.034857]]}},{"type":"Feature","properties":{"building_id":5372567,"kind":"ridge"},"geometry":{"type":"LineString","coordinates":[[168.667335,-45.03476],[168.667373,-45.034857]]}},{"type":"Feature","properties":{"building_id":5372567,"kind":"ridge"},"geometry":{"type":"LineString","coordinates":[[168.667373,-45.034857],[168.667342,-45.034902]]}},{"type":"Feature","properties":{"building_id":5372567,"kind":"ridge"},"geometry":{"type":"LineString","coordinates":[[168.667342,-45.034902],[168.667495,-45.034964]]}},{"type":"Feature","properties":{"building_id":5372567,"kind":"ridge"},"geometry":{"type":"LineString","coordinates":[[168.667342,-45.034902],[168.667055,-45.034962]]}},{"type":"Feature","properties":{"building_id":5372567,"kind":"ridge"},"geometry":{"type":"LineString","coordinates":[[168.667055,-45.034962],[168.666902,-45.034902]]}},{"type":"Feature","properties":{"building_id":5372567,"kind":"ridge"},"geometry":{"type":"LineString","coordinates":[[168.667055,-45.034962],[168.66697,-45.035071]]}},{"type":"Feature","properties":{"building_id":5372567,"kind":"cliff"},"geometry":{"type":"LineString","coordinates":[[168.666694,-45.034408],[168.666675,-45.034479]]}},{"type":"Feature","properties":{"building_id":5372567,"kind":"cliff"},"geometry":{"type":"LineString","coordinates":[[168.666675,-45.034479],[168.666731,-45.034489]]}},{"type":"Feature","properties":{"building_id":5372567,"kind":"ridge"},"geometry":{"type":"LineString","coordinates":[[168.666448,-45.034491],[168.666431,-45.034533]]}},{"type":"Feature","properties":{"building_id":5372567,"kind":"ridge"},"geometry":{"type":"LineString","coordinates":[[168.666401,-45.034482],[168.666384,-45.034524]]}},{"type":"Feature","properties":{"building_id":5372567,"kind":"ridge"},"geometry":{"type":"LineString","coordinates":[[168.666599,-45.034491],[168.666593,-45.034507]]}},{"type":"Feature","properties":{"building_id":5372567,"kind":"ridge"},"geometry":{"type":"LineString","coordinates":[[168.666607,-45.03447],[168.666614,-45.034455]]}},{"type":"Feature","properties":{"building_id":5372567,"kind":"ridge"},"geometry":{"type":"LineString","coordinates":[[168.666513,-45.034453],[168.66652,-45.034437]]}},{"type":"Feature","properties":{"building_id":5372567,"kind":"ridge"},"geometry":{"type":"LineString","coordinates":[[168.666505,-45.034474],[168.666498,-45.034491]]}},{"type":"Feature","properties":{"building_id":5372567,"kind":"valley"},"geometry":{"type":"LineString","coordinates":[[168.666513,-45.034453],[168.66653,-45.034438]]}},{"type":"Feature","properties":{"building_id":5372567,"kind":"valley"},"geometry":{"type":"LineString","coordinates":[[168.666513,-45.034453],[168.66651,-45.034436]]}},{"type":"Feature","properties":{"building_id":5372567,"kind":"valley"},"geometry":{"type":"LineString","coordinates":[[168.666505,-45.034474],[168.666489,-45.034489]]}},{"type":"Feature","properties":{"building_id":5372567,"kind":"valley"},"geometry":{"type":"LineString","coordinates":[[168.666505,-45.034474],[168.666507,-45.034493]]}},{"type":"Feature","properties":{"building_id":5372567,"kind":"valley"},"geometry":{"type":"LineString","coordinates":[[168.666599,-45.034491],[168.666584,-45.034507]]}},{"type":"Feature","properties":{"building_id":5372567,"kind":"valley"},"geometry":{"type":"LineString","coordinates":[[168.666599,-45.034491],[168.666603,-45.03451]]}},{"type":"Feature","properties":{"building_id":5372567,"kind":"valley"},"geometry":{"type":"LineString","coordinates":[[168.666607,-45.03447],[168.666623,-45.034456]]}},{"type":"Feature","properties":{"building_id":5372567,"kind":"valley"},"geometry":{"type":"LineString","coordinates":[[168.666607,-45.03447],[168.666604,-45.034453]]}},{"type":"Feature","properties":{"building_id":5372567,"kind":"cliff"},"geometry":{"type":"LineString","coordinates":[[168.66651,-45.034436],[168.66652,-45.034437]]}},{"type":"Feature","properties":{"building_id":5372567,"kind":"cliff"},"geometry":{"type":"LineString","coordinates":[[168.66652,-45.034437],[168.66653,-45.034438]]}},{"type":"Feature","properties":{"building_id":5372567,"kind":"cliff"},"geometry":{"type":"LineString","coordinates":[[168.666604,-45.034453],[168.666614,-45.034455]]}},{"type":"Feature","properties":{"building_id":5372567,"kind":"cliff"},"geometry":{"type":"LineString","coordinates":[[168.666614,-45.034455],[168.666623,-45.034456]]}},{"type":"Feature","properties":{"building_id":5372567,"kind":"cliff"},"geometry":{"type":"LineString","coordinates":[[168.666603,-45.03451],[168.666593,-45.034507]]}},{"type":"Feature","properties":{"building_id":5372567,"kind":"cliff"},"geometry":{"type":"LineString","coordinates":[[168.666593,-45.034507],[168.666584,-45.034507]]}},{"type":"Feature","properties":{"building_id":5372567,"kind":"cliff"},"geometry":{"type":"LineString","coordinates":[[168.666507,-45.034493],[168.666498,-45.034491]]}},{"type":"Feature","properties":{"building_id":5372567,"kind":"cliff"},"geometry":{"type":"LineString","coordinates":[[168.666489,-45.034489],[168.666498,-45.034491]]}},{"type":"Feature","properties":{"building_id":5372567,"kind":"cliff"},"geometry":{"type":"LineString","coordinates":[[168.666431,-45.034533],[168.666413,-45.034531]]}},{"type":"Feature","properties":{"building_id":5372567,"kind":"cliff"},"geometry":{"type":"LineString","coordinates":[[168.666431,-45.034533],[168.66645,-45.034538]]}},{"type":"Feature","properties":{"building_id":5372567,"kind":"cliff"},"geometry":{"type":"LineString","coordinates":[[168.666404,-45.034529],[168.666384,-45.034524]]}},{"type":"Feature","properties":{"building_id":5372567,"kind":"cliff"},"geometry":{"type":"LineString","coordinates":[[168.666384,-45.034524],[168.666366,-45.034522]]}},{"type":"Feature","properties":{"building_id":5372567,"kind":"cliff"},"geometry":{"type":"LineString","coordinates":[[168.666357,-45.03452],[168.666338,-45.034516]]}},{"type":"Feature","properties":{"building_id":5372567,"kind":"cliff"},"geometry":{"type":"LineString","coordinates":[[168.666338,-45.034516],[168.666319,-45.034512]]}},{"type":"Feature","properties":{"building_id":5372567,"kind":"ridge"},"geometry":{"type":"LineString","coordinates":[[168.666354,-45.034473],[168.666338,-45.034516]]}},{"type":"Feature","properties":{"building_id":5372567,"kind":"ridge"},"geometry":{"type":"LineString","coordinates":[[168.666411,-45.034457],[168.666404,-45.034473]]}},{"type":"Feature","properties":{"building_id":5372567,"kind":"ridge"},"geometry":{"type":"LineString","coordinates":[[168.666317,-45.034441],[168.66631,-45.034456]]}},{"type":"Feature","properties":{"building_id":5372567,"kind":"valley"},"geometry":{"type":"LineString","coordinates":[[168.666317,-45.034441],[168.666319,-45.034458]]}},{"type":"Feature","properties":{"building_id":5372567,"kind":"valley"},"geometry":{"type":"LineString","coordinates":[[168.666317,-45.034441],[168.666301,-45.034454]]}},{"type":"Feature","properties":{"building_id":5372567,"kind":"valley"},"geometry":{"type":"LineString","coordinates":[[168.666411,-45.034457],[168.666395,-45.034471]]}},{"type":"Feature","properties":{"building_id":5372567,"kind":"valley"},"geometry":{"type":"LineString","coordinates":[[168.666411,-45.034457],[168.666413,-45.034475]]}},{"type":"Feature","properties":{"building_id":5372567,"kind":"cliff"},"geometry":{"type":"LineString","coordinates":[[168.666319,-45.034458],[168.66631,-45.034456]]}},{"type":"Feature","properties":{"building_id":5372567,"kind":"cliff"},"geometry":{"type":"LineString","coordinates":[[168.66631,-45.034456],[168.666301,-45.034454]]}},{"type":"Feature","properties":{"building_id":5372567,"kind":"cliff"},"geometry":{"type":"LineString","coordinates":[[168.666395,-45.034471],[168.666404,-45.034473]]}},{"type":"Feature","properties":{"building_id":5372567,"kind":"cliff"},"geometry":{"type":"LineString","coordinates":[[168.666404,-45.034473],[168.666413,-45.034475]]}},{"type":"Feature","properties":{"building_id":5372567,"kind":"valley"},"geometry":{"type":"LineString","coordinates":[[168.666401,-45.034482],[168.666404,-45.034529]]}},{"type":"Feature","properties":{"building_id":5372567,"kind":"valley"},"geometry":{"type":"LineString","coordinates":[[168.666413,-45.034531],[168.666448,-45.034491]]}},{"type":"Feature","properties":{"building_id":5372567,"kind":"valley"},"geometry":{"type":"LineString","coordinates":[[168.666448,-45.034491],[168.66645,-45.034538]]}},{"type":"Feature","properties":{"building_id":5372567,"kind":"valley"},"geometry":{"type":"LineString","coordinates":[[168.666401,-45.034482],[168.666366,-45.034522]]}},{"type":"Feature","properties":{"building_id":5372567,"kind":"valley"},"geometry":{"type":"LineString","coordinates":[[168.666357,-45.03452],[168.666354,-45.034473]]}},{"type":"Feature","properties":{"building_id":5372567,"kind":"valley"},"geometry":{"type":"LineString","coordinates":[[168.666354,-45.034473],[168.666319,-45.034512]]}},{"type":"Feature","properties":{"building_id":5372567,"kind":"valley"},"geometry":{"type":"LineString","coordinates":[[168.666225,-45.034422],[168.666226,-45.03444]]}},{"type":"Feature","properties":{"building_id":5372567,"kind":"valley"},"geometry":{"type":"LineString","coordinates":[[168.666225,-45.034422],[168.666207,-45.034437]]}},{"type":"Feature","properties":{"building_id":5372567,"kind":"ridge"},"geometry":{"type":"LineString","coordinates":[[168.666225,-45.034422],[168.666216,-45.034439]]}},{"type":"Feature","properties":{"building_id":5372567,"kind":"cliff"},"geometry":{"type":"LineString","coordinates":[[168.666207,-45.034437],[168.666216,-45.034439]]}},{"type":"Feature","properties":{"building_id":5372567,"kind":"cliff"},"geometry":{"type":"LineString","coordinates":[[168.666216,-45.034439],[168.666226,-45.03444]]}},{"type":"Feature","properties":{"building_id":5372567,"kind":"ridge"},"geometry":{"type":"LineString","coordinates":[[168.666232,-45.034402],[168.666239,-45.034384]]}},{"type":"Feature","properties":{"building_id":5372567,"kind":"ridge"},"geometry":{"type":"LineString","coordinates":[[168.666327,-45.034418],[168.666333,-45.034402]]}},{"type":"Feature","properties":{"building_id":5372567,"kind":"ridge"},"geometry":{"type":"LineString","coordinates":[[168.666337,-45.034393],[168.666355,-45.034352]]}},{"type":"Feature","properties":{"building_id":5372567,"kind":"ridge"},"geometry":{"type":"LineString","coordinates":[[168.666385,-45.034402],[168.666401,-45.034361]]}},{"type":"Feature","properties":{"building_id":5372567,"kind":"ridge"},"geometry":{"type":"LineString","coordinates":[[168.666431,-45.034412],[168.666449,-45.03437]]}},{"type":"Feature","properties":{"building_id":5372567,"kind":"ridge"},"geometry":{"type":"LineString","coordinates":[[168.66642,-45.034436],[168.666426,-45.03442]]}},{"type":"Feature","properties":{"building_id":5372567,"kind":"valley"},"geometry":{"type":"LineString","coordinates":[[168.666232,-45.034402],[168.666248,-45.034386]]}},{"type":"Feature","properties":{"building_id":5372567,"kind":"valley"},"geometry":{"type":"LineString","coordinates":[[168.666232,-45.034402],[168.666229,-45.034382]]}},{"type":"Feature","properties":{"building_id":5372567,"kind":"valley"},"geometry":{"type":"LineString","coordinates":[[168.666327,-45.034418],[168.666323,-45.0344]]}},{"type":"Feature","properties":{"building_id":5372567,"kind":"valley"},"geometry":{"type":"LineString","coordinates":[[168.666327,-45.034418],[168.666343,-45.034403]]}},{"type":"Feature","properties":{"building_id":5372567,"kind":"valley"},"geometry":{"type":"LineString","coordinates":[[168.66642,-45.034436],[168.666419,-45.034418]]}},{"type":"Feature","properties":{"building_id":5372567,"kind":"valley"},"geometry":{"type":"LineString","coordinates":[[168.66642,-45.034436],[168.666436,-45.034421]]}},{"type":"Feature","properties":{"building_id":5372567,"kind":"valley"},"geometry":{"type":"LineString","coordinates":[[168.666431,-45.034412],[168.66647,-45.034374]]}},{"type":"Feature","properties":{"building_id":5372567,"kind":"valley"},"geometry":{"type":"LineString","coordinates":[[168.666431,-45.034412],[168.66643,-45.034368]]}},{"type":"Feature","properties":{"building_id":5372567,"kind":"valley"},"geometry":{"type":"LineString","coordinates":[[168.666385,-45.034402],[168.666422,-45.034366]]}},{"type":"Feature","properties":{"building_id":5372567,"kind":"valley"},"geometry":{"type":"LineString","coordinates":[[168.666385,-45.034402],[168.666384,-45.034358]]}},{"type":"Feature","properties":{"building_id":5372567,"kind":"valley"},"geometry":{"type":"LineString","coordinates":[[168.666337,-45.034393],[168.666374,-45.034357]]}},{"type":"Feature","properties":{"building_id":5372567,"kind":"valley"},"geometry":{"type":"LineString","coordinates":[[168.666337,-45.034393],[168.666337,-45.03435]]}},{"type":"Feature","properties":{"building_id":5372567,"kind":"cliff"},"geometry":{"type":"LineString","coordinates":[[168.666337,-45.03435],[168.666355,-45.034352]]}},{"type":"Feature","properties":{"building_id":5372567,"kind":"cliff"},"geometry":{"type":"LineString","coordinates":[[168.666355,-45.034352],[168.666374,-45.034357]]}},{"type":"Feature","properties":{"building_id":5372567,"kind":"cliff"},"geometry":{"type":"LineString","coordinates":[[168.666384,-45.034358],[168.666401,-45.034361]]}},{"type":"Feature","properties":{"building_id":5372567,"kind":"cliff"},"geometry":{"type":"LineString","coordinates":[[168.666401,-45.034361],[168.666422,-45.034366]]}},{"type":"Feature","properties":{"building_id":5372567,"kind":"cliff"},"geometry":{"type":"LineString","coordinates":[[168.66643,-45.034368],[168.666449,-45.03437]]}},{"type":"Feature","properties":{"building_id":5372567,"kind":"cliff"},"geometry":{"type":"LineString","coordinates":[[168.666449,-45.03437],[168.66647,-45.034374]]}},{"type":"Feature","properties":{"building_id":5372567,"kind":"cliff"},"geometry":{"type":"LineString","coordinates":[[168.666436,-45.034421],[168.666426,-45.03442]]}},{"type":"Feature","properties":{"building_id":5372567,"kind":"cliff"},"geometry":{"type":"LineString","coordinates":[[168.666426,-45.03442],[168.666419,-45.034418]]}},{"type":"Feature","properties":{"building_id":5372567,"kind":"cliff"},"geometry":{"type":"LineString","coordinates":[[168.666343,-45.034403],[168.666333,-45.034402]]}},{"type":"Feature","properties":{"building_id":5372567,"kind":"cliff"},"geometry":{"type":"LineString","coordinates":[[168.666333,-45.034402],[168.666323,-45.0344]]}},{"type":"Feature","properties":{"building_id":5372567,"kind":"cliff"},"geometry":{"type":"LineString","coordinates":[[168.666248,-45.034386],[168.666239,-45.034384]]}},{"type":"Feature","properties":{"building_id":5372567,"kind":"cliff"},"geometry":{"type":"LineString","coordinates":[[168.666239,-45.034384],[168.666229,-45.034382]]}}]}