{"type": "FeatureCollection", "assumptions": {"panel_rated_power_w": 440, "panel_area_m2": 2.0, "panel_efficiency_pct": 22.0, "inverter_efficiency_pct": 97.0, "system_derate_pct": 14.0, "notes": "kWp = panel count x rated power at Standard Test Conditions (1000 W/m2, 25C cell temp) -- a nameplate figure, not a real-world output. Daily/annual kWh applies pvlib clear-sky irradiance per roof facet's slope/aspect, bias-corrected against NASA POWER's actual cloud-adjusted averages for the area, then derates for inverter efficiency and system losses above. Real output varies with weather, panel brand/age, and shading not captured by the 2021 LiDAR survey (e.g. tree growth since capture)."}, "features": [{"type": "Feature", "geometry": {"type": "Polygon", "coordinates": [[[168.65600741754417, -45.033242842115136], [168.65597932837065, -45.033256016723655], [168.65599421026698, -45.03327196976095], [168.65579257619999, -45.03336654165329], [168.65578055895412, -45.03335365960689], [168.65572687074032, -45.033378841433276], [168.6556257563117, -45.033270451954074], [168.65569732206853, -45.03323688482204], [168.65572169964597, -45.03326301653299], [168.6557709077906, -45.033239936242474], [168.65574875870175, -45.03321619302239], [168.6558198755905, -45.03318283729932], [168.6558419491248, -45.03320649988896], [168.65589434550114, -45.0331819249354], [168.65585613853318, -45.033140966854134], [168.65588798903153, -45.033126028698604], [168.65591270271756, -45.03315252306227], [168.65597525873326, -45.03312318538986], [168.65606268760754, -45.03321691942708], [168.65609238905924, -45.03324928994236], [168.6560368419758, -45.03327491384759], [168.65600741754417, -45.033242842115136]]]}, "properties": {"building_id": 5370881, "facet_count": 5, "obstruction_count": 14, "panel_count": 96, "kwp": 42.24, "ac_kwh_day_avg": 113.7, "ac_kwh_year": 41509.0, "facet_area_m2": 347.5, "avg_poa_kwh_m2": 1192.0}}, {"type": "Feature", "geometry": {"type": "Polygon", "coordinates": [[[168.65607790441837, -45.03237449957516], [168.65614635450103, -45.03234127424814], [168.6562312996291, -45.032429265109286], [168.65611936994284, -45.03248359665629], [168.65602377920092, -45.03238457957415], [168.65606725996125, -45.032363473485724], [168.65607790441837, -45.03237449957516]]]}, "properties": {"building_id": 4725736, "facet_count": 1, "obstruction_count": 5, "panel_count": 30, "kwp": 13.2, "ac_kwh_day_avg": 39.4, "ac_kwh_year": 14384.0, "facet_area_m2": 111.5, "avg_poa_kwh_m2": 1306.0}}, {"type": "Feature", "geometry": {"type": "Polygon", "coordinates": [[[168.65589940824836, -45.03118933856979], [168.65585003057404, -45.03113260817662], [168.65606752667117, -45.031037419190774], [168.6561169044931, -45.03109414949537], [168.65589940824836, -45.03118933856979]]]}, "properties": {"building_id": 4733104, "facet_count": 1, "obstruction_count": 3, "panel_count": 26, "kwp": 11.44, "ac_kwh_day_avg": 34.2, "ac_kwh_year": 12466.0, "facet_area_m2": 115.2, "avg_poa_kwh_m2": 1306.0}}, {"type": "Feature", "geometry": {"type": "Polygon", "coordinates": [[[168.65620074781188, -45.03050249272891], [168.6560325772975, -45.030587037401595], [168.65599107849602, -45.03054552977553], [168.6561592489405, -45.03046098516138], [168.65620074781188, -45.03050249272891]]]}, "properties": {"building_id": 4733121, "facet_count": 2, "obstruction_count": 2, "panel_count": 11, "kwp": 4.84, "ac_kwh_day_avg": 13.2, "ac_kwh_year": 4807.0, "facet_area_m2": 82.4, "avg_poa_kwh_m2": 1265.0}}, {"type": "Feature", "geometry": {"type": "Polygon", "coordinates": [[[168.67417027800877, -45.03024478222241], [168.6741653599977, -45.03026121759495], [168.67398105546508, -45.03023348728837], [168.67400202170143, -45.03016341732034], [168.6740305537654, -45.03016771021532], [168.67403475371555, -45.03015367450992], [168.6740062957325, -45.030149392529125], [168.6740323106624, -45.0300624501554], [168.67411557079774, -45.0300749772873], [168.6740857663679, -45.03017458917243], [168.6742172429274, -45.030194370591424], [168.67421202259297, -45.03021181800921], [168.67425594855652, -45.03021842699781], [168.67424471181067, -45.03025598139418], [168.67417027800877, -45.03024478222241]]]}, "properties": {"building_id": 5371001, "facet_count": 7, "obstruction_count": 3, "panel_count": 46, "kwp": 20.24, "ac_kwh_day_avg": 52.6, "ac_kwh_year": 19201.0, "facet_area_m2": 186.8, "avg_poa_kwh_m2": 1182.0}}, {"type": "Feature", "geometry": {"type": "Polygon", "coordinates": [[[168.6734846866589, -45.03068849313179], [168.67345127827159, -45.03073926237574], [168.67338158959905, -45.03071620275164], [168.67341499803163, -45.03066543352983], [168.6734846866589, -45.03068849313179]]]}, "properties": {"building_id": 5371212, "facet_count": 1, "obstruction_count": 0, "panel_count": 9, "kwp": 3.96, "ac_kwh_day_avg": 11.2, "ac_kwh_year": 4082.0, "facet_area_m2": 32.9, "avg_poa_kwh_m2": 1236.0}}, {"type": "Feature", "geometry": {"type": "Polygon", "coordinates": [[[168.67321869126215, -45.030792918984424], [168.6732370991573, -45.030706742171944], [168.67327368745245, -45.03070277844575], [168.67334335559096, -45.030710570134296], [168.67337650844024, -45.030725209830415], [168.67336184619276, -45.03078867661447], [168.67335555775873, -45.03078794642266], [168.673350372238, -45.030810393876536], [168.6733277500416, -45.030814449346316], [168.67330448019217, -45.030815682438], [168.6732812599895, -45.03081405480521], [168.6732587800251, -45.03080961696629], [168.67323771459724, -45.03080250073887], [168.67321869126215, -45.030792918984424]]]}, "properties": {"building_id": 5372568, "facet_count": 4, "obstruction_count": 3, "panel_count": 21, "kwp": 9.24, "ac_kwh_day_avg": 26.4, "ac_kwh_year": 9625.0, "facet_area_m2": 93.4, "avg_poa_kwh_m2": 1259.0}}, {"type": "Feature", "geometry": {"type": "Polygon", "coordinates": [[[168.67258621830834, -45.02992040282107], [168.67266053660705, -45.02989464769221], [168.67268325930058, -45.02992690852095], [168.67265949571092, -45.02993532515744], [168.67270442139, -45.029938237809944], [168.67270777382763, -45.029912244261794], [168.67277570614687, -45.029916648702034], [168.6727628672177, -45.03001620753444], [168.6726949575674, -45.03001180394714], [168.67269648555742, -45.0299999551397], [168.67261101272337, -45.02999441215839], [168.672616969854, -45.02994821100842], [168.67260803393185, -45.029951375311406], [168.67258621830834, -45.02992040282107]]]}, "properties": {"building_id": 5373416, "facet_count": 6, "obstruction_count": 0, "panel_count": 21, "kwp": 9.24, "ac_kwh_day_avg": 23.9, "ac_kwh_year": 8721.0, "facet_area_m2": 74.2, "avg_poa_kwh_m2": 1161.0}}, {"type": "Feature", "geometry": {"type": "Polygon", "coordinates": [[[168.673287167897, -45.032628091998745], [168.67338152732256, -45.03264922367433], [168.67337339623722, -45.0326674772585], [168.6734355048599, -45.032681389662855], [168.67339576098428, -45.032770592637284], [168.6733662125331, -45.032763971604886], [168.67332987637505, -45.03284548434928], [168.67329313552054, -45.03283724764374], [168.67323811822857, -45.03296061064489], [168.67297970500292, -45.032902662510494], [168.67306926744467, -45.032701854460164], [168.67323744710572, -45.03273956953373], [168.673287167897, -45.032628091998745]]]}, "properties": {"building_id": 4740947, "facet_count": 15, "obstruction_count": 5, "panel_count": 23, "kwp": 10.12, "ac_kwh_day_avg": 29.1, "ac_kwh_year": 10611.0, "facet_area_m2": 193.9, "avg_poa_kwh_m2": 1242.0}}, {"type": "Feature", "geometry": {"type": "Polygon", "coordinates": [[[168.67366304232135, -45.03266195011944], [168.6736813623869, -45.032633194095276], [168.67374934829962, -45.032654971694335], [168.67373102826028, -45.03268372772986], [168.67366304232135, -45.03266195011944]]]}, "properties": {"building_id": 4740948, "facet_count": 1, "obstruction_count": 1, "panel_count": 3, "kwp": 1.32, "ac_kwh_day_avg": 3.7, "ac_kwh_year": 1342.0, "facet_area_m2": 18.3, "avg_poa_kwh_m2": 1219.0}}, {"type": "Feature", "geometry": {"type": "Polygon", "coordinates": [[[168.67375667749883, -45.032688017377126], [168.67382899802578, -45.0327189623948], [168.6738582539678, -45.03268458544322], [168.67390440815274, -45.03270433458589], [168.6738139765059, -45.03281059783616], [168.67368718454392, -45.03275634544583], [168.67372628695006, -45.032710397619134], [168.67373460402774, -45.03271395666455], [168.67375667749883, -45.032688017377126]]]}, "properties": {"building_id": 4740949, "facet_count": 4, "obstruction_count": 1, "panel_count": 3, "kwp": 1.32, "ac_kwh_day_avg": 3.9, "ac_kwh_year": 1438.0, "facet_area_m2": 53.7, "avg_poa_kwh_m2": 1257.0}}, {"type": "Feature", "geometry": {"type": "Polygon", "coordinates": [[[168.6741946460931, -45.02964621911215], [168.67424485407025, -45.029650356031134], [168.67423550643514, -45.02970740551889], [168.67421837379968, -45.02970599469119], [168.67421279609167, -45.029740037054324], [168.67410096496624, -45.02973082315201], [168.67410677892994, -45.029695333252725], [168.6741124422395, -45.02969580022897], [168.67412522720554, -45.02961776453912], [168.67419832186343, -45.02962378723925], [168.6741946460931, -45.02964621911215]]]}, "properties": {"building_id": 4750866, "facet_count": 2, "obstruction_count": 2, "panel_count": 32, "kwp": 14.08, "ac_kwh_day_avg": 43.9, "ac_kwh_year": 16026.0, "facet_area_m2": 101.8, "avg_poa_kwh_m2": 1349.0}}, {"type": "Feature", "geometry": {"type": "Polygon", "coordinates": [[[168.67235571502718, -45.02969318078166], [168.67232285968575, -45.02964782769393], [168.6724318292124, -45.02963822425665], [168.67245718173734, -45.02965415871994], [168.67253375328994, -45.029670757595575], [168.67250764634056, -45.02973131606553], [168.67234323263568, -45.029745806392185], [168.67230814586466, -45.02969737275016], [168.67235571502718, -45.02969318078166]]]}, "properties": {"building_id": 4750892, "facet_count": 1, "obstruction_count": 2, "panel_count": 40, "kwp": 17.6, "ac_kwh_day_avg": 50.7, "ac_kwh_year": 18499.0, "facet_area_m2": 132.5, "avg_poa_kwh_m2": 1260.0}}, {"type": "Feature", "geometry": {"type": "Polygon", "coordinates": [[[168.6727445377089, -45.0310533884863], [168.67272753632216, -45.03107922306526], [168.6725996340566, -45.03103689802937], [168.67263569311336, -45.03098210589418], [168.67265400984348, -45.03098816638388], [168.67267147151364, -45.03096163273815], [168.6728156108119, -45.031009331580094], [168.67284358488396, -45.03096682431818], [168.67301823700805, -45.031024619189076], [168.67298499882898, -45.031075126499076], [168.67296278073076, -45.031067773824844], [168.6729561886238, -45.031077792054234], [168.67293765265353, -45.0310716584772], [168.6729201855285, -45.03109819825791], [168.67279455082297, -45.031056623859634], [168.67278735515225, -45.031067557164924], [168.6727445377089, -45.0310533884863]]]}, "properties": {"building_id": 4750963, "facet_count": 8, "obstruction_count": 3, "panel_count": 33, "kwp": 14.52, "ac_kwh_day_avg": 27.2, "ac_kwh_year": 9923.0, "facet_area_m2": 174.0, "avg_poa_kwh_m2": 877.0}}, {"type": "Feature", "geometry": {"type": "Polygon", "coordinates": [[[168.67289523389596, -45.03069647659268], [168.672848856406, -45.03071646914971], [168.67287536699283, -45.03074738973341], [168.6729361589408, -45.03075847788974], [168.67291521703743, -45.03081621507865], [168.67290163154135, -45.030813737850444], [168.67289011296387, -45.030845494091245], [168.67293478388777, -45.03085364058827], [168.6729144544512, -45.03090968796459], [168.6728378265744, -45.030895712163414], [168.67277610245785, -45.03087183107525], [168.67273462891194, -45.03084411783996], [168.67281056124705, -45.03078697930323], [168.67276591628013, -45.03073490537093], [168.67281445109433, -45.03071398202927], [168.67277515668067, -45.03066815058982], [168.67284509829267, -45.03063799825447], [168.67289523389596, -45.03069647659268]]]}, "properties": {"building_id": 4750980, "facet_count": 8, "obstruction_count": 0, "panel_count": 3, "kwp": 1.32, "ac_kwh_day_avg": 3.5, "ac_kwh_year": 1294.0, "facet_area_m2": 78.9, "avg_poa_kwh_m2": 1198.0}}, {"type": "Feature", "geometry": {"type": "Polygon", "coordinates": [[[168.67240851692029, -45.03035012499264], [168.6724469447403, -45.03028552705577], [168.67241821324606, -45.03027693228508], [168.6724669118726, -45.030195070644645], [168.6726608556807, -45.030253086259144], [168.67257372832862, -45.03039954594051], [168.67240851692029, -45.03035012499264]]]}, "properties": {"building_id": 4750982, "facet_count": 3, "obstruction_count": 6, "panel_count": 56, "kwp": 24.64, "ac_kwh_day_avg": 73.5, "ac_kwh_year": 26836.0, "facet_area_m2": 231.1, "avg_poa_kwh_m2": 1254.0}}, {"type": "Feature", "geometry": {"type": "Polygon", "coordinates": [[[168.67456765037474, -45.030182360664], [168.67461276923223, -45.03018951348548], [168.6746352694142, -45.030118148621355], [168.6747058448063, -45.030129337010536], [168.67469462124885, -45.0301649376395], [168.67473896107379, -45.030171967230736], [168.67472497223974, -45.03021633790893], [168.67468537422687, -45.03021005986108], [168.6746829491241, -45.030217753584104], [168.6746736749332, -45.03021628363832], [168.67466381311476, -45.03024756551274], [168.67460139274803, -45.03023767045403], [168.67459312290154, -45.03026390415239], [168.67450080143567, -45.030249268251666], [168.67450450487794, -45.03023752087523], [168.674454488617, -45.03022959164428], [168.67444421484555, -45.03026217574542], [168.6743676894874, -45.030250043954354], [168.67439953637162, -45.03014903138993], [168.67439109392888, -45.03014769290493], [168.67439859728975, -45.0301238957553], [168.6743896593177, -45.030122479053546], [168.67440427552742, -45.03007612299946], [168.67441859253836, -45.03007839285751], [168.6744239147631, -45.03006151191531], [168.67450827521415, -45.030074885283156], [168.67450226532816, -45.030093948301044], [168.67451798234998, -45.03009643960775], [168.67450076216926, -45.03015106053012], [168.67447844300202, -45.03014752202261], [168.67446963774097, -45.0301754502569], [168.67451368031433, -45.03018243174854], [168.6745214691807, -45.030157727230986], [168.67457284895653, -45.03016587290719], [168.67456765037474, -45.030182360664]]]}, "properties": {"building_id": 4750990, "facet_count": 3, "obstruction_count": 0, "panel_count": 17, "kwp": 7.48, "ac_kwh_day_avg": 22.3, "ac_kwh_year": 8151.0, "facet_area_m2": 132.1, "avg_poa_kwh_m2": 1303.0}}, {"type": "Feature", "geometry": {"type": "Polygon", "coordinates": [[[168.67227133051125, -45.030588578254864], [168.67238561050118, -45.030592698234756], [168.67238652435958, -45.030579955632604], [168.67246700155636, -45.03058285700797], [168.67245572341906, -45.03074015292948], [168.67231479967353, -45.030735071880535], [168.67232060579883, -45.03065408797514], [168.6722667719277, -45.03065214763696], [168.67227133051125, -45.030588578254864]]]}, "properties": {"building_id": 4750994, "facet_count": 5, "obstruction_count": 6, "panel_count": 61, "kwp": 26.84, "ac_kwh_day_avg": 79.5, "ac_kwh_year": 29024.0, "facet_area_m2": 205.1, "avg_poa_kwh_m2": 1297.0}}, {"type": "Feature", "geometry": {"type": "Polygon", "coordinates": [[[168.67473461196738, -45.03072129799482], [168.67467705904178, -45.03071822207123], [168.67467609438145, -45.03072730439179], [168.67457587899676, -45.03072194883904], [168.67451837573952, -45.03067720312439], [168.67453223304864, -45.030546835931844], [168.674616730724, -45.030551352055035], [168.6746057572725, -45.03065459253923], [168.67461754155224, -45.03066381385329], [168.67474002616171, -45.03067036003943], [168.67473461196738, -45.03072129799482]]]}, "properties": {"building_id": 4751006, "facet_count": 1, "obstruction_count": 0, "panel_count": 27, "kwp": 11.88, "ac_kwh_day_avg": 35.5, "ac_kwh_year": 12946.0, "facet_area_m2": 135.5, "avg_poa_kwh_m2": 1306.0}}, {"type": "Feature", "geometry": {"type": "Polygon", "coordinates": [[[168.672265811123, -45.03108333404873], [168.67235091330366, -45.03109392464512], [168.67236335573023, -45.031043649913656], [168.67245056349464, -45.03105450209312], [168.6724335245475, -45.03112335325835], [168.67249444006072, -45.03113093298283], [168.67247814101827, -45.03119680160685], [168.67238623232578, -45.031185366518095], [168.67238254107846, -45.03120028719475], [168.67227117286447, -45.03118643618553], [168.67228319981598, -45.0311378104178], [168.67225325926645, -45.03113408700841], [168.672265811123, -45.03108333404873]]]}, "properties": {"building_id": 4751027, "facet_count": 7, "obstruction_count": 3, "panel_count": 36, "kwp": 15.84, "ac_kwh_day_avg": 45.1, "ac_kwh_year": 16479.0, "facet_area_m2": 174.1, "avg_poa_kwh_m2": 1183.0}}, {"type": "Feature", "geometry": {"type": "Polygon", "coordinates": [[[168.6728050714498, -45.031841590992876], [168.67279293358604, -45.03180245184727], [168.6728203841172, -45.03179817140976], [168.67280838818812, -45.031759489952655], [168.6729958368943, -45.031788559422914], [168.67300500135647, -45.031758845385035], [168.67318170359275, -45.03178624798643], [168.6731581416449, -45.031862643835716], [168.6729859544571, -45.0318359414115], [168.67297649954105, -45.031866597104134], [168.6728689896161, -45.03184992454718], [168.67287109154378, -45.0318431095071], [168.67283310826647, -45.03183721906348], [168.6728050714498, -45.031841590992876]]]}, "properties": {"building_id": 4751041, "facet_count": 6, "obstruction_count": 3, "panel_count": 25, "kwp": 11.0, "ac_kwh_day_avg": 28.6, "ac_kwh_year": 10435.0, "facet_area_m2": 105.1, "avg_poa_kwh_m2": 1194.0}}, {"type": "Feature", "geometry": {"type": "Polygon", "coordinates": [[[168.67396926506834, -45.032380868761784], [168.6738827625765, -45.03234510519583], [168.67393466775584, -45.03228198146121], [168.6738997357228, -45.032267538162195], [168.67397906329876, -45.03217106248067], [168.67401835712946, -45.032187307834725], [168.67406869099466, -45.03212609312072], [168.67406331114645, -45.032123868926945], [168.67411947098662, -45.03205556844702], [168.67420457840797, -45.03209075498115], [168.67416007213853, -45.03214488316909], [168.6741673736923, -45.032147902238435], [168.67412748303005, -45.03219641555209], [168.6741567090477, -45.03220849888787], [168.67405329756832, -45.03233426206897], [168.6740191853095, -45.03232015868278], [168.67396926506834, -45.032380868761784]]]}, "properties": {"building_id": 4751051, "facet_count": 1, "obstruction_count": 2, "panel_count": 104, "kwp": 45.76, "ac_kwh_day_avg": 136.6, "ac_kwh_year": 49865.0, "facet_area_m2": 338.0, "avg_poa_kwh_m2": 1306.0}}, {"type": "Feature", "geometry": {"type": "Polygon", "coordinates": [[[168.67264272263532, -45.03150253942598], [168.67269361046007, -45.031482911718896], [168.67270104075135, -45.03149259717555], [168.67273653326552, -45.03147890778054], [168.6727911916542, -45.03155016141487], [168.67282137550603, -45.03153851914205], [168.67286957460936, -45.03160135200951], [168.6727498433356, -45.03164753253255], [168.6727177947124, -45.03160575243813], [168.6726813449375, -45.03161981147267], [168.67261060002474, -45.03152758569364], [168.67265021411458, -45.031512305525354], [168.67264272263532, -45.03150253942598]]]}, "properties": {"building_id": 4751064, "facet_count": 4, "obstruction_count": 7, "panel_count": 31, "kwp": 13.64, "ac_kwh_day_avg": 35.8, "ac_kwh_year": 13066.0, "facet_area_m2": 150.3, "avg_poa_kwh_m2": 1142.0}}, {"type": "Feature", "geometry": {"type": "Polygon", "coordinates": [[[168.67241880037312, -45.03157207681505], [168.67243121225806, -45.03158278589122], [168.67237326065484, -45.03161655554256], [168.67233691911832, -45.0315851967918], [168.67231223314485, -45.03159958170251], [168.67226025719444, -45.03155473143008], [168.67223577831533, -45.03156899635983], [168.67219328105196, -45.03153232587951], [168.67223819114537, -45.0315061565877], [168.6722506409815, -45.03151690043159], [168.67231310611942, -45.031480500811874], [168.67232771803836, -45.03149310910881], [168.67234007697058, -45.03148590690557], [168.67243141821902, -45.03156472419777], [168.67241880037312, -45.03157207681505]]]}, "properties": {"building_id": 4751075, "facet_count": 3, "obstruction_count": 3, "panel_count": 21, "kwp": 9.24, "ac_kwh_day_avg": 27.1, "ac_kwh_year": 9896.0, "facet_area_m2": 100.9, "avg_poa_kwh_m2": 1217.0}}, {"type": "Feature", "geometry": {"type": "Polygon", "coordinates": [[[168.67442591132533, -45.03152064532418], [168.67443182925905, -45.031568372916645], [168.674529487202, -45.031562284656154], [168.6745364179447, -45.03161819199319], [168.67447345840836, -45.031622116826185], [168.67447593467813, -45.031642090587326], [168.67424094816593, -45.03165673942154], [168.67423443696896, -45.031604225500566], [168.67425965721296, -45.03160265394636], [168.67425749587045, -45.03158521986487], [168.6742976113282, -45.03158271924089], [168.6742909581273, -45.031529058493184], [168.67442591132533, -45.03152064532418]]]}, "properties": {"building_id": 4751076, "facet_count": 6, "obstruction_count": 5, "panel_count": 48, "kwp": 21.12, "ac_kwh_day_avg": 47.4, "ac_kwh_year": 17291.0, "facet_area_m2": 176.6, "avg_poa_kwh_m2": 1015.0}}, {"type": "Feature", "geometry": {"type": "Polygon", "coordinates": [[[168.67424722549703, -45.031258684096414], [168.67426737325604, -45.03117655108549], [168.67441219190727, -45.03119441437922], [168.67442523570614, -45.03114124363174], [168.67452734795594, -45.03115383860884], [168.67450292695403, -45.03125338932074], [168.67446151348443, -45.0312482809664], [168.67445274333093, -45.03128403408024], [168.67424722549703, -45.031258684096414]]]}, "properties": {"building_id": 4751080, "facet_count": 14, "obstruction_count": 1, "panel_count": 4, "kwp": 1.76, "ac_kwh_day_avg": 3.8, "ac_kwh_year": 1388.0, "facet_area_m2": 67.8, "avg_poa_kwh_m2": 1311.0}}, {"type": "Feature", "geometry": {"type": "Polygon", "coordinates": [[[168.67300793080253, -45.03041784074919], [168.6729556847531, -45.03040749656134], [168.67298242303315, -45.03033958892778], [168.6731468891304, -45.03037215138097], [168.67310562508186, -45.03047695125799], [168.6730337693922, -45.03046272471859], [168.673043019476, -45.030439231835864], [168.67300265493176, -45.03043124021263], [168.67300793080253, -45.03041784074919]]]}, "properties": {"building_id": 4751081, "facet_count": 3, "obstruction_count": 5, "panel_count": 23, "kwp": 10.12, "ac_kwh_day_avg": 29.6, "ac_kwh_year": 10818.0, "facet_area_m2": 114.9, "avg_poa_kwh_m2": 1278.0}}, {"type": "Feature", "geometry": {"type": "Polygon", "coordinates": [[[168.6736306399468, -45.031563770222746], [168.67364889096768, -45.03150795620257], [168.6737272449806, -45.03152084022434], [168.6737089927642, -45.03157665421166], [168.6736306399468, -45.031563770222746]]]}, "properties": {"building_id": 4751091, "facet_count": 2, "obstruction_count": 1, "panel_count": 8, "kwp": 3.52, "ac_kwh_day_avg": 6.7, "ac_kwh_year": 2443.0, "facet_area_m2": 31.1, "avg_poa_kwh_m2": 886.0}}, {"type": "Feature", "geometry": {"type": "Polygon", "coordinates": [[[168.67439890940236, -45.0321108789149], [168.6744702642799, -45.032187954020706], [168.67430158142477, -45.03226647412074], [168.67423022669232, -45.03218939891488], [168.67439890940236, -45.0321108789149]]]}, "properties": {"building_id": 4751223, "facet_count": 2, "obstruction_count": 1, "panel_count": 40, "kwp": 17.6, "ac_kwh_day_avg": 48.6, "ac_kwh_year": 17753.0, "facet_area_m2": 151.8, "avg_poa_kwh_m2": 1240.0}}, {"type": "Feature", "geometry": {"type": "Polygon", "coordinates": [[[168.67270772293722, -45.03069999142311], [168.6726896969476, -45.03078801003378], [168.67251655801547, -45.030770179326396], [168.67253458426148, -45.03068216075278], [168.67270772293722, -45.03069999142311]]]}, "properties": {"building_id": 4751224, "facet_count": 2, "obstruction_count": 6, "panel_count": 38, "kwp": 16.72, "ac_kwh_day_avg": 44.4, "ac_kwh_year": 16196.0, "facet_area_m2": 124.1, "avg_poa_kwh_m2": 1179.0}}, {"type": "Feature", "geometry": {"type": "Polygon", "coordinates": [[[168.6728657757355, -45.032277678018666], [168.6728639683057, -45.032309352803004], [168.6728775670631, -45.032309742098235], [168.67287594205413, -45.03233822723324], [168.67286020759528, -45.03233777576832], [168.67285712908514, -45.032391734211565], [168.67274069441834, -45.032388394393045], [168.67274422262503, -45.03232654755672], [168.67277345316694, -45.03232738624807], [168.6727787063673, -45.03223529279992], [168.67293781919776, -45.03223985658328], [168.67293554772903, -45.032279679376266], [168.6728657757355, -45.032277678018666]]]}, "properties": {"building_id": 4751228, "facet_count": 4, "obstruction_count": 2, "panel_count": 14, "kwp": 6.16, "ac_kwh_day_avg": 17.2, "ac_kwh_year": 6261.0, "facet_area_m2": 76.6, "avg_poa_kwh_m2": 1278.0}}, {"type": "Feature", "geometry": {"type": "Polygon", "coordinates": [[[168.6735681875805, -45.032326673822546], [168.673501082279, -45.032413171815776], [168.6733564988717, -45.03235677286094], [168.67342360431275, -45.032270274958066], [168.6735681875805, -45.032326673822546]]]}, "properties": {"building_id": 4751230, "facet_count": 4, "obstruction_count": 1, "panel_count": 0, "kwp": 0, "ac_kwh_day_avg": 0, "ac_kwh_year": 0, "facet_area_m2": 20.7, "avg_poa_kwh_m2": 1431.0}}, {"type": "Feature", "geometry": {"type": "Polygon", "coordinates": [[[168.67370203519513, -45.030421949609355], [168.67375333934072, -45.03044389809983], [168.67367721192102, -45.03053337549156], [168.67364592938594, -45.03051999241946], [168.67362744075865, -45.03054172343285], [168.67347845470715, -45.0304779857112], [168.67356850871778, -45.03037213956776], [168.6736518921146, -45.03040781200231], [168.6736669844072, -45.030390073150315], [168.67371256525684, -45.03040957286629], [168.67370203519513, -45.030421949609355]]]}, "properties": {"building_id": 4751231, "facet_count": 1, "obstruction_count": 5, "panel_count": 39, "kwp": 17.16, "ac_kwh_day_avg": 51.2, "ac_kwh_year": 18699.0, "facet_area_m2": 172.4, "avg_poa_kwh_m2": 1306.0}}, {"type": "Feature", "geometry": {"type": "Polygon", "coordinates": [[[168.67407054258484, -45.03167768607226], [168.67408335344894, -45.03173012491048], [168.67399046149035, -45.03174153644684], [168.6739607836947, -45.03162006104503], [168.67397166119898, -45.03161946564799], [168.6739666596927, -45.03157351107808], [168.67392172451477, -45.031575970898615], [168.6739154801896, -45.03151861326304], [168.67401240871934, -45.03151330793564], [168.67401755735617, -45.03156061027069], [168.6740437524019, -45.03155739240383], [168.6740638123061, -45.031639497551645], [168.67409752647, -45.03163535607111], [168.67410677981601, -45.03167323435471], [168.67407054258484, -45.03167768607226]]]}, "properties": {"building_id": 4751238, "facet_count": 7, "obstruction_count": 1, "panel_count": 31, "kwp": 13.64, "ac_kwh_day_avg": 34.1, "ac_kwh_year": 12452.0, "facet_area_m2": 142.8, "avg_poa_kwh_m2": 1113.0}}, {"type": "Feature", "geometry": {"type": "Polygon", "coordinates": [[[168.6745083984994, -45.03255857835641], [168.67450898395623, -45.032597940959256], [168.67444041733043, -45.03259654401172], [168.67443967954074, -45.03263001107456], [168.67433915821465, -45.03262796302025], [168.67433979572473, -45.03261223086046], [168.67426404196408, -45.032610687370465], [168.67426635347263, -45.032553646847624], [168.6743643153682, -45.03255564281893], [168.67447846424977, -45.032492960421166], [168.67453719664334, -45.03249252119797], [168.67453817586232, -45.032558355666865], [168.6745083984994, -45.03255857835641]]]}, "properties": {"building_id": 4751248, "facet_count": 6, "obstruction_count": 3, "panel_count": 24, "kwp": 10.56, "ac_kwh_day_avg": 23.0, "ac_kwh_year": 8391.0, "facet_area_m2": 119.4, "avg_poa_kwh_m2": 1069.0}}, {"type": "Feature", "geometry": {"type": "Polygon", "coordinates": [[[168.67311583222005, -45.03241093454805], [168.67304132274566, -45.032375362725695], [168.67305761489652, -45.0323582033158], [168.67304666640538, -45.032352977103194], [168.67305672333345, -45.03234238464297], [168.6730380944389, -45.03233349117421], [168.67310439919484, -45.03226365888808], [168.67324377839807, -45.03233019840566], [168.67317732474245, -45.03240018805518], [168.6731530935404, -45.032388619931965], [168.67314554953433, -45.03239656490901], [168.67313448955943, -45.03239128496268], [168.67311583222005, -45.03241093454805]]]}, "properties": {"building_id": 4751249, "facet_count": 6, "obstruction_count": 1, "panel_count": 5, "kwp": 2.2, "ac_kwh_day_avg": 8.1, "ac_kwh_year": 2974.0, "facet_area_m2": 45.9, "avg_poa_kwh_m2": 1436.0}}, {"type": "Feature", "geometry": {"type": "Polygon", "coordinates": [[[168.67358499598956, -45.03029155289474], [168.6735219122602, -45.03034577960623], [168.67336556571198, -45.030254320072636], [168.67342864947562, -45.03020009344892], [168.67358499598956, -45.03029155289474]]]}, "properties": {"building_id": 4751250, "facet_count": 1, "obstruction_count": 0, "panel_count": 35, "kwp": 15.4, "ac_kwh_day_avg": 40.9, "ac_kwh_year": 14941.0, "facet_area_m2": 106.7, "avg_poa_kwh_m2": 1163.0}}, {"type": "Feature", "geometry": {"type": "Polygon", "coordinates": [[[168.67332964374117, -45.03220989485739], [168.67332737024017, -45.03229244599459], [168.67326015544322, -45.032291515047966], [168.67326243030672, -45.0322089639638], [168.67332964374117, -45.03220989485739]]]}, "properties": {"building_id": 4751257, "facet_count": 1, "obstruction_count": 1, "panel_count": 8, "kwp": 3.52, "ac_kwh_day_avg": 10.2, "ac_kwh_year": 3739.0, "facet_area_m2": 34.8, "avg_poa_kwh_m2": 1273.0}}, {"type": "Feature", "geometry": {"type": "Polygon", "coordinates": [[[168.67347529594036, -45.03109298274513], [168.67343513441676, -45.0312145098491], [168.67342587038678, -45.03121297087257], [168.67342105963132, -45.031227527085335], [168.6733020858325, -45.03120775661896], [168.67327695069983, -45.03122786160154], [168.67317566756225, -45.03116419498768], [168.6732531145696, -45.031102244523204], [168.67332837546513, -45.0311495535029], [168.67334214964868, -45.031107876322324], [168.67338410774713, -45.031114848446045], [168.67339570394364, -45.031079757197524], [168.67347529594036, -45.03109298274513]]]}, "properties": {"building_id": 4751280, "facet_count": 8, "obstruction_count": 2, "panel_count": 30, "kwp": 13.2, "ac_kwh_day_avg": 37.7, "ac_kwh_year": 13747.0, "facet_area_m2": 162.7, "avg_poa_kwh_m2": 1228.0}}, {"type": "Feature", "geometry": {"type": "Polygon", "coordinates": [[[168.66489430350552, -45.03367814314157], [168.66492190502362, -45.0336737557107], [168.66493558029103, -45.0337170096046], [168.66491186453405, -45.033720779657074], [168.66491710760542, -45.03373736341134], [168.66486697383024, -45.033745331844756], [168.664874584398, -45.03376940340014], [168.6647998121725, -45.0337812885905], [168.66480929948193, -45.03381129626311], [168.66476177670464, -45.03381884994299], [168.66476913417364, -45.033842121512706], [168.66470821142673, -45.033851805794335], [168.664709918038, -45.033857205226404], [168.66469603758847, -45.03385941118926], [168.66470521732873, -45.03388844937069], [168.66465629893176, -45.03389622538505], [168.66466373211568, -45.033919737491274], [168.6645972786766, -45.03393030059277], [168.6645906907976, -45.03390945998895], [168.6645459138851, -45.03391657790042], [168.66453228909322, -45.03387348251303], [168.66457313899102, -45.033866989410015], [168.66456258869678, -45.03383361508672], [168.66461313378085, -45.03382558141423], [168.66460752205123, -45.033807830481415], [168.6646676827473, -45.033798267602265], [168.66466498460264, -45.033789730204596], [168.6646847349054, -45.03378659075019], [168.6646766798557, -45.03376111238398], [168.66472415507587, -45.03375356593286], [168.6647172166594, -45.033731619173786], [168.66477821118437, -45.03372192411431], [168.66477566658432, -45.03371387416041], [168.66478815019045, -45.03371189052096], [168.6647793380432, -45.03368401766901], [168.66483068483882, -45.03367585595708], [168.664825244261, -45.03365864445643], [168.66488512979555, -45.03364912500849], [168.66489430350552, -45.03367814314157]]]}, "properties": {"building_id": 5371138, "facet_count": 11, "obstruction_count": 0, "panel_count": 1, "kwp": 0.44, "ac_kwh_day_avg": 1.3, "ac_kwh_year": 464.0, "facet_area_m2": 75.6, "avg_poa_kwh_m2": 1274.0}}, {"type": "Feature", "geometry": {"type": "Polygon", "coordinates": [[[168.66568605988567, -45.03402182969468], [168.66565748011996, -45.03404231148119], [168.6656179443993, -45.03401457488838], [168.66560585564068, -45.034023238339735], [168.66556816214265, -45.033996794199105], [168.66555847747773, -45.03400373476977], [168.6655275231422, -45.03398201862287], [168.66552057678965, -45.03398699680127], [168.665484748361, -45.03396186143369], [168.66547602080036, -45.03396811619392], [168.6654388170442, -45.03394201620544], [168.66544467355277, -45.03393781897368], [168.66534106221923, -45.03386513255685], [168.66543385037556, -45.03379863253214], [168.66554225083289, -45.03387467839344], [168.66552987140105, -45.033883550704935], [168.66556273932582, -45.03390660784688], [168.66557323473705, -45.033899085605235], [168.66560533434355, -45.03392160306438], [168.6656128954916, -45.033916183657546], [168.66564885173298, -45.03394140537182], [168.6656580974359, -45.03393477830207], [168.66569336184534, -45.0339595137955], [168.6657048344149, -45.033951290291014], [168.66574508994876, -45.03397952583107], [168.6657788227579, -45.03400309675728], [168.66571991273213, -45.03404548439604], [168.66568605988567, -45.03402182969468]]]}, "properties": {"building_id": 5371139, "facet_count": 10, "obstruction_count": 0, "panel_count": 0, "kwp": 0, "ac_kwh_day_avg": 0, "ac_kwh_year": 0, "facet_area_m2": 51.4, "avg_poa_kwh_m2": 1313.0}}, {"type": "Feature", "geometry": {"type": "Polygon", "coordinates": [[[168.66653048825992, -45.03391669831335], [168.66651555035278, -45.03395743653014], [168.66612871563083, -45.03402656968113], [168.66584823219853, -45.03383077042636], [168.6660196480448, -45.033707312301665], [168.66625902769113, -45.03387441758937], [168.666362826397, -45.03379965848904], [168.66653048825992, -45.03391669831335]]]}, "properties": {"building_id": 5371141, "facet_count": 2, "obstruction_count": 9, "panel_count": 298, "kwp": 131.12, "ac_kwh_day_avg": 391.7, "ac_kwh_year": 142986.0, "facet_area_m2": 840.8, "avg_poa_kwh_m2": 1308.0}}, {"type": "Feature", "geometry": {"type": "Polygon", "coordinates": [[[168.66548304379418, -45.032042305852976], [168.6652920789919, -45.03190730260612], [168.66536975340497, -45.03185205727968], [168.66537976267347, -45.03185913351479], [168.66539747672402, -45.031846533823845], [168.66570679068482, -45.03206520337461], [168.66560716797457, -45.03213605901975], [168.66564182475548, -45.032160559427446], [168.66560767794113, -45.032184846200245], [168.6655770183493, -45.03216317224042], [168.66550301727239, -45.0322158037082], [168.66551436784502, -45.03222382842481], [168.66542089344819, -45.032290311428056], [168.66535544222765, -45.0322440408866], [168.6653416458081, -45.03225385312803], [168.66520195626367, -45.032155100415494], [168.66527244772965, -45.032104965135396], [168.6652832197576, -45.03211258169287], [168.66533738701443, -45.032074056478116], [168.66538665510356, -45.03210888685391], [168.66542017669985, -45.03208504537147], [168.66541105425807, -45.03207859698847], [168.66543984247517, -45.03205812135361], [168.66545035672578, -45.03206555435626], [168.66548304379418, -45.032042305852976]]]}, "properties": {"building_id": 5371142, "facet_count": 22, "obstruction_count": 5, "panel_count": 38, "kwp": 16.72, "ac_kwh_day_avg": 42.6, "ac_kwh_year": 15556.0, "facet_area_m2": 327.5, "avg_poa_kwh_m2": 1173.0}}, {"type": "Feature", "geometry": {"type": "Polygon", "coordinates": [[[168.66483045859314, -45.03218469723193], [168.66486643559338, -45.03221233303739], [168.66484449655107, -45.032226692967136], [168.66487820588966, -45.032252587976764], [168.6648542045925, -45.03226829807938], [168.66488450895764, -45.03229157726598], [168.66480986433422, -45.032340437216355], [168.664777963035, -45.03231593152903], [168.664801327287, -45.0323006383075], [168.6647687432821, -45.03227560884779], [168.66479176033457, -45.032260541873924], [168.66475625482377, -45.03223326874952], [168.66483045859314, -45.03218469723193]]]}, "properties": {"building_id": 5371146, "facet_count": 3, "obstruction_count": 0, "panel_count": 0, "kwp": 0, "ac_kwh_day_avg": 0, "ac_kwh_year": 0, "facet_area_m2": 12.1, "avg_poa_kwh_m2": 1312.0}}, {"type": "Feature", "geometry": {"type": "Polygon", "coordinates": [[[168.6643940007021, -45.036273152488214], [168.6644041280314, -45.036299148982366], [168.66437150611088, -45.03630553819385], [168.66437409697903, -45.03631218831978], [168.66434140286464, -45.03631859188026], [168.66433925202963, -45.03631307292551], [168.6643094059889, -45.03631891776577], [168.66426535015358, -45.03620583006275], [168.66434884303737, -45.03618947711392], [168.66436917226576, -45.03624165838506], [168.66438426149173, -45.03623870357163], [168.66434787026853, -45.036180637159084], [168.66442862431205, -45.036155192483506], [168.6644940085473, -45.036259517828285], [168.664463623982, -45.03626909151634], [168.66446801144244, -45.036276092633045], [168.66443704163464, -45.03628585019773], [168.6644341063334, -45.036281168290046], [168.66440609533413, -45.03628999416528], [168.6643952869549, -45.03627274771602], [168.6643940007021, -45.036273152488214]]]}, "properties": {"building_id": 5371175, "facet_count": 2, "obstruction_count": 4, "panel_count": 11, "kwp": 4.84, "ac_kwh_day_avg": 14.4, "ac_kwh_year": 5274.0, "facet_area_m2": 99.7, "avg_poa_kwh_m2": 1306.0}}, {"type": "Feature", "geometry": {"type": "Polygon", "coordinates": [[[168.66539842546794, -45.03451940281264], [168.66542799272136, -45.03455962959851], [168.66536656346838, -45.034582329719996], [168.66535581223255, -45.03456770148437], [168.665279428118, -45.03458393212331], [168.66522803836557, -45.03446233635118], [168.665334545459, -45.03443970495613], [168.66536623395496, -45.03448282011538], [168.6653805940336, -45.03447751405215], [168.66540861531152, -45.03451563772356], [168.66539842546794, -45.03451940281264]]]}, "properties": {"building_id": 5371177, "facet_count": 4, "obstruction_count": 5, "panel_count": 20, "kwp": 8.8, "ac_kwh_day_avg": 25.6, "ac_kwh_year": 9331.0, "facet_area_m2": 123.5, "avg_poa_kwh_m2": 1235.0}}, {"type": "Feature", "geometry": {"type": "Polygon", "coordinates": [[[168.66534649861697, -45.03437825075104], [168.6653718313892, -45.034410560491295], [168.6653120769034, -45.034434115536705], [168.6653048264411, -45.034424867627926], [168.66523161128524, -45.03444074614301], [168.6651797911829, -45.03432061299405], [168.66522364089235, -45.03431110377621], [168.6652776520253, -45.03428981219328], [168.66531861225937, -45.034342054099724], [168.66533225532942, -45.03433667666725], [168.66536051863213, -45.034372723814805], [168.66534649861697, -45.03437825075104]]]}, "properties": {"building_id": 5371178, "facet_count": 4, "obstruction_count": 2, "panel_count": 21, "kwp": 9.24, "ac_kwh_day_avg": 26.8, "ac_kwh_year": 9785.0, "facet_area_m2": 129.3, "avg_poa_kwh_m2": 1245.0}}, {"type": "Feature", "geometry": {"type": "Polygon", "coordinates": [[[168.66553453473196, -45.0346842019735], [168.6655248871671, -45.03468611800024], [168.66550260628318, -45.03462972004338], [168.6655171504988, -45.034626830772865], [168.6655080175188, -45.034603714084724], [168.66549424410837, -45.034606449926116], [168.66547957566036, -45.03456932013471], [168.66550916926127, -45.03456344198214], [168.6654917165218, -45.034538567723075], [168.66555324956659, -45.03451686078909], [168.66559726020108, -45.03457958697234], [168.66560803811177, -45.03457578481411], [168.66563077524717, -45.03460819023817], [168.66562118694551, -45.03461157223509], [168.66564245150144, -45.03464187823145], [168.66561555815866, -45.034651366234925], [168.66562895769724, -45.03468528269143], [168.66554179956407, -45.034702593641114], [168.66553453473196, -45.0346842019735]]]}, "properties": {"building_id": 5371180, "facet_count": 4, "obstruction_count": 0, "panel_count": 18, "kwp": 7.92, "ac_kwh_day_avg": 22.9, "ac_kwh_year": 8347.0, "facet_area_m2": 102.1, "avg_poa_kwh_m2": 1284.0}}, {"type": "Feature", "geometry": {"type": "Polygon", "coordinates": [[[168.66717112000904, -45.03414310067063], [168.66741372039715, -45.034739488707636], [168.6674057294403, -45.034741122187306], [168.6674948630297, -45.03496023690722], [168.66697056333092, -45.03506746245811], [168.66690172746718, -45.0348982422717], [168.66727920202246, -45.03482104418527], [168.66723140901328, -45.03470355317185], [168.66717004182476, -45.034716103387616], [168.66714900272302, -45.03466438353186], [168.6671241476197, -45.03466946732402], [168.66703459947547, -45.03444932743703], [168.66696546587414, -45.0344634664197], [168.6669110646171, -45.0344321791943], [168.66689205742685, -45.03444795534201], [168.66686981014735, -45.03446143345999], [168.66684486827333, -45.03447228320879], [168.66681784224366, -45.034480238831094], [168.6667893968386, -45.03448510505025], [168.6667602279179, -45.03448676248736], [168.6667310520893, -45.034485169969365], [168.6666934241291, -45.03458562121172], [168.66607820902126, -45.034469759030486], [168.66614179669483, -45.03430000366936], [168.66669426841403, -45.03440405082556], [168.66661420194507, -45.034207215988374], [168.66677879608753, -45.03417355417336], [168.6668171187262, -45.034267766541724], [168.6669406749462, -45.034242497856546], [168.6669210461187, -45.03419424418511], [168.66717112000904, -45.03414310067063]]]}, "properties": {"building_id": 5372567, "facet_count": 42, "obstruction_count": 58, "panel_count": 627, "kwp": 275.88, "ac_kwh_day_avg": 824.4, "ac_kwh_year": 300923.0, "facet_area_m2": 2307.0, "avg_poa_kwh_m2": 1295.0}}, {"type": "Feature", "geometry": {"type": "Polygon", "coordinates": [[[168.6647061546966, -45.03395951124891], [168.66475658172106, -45.03397812793768], [168.66472930120707, -45.034015280195575], [168.66467887407114, -45.03399666331027], [168.6647061546966, -45.03395951124891]]]}, "properties": {"building_id": 5372791, "facet_count": 1, "obstruction_count": 0, "panel_count": 3, "kwp": 1.32, "ac_kwh_day_avg": 3.9, "ac_kwh_year": 1438.0, "facet_area_m2": 16.5, "avg_poa_kwh_m2": 1306.0}}, {"type": "Feature", "geometry": {"type": "Polygon", "coordinates": [[[168.66514799495087, -45.03537759923201], [168.66517069170936, -45.03543528495801], [168.66513521162477, -45.03544225201045], [168.66512972100443, -45.0354281579755], [168.66510962567827, -45.035432083160636], [168.66511360508517, -45.035442365195706], [168.6650916592954, -45.03544661832599], [168.66509510688007, -45.035455604839775], [168.66509528263205, -45.035456536489434], [168.66509528035573, -45.035458164626505], [168.6650950446018, -45.03545969594661], [168.66509459269466, -45.035461106138], [168.66509393958603, -45.03546239572879], [168.6650930966819, -45.03546356681001], [168.66509207210777, -45.03546462037415], [168.66509087168606, -45.03546555497457], [168.66508949943454, -45.035466366480485], [168.6650879574029, -45.035467047508305], [168.66508625089202, -45.03546758709553], [168.66493299977148, -45.03549928838295], [168.66493058174967, -45.03549681034398], [168.66492842821873, -45.03549435831993], [168.66492660068525, -45.03549192461913], [168.66492512141906, -45.035489496853614], [168.6649239999762, -45.035487066944015], [168.66492324071845, -45.03548463127682], [168.6649228455617, -45.035482189672955], [168.66492281495542, -45.03547974426608], [168.66492314893733, -45.03547729807443], [168.6649238471114, -45.03547485323651], [168.6649249075573, -45.03547240959793], [168.66492632582364, -45.03546996360012], [168.66492809215342, -45.03546750728546], [168.66493018397023, -45.03546502854818], [168.66493253958453, -45.035462520471675], [168.66492375312495, -45.03543806624515], [168.66492327541903, -45.035439028976064], [168.66492342578042, -45.03543637121694], [168.6649238402156, -45.035433463652396], [168.66492451502938, -45.03543077240774], [168.66492546859197, -45.03542829565486], [168.6649267078412, -45.03542602540199], [168.6649282327756, -45.03542395480795], [168.66493004011292, -45.03542207960523], [168.6649321255668, -45.035420397966035], [168.6649344844559, -45.03541891045027], [168.66493711516722, -45.03541761956417], [168.6649400195455, -45.035416526718045], [168.66494320297735, -45.035415630485254], [168.66494667487825, -45.035414922294635], [168.66495044670853, -45.035414377443], [168.66495451177767, -45.03541393103207], [168.6649587106707, -45.03541333333481], [168.66514799495087, -45.03537759923201]]]}, "properties": {"building_id": 5372795, "facet_count": 7, "obstruction_count": 5, "panel_count": 14, "kwp": 6.16, "ac_kwh_day_avg": 17.0, "ac_kwh_year": 6192.0, "facet_area_m2": 111.3, "avg_poa_kwh_m2": 1238.0}}, {"type": "Feature", "geometry": {"type": "Polygon", "coordinates": [[[168.6686071270647, -45.03319697716995], [168.6686794825705, -45.03324753833143], [168.66860834466803, -45.03329872148406], [168.6685359891672, -45.033248160277616], [168.6686071270647, -45.03319697716995]]]}, "properties": {"building_id": 4725468, "facet_count": 2, "obstruction_count": 0, "panel_count": 11, "kwp": 4.84, "ac_kwh_day_avg": 14.1, "ac_kwh_year": 5150.0, "facet_area_m2": 53.2, "avg_poa_kwh_m2": 1272.0}}, {"type": "Feature", "geometry": {"type": "Polygon", "coordinates": [[[168.66576143270683, -45.03475474111968], [168.66574123746204, -45.034699283094774], [168.6658365566813, -45.034681832205635], [168.66585675201483, -45.03473729021699], [168.66576143270683, -45.03475474111968]]]}, "properties": {"building_id": 4725475, "facet_count": 2, "obstruction_count": 0, "panel_count": 5, "kwp": 2.2, "ac_kwh_day_avg": 6.6, "ac_kwh_year": 2397.0, "facet_area_m2": 45.5, "avg_poa_kwh_m2": 1320.0}}, {"type": "Feature", "geometry": {"type": "Polygon", "coordinates": [[[168.66789534735688, -45.03305505244243], [168.66790884498099, -45.03302146082297], [168.66793506142955, -45.033026757374145], [168.66794810233617, -45.03299430333626], [168.66797555413794, -45.03299985026975], [168.66798944400077, -45.032965284238585], [168.66802403079902, -45.032972271664846], [168.66807048537785, -45.03294025477366], [168.66817782824174, -45.03301856195483], [168.66812810978084, -45.03305282865399], [168.66810494976176, -45.03303593322995], [168.66783292558148, -45.03322341460728], [168.6677452187472, -45.0331594309554], [168.66781741499776, -45.03310967215769], [168.6678299353921, -45.033078512628435], [168.66785500402193, -45.033083576534935], [168.6678686344495, -45.03304965599709], [168.66789534735688, -45.03305505244243]]]}, "properties": {"building_id": 4725495, "facet_count": 1, "obstruction_count": 0, "panel_count": 88, "kwp": 38.72, "ac_kwh_day_avg": 115.6, "ac_kwh_year": 42194.0, "facet_area_m2": 309.4, "avg_poa_kwh_m2": 1306.0}}, {"type": "Feature", "geometry": {"type": "Polygon", "coordinates": [[[168.6684894215808, -45.03271419579493], [168.66843537544926, -45.03275211228422], [168.6683329547178, -45.03267870848539], [168.6683870008406, -45.03264079204431], [168.6684894215808, -45.03271419579493]]]}, "properties": {"building_id": 4725496, "facet_count": 1, "obstruction_count": 2, "panel_count": 15, "kwp": 6.6, "ac_kwh_day_avg": 17.5, "ac_kwh_year": 6403.0, "facet_area_m2": 59.5, "avg_poa_kwh_m2": 1163.0}}, {"type": "Feature", "geometry": {"type": "Polygon", "coordinates": [[[168.6683311231437, -45.03296828543204], [168.66835699060096, -45.032985724050675], [168.6683843301028, -45.03296533407614], [168.66835944602067, -45.03294855787885], [168.66844735682835, -45.03288299677568], [168.66847005120619, -45.03289829828721], [168.66849304678328, -45.032881151467414], [168.66847359136264, -45.03286803141251], [168.66855877858075, -45.03280452421208], [168.66861070884562, -45.032839549627894], [168.66864156003905, -45.032816553052065], [168.66870559734463, -45.03285975175954], [168.66862533841535, -45.03291956879927], [168.66864796245343, -45.03293483358735], [168.6686115739448, -45.032961946099114], [168.66858563736008, -45.03294444154455], [168.66852034894646, -45.032993074650726], [168.66853968442632, -45.03300612783733], [168.66849347007934, -45.03304054187433], [168.668467520994, -45.033023019308], [168.66839310782174, -45.03307842023507], [168.6684191103688, -45.03309598215205], [168.66838220867518, -45.03312345121065], [168.66824614143786, -45.033031541230834], [168.6683311231437, -45.03296828543204]]]}, "properties": {"building_id": 4725498, "facet_count": 4, "obstruction_count": 2, "panel_count": 5, "kwp": 2.2, "ac_kwh_day_avg": 6.2, "ac_kwh_year": 2271.0, "facet_area_m2": 51.2, "avg_poa_kwh_m2": 1247.0}}, {"type": "Feature", "geometry": {"type": "Polygon", "coordinates": [[[168.66796497301215, -45.03469873463033], [168.66798408111669, -45.0347443676816], [168.66776482374718, -45.03479052510063], [168.66772272463183, -45.03468998432262], [168.6678733773511, -45.03465826928184], [168.66789636866312, -45.034713176952884], [168.66796497301215, -45.03469873463033]]]}, "properties": {"building_id": 4725502, "facet_count": 9, "obstruction_count": 2, "panel_count": 25, "kwp": 11.0, "ac_kwh_day_avg": 35.3, "ac_kwh_year": 12897.0, "facet_area_m2": 134.7, "avg_poa_kwh_m2": 1372.0}}, {"type": "Feature", "geometry": {"type": "Polygon", "coordinates": [[[168.66839260572158, -45.0331631394586], [168.6683180740199, -45.03321326716859], [168.66816971459906, -45.03310236105615], [168.66824424627163, -45.03305223344201], [168.66839260572158, -45.0331631394586]]]}, "properties": {"building_id": 4725503, "facet_count": 2, "obstruction_count": 4, "panel_count": 27, "kwp": 11.88, "ac_kwh_day_avg": 34.3, "ac_kwh_year": 12526.0, "facet_area_m2": 126.8, "avg_poa_kwh_m2": 1286.0}}, {"type": "Feature", "geometry": {"type": "Polygon", "coordinates": [[[168.66798630388814, -45.03464212128628], [168.66789441519944, -45.03466036869655], [168.66788002300353, -45.034623930258014], [168.66797191163658, -45.03460568285723], [168.66798630388814, -45.03464212128628]]]}, "properties": {"building_id": 4725504, "facet_count": 2, "obstruction_count": 0, "panel_count": 4, "kwp": 1.76, "ac_kwh_day_avg": 4.6, "ac_kwh_year": 1663.0, "facet_area_m2": 28.4, "avg_poa_kwh_m2": 1230.0}}, {"type": "Feature", "geometry": {"type": "Polygon", "coordinates": [[[168.66824233749796, -45.03443970177175], [168.66823031220704, -45.03444210469228], [168.66824813403616, -45.03448693626051], [168.66816790364788, -45.03450297136669], [168.66817495578562, -45.03452071114738], [168.66773174980202, -45.0346092895539], [168.6676939915963, -45.03451430588191], [168.66813401687176, -45.0344263629063], [168.66813684263312, -45.03443347106851], [168.66823227829116, -45.03441439685046], [168.66824233749796, -45.03443970177175]]]}, "properties": {"building_id": 4725506, "facet_count": 1, "obstruction_count": 6, "panel_count": 155, "kwp": 68.2, "ac_kwh_day_avg": 203.6, "ac_kwh_year": 74318.0, "facet_area_m2": 423.8, "avg_poa_kwh_m2": 1306.0}}, {"type": "Feature", "geometry": {"type": "Polygon", "coordinates": [[[168.6654920718674, -45.03451015144236], [168.66547708831976, -45.034473277024745], [168.6655696767543, -45.034454361431386], [168.66558466035846, -45.03449123583897], [168.6654920718674, -45.03451015144236]]]}, "properties": {"building_id": 4725541, "facet_count": 1, "obstruction_count": 3, "panel_count": 3, "kwp": 1.32, "ac_kwh_day_avg": 4.2, "ac_kwh_year": 1515.0, "facet_area_m2": 27.9, "avg_poa_kwh_m2": 1376.0}}, {"type": "Feature", "geometry": {"type": "Polygon", "coordinates": [[[168.66499385183653, -45.035318206677836], [168.6649514172053, -45.035327829035296], [168.6649561401823, -45.03533829962204], [168.66477453059935, -45.035379479080014], [168.66472865014288, -45.03527775186307], [168.6648374498823, -45.03525308188262], [168.66484445818764, -45.03526861923846], [168.664959700994, -45.03524248832155], [168.66499385183653, -45.035318206677836]]]}, "properties": {"building_id": 4725567, "facet_count": 5, "obstruction_count": 10, "panel_count": 38, "kwp": 16.72, "ac_kwh_day_avg": 48.7, "ac_kwh_year": 17786.0, "facet_area_m2": 175.4, "avg_poa_kwh_m2": 1207.0}}, {"type": "Feature", "geometry": {"type": "Polygon", "coordinates": [[[168.66475923525135, -45.03296964111615], [168.66480044332357, -45.03299990910409], [168.66479637222974, -45.033009488925266], [168.66503640964908, -45.033060780884774], [168.66515908509632, -45.03297680446454], [168.66522245453896, -45.033023348824415], [168.66506097934172, -45.03313388528799], [168.66478391641442, -45.0330746822544], [168.66476262606952, -45.0330892558787], [168.66467669666542, -45.033026141324854], [168.66475923525135, -45.03296964111615]]]}, "properties": {"building_id": 4725580, "facet_count": 2, "obstruction_count": 2, "panel_count": 72, "kwp": 31.68, "ac_kwh_day_avg": 95.2, "ac_kwh_year": 34745.0, "facet_area_m2": 271.7, "avg_poa_kwh_m2": 1315.0}}, {"type": "Feature", "geometry": {"type": "Polygon", "coordinates": [[[168.66816766263443, -45.03504572890922], [168.6681716998499, -45.035055588178444], [168.66796565568737, -45.03509800912293], [168.6679342401323, -45.03502129108014], [168.66790478743349, -45.0350273543572], [168.66788022568767, -45.03496737294824], [168.66821757982436, -45.03489791891756], [168.66824719430008, -45.034970234925275], [168.6683048202968, -45.0349583710328], [168.66832714800077, -45.03501289422171], [168.66816766263443, -45.03504572890922]]]}, "properties": {"building_id": 4725586, "facet_count": 5, "obstruction_count": 4, "panel_count": 117, "kwp": 51.48, "ac_kwh_day_avg": 144.4, "ac_kwh_year": 52719.0, "facet_area_m2": 364.9, "avg_poa_kwh_m2": 1227.0}}, {"type": "Feature", "geometry": {"type": "Polygon", "coordinates": [[[168.66829930268256, -45.03555114692159], [168.66829758391697, -45.03561144202518], [168.66820829594488, -45.03561016168315], [168.6682100148043, -45.03554986658447], [168.66829930268256, -45.03555114692159]]]}, "properties": {"building_id": 4725591, "facet_count": 2, "obstruction_count": 0, "panel_count": 13, "kwp": 5.72, "ac_kwh_day_avg": 21.2, "ac_kwh_year": 7729.0, "facet_area_m2": 43.9, "avg_poa_kwh_m2": 1584.0}}, {"type": "Feature", "geometry": {"type": "Polygon", "coordinates": [[[168.6664786516084, -45.035559090701994], [168.66659737835386, -45.03553427168649], [168.66658856436, -45.03551307427517], [168.66666970033194, -45.035496113087824], [168.66672022777138, -45.03561762859903], [168.66658459333075, -45.03564598254771], [168.66656553398576, -45.03560014587941], [168.66650130567155, -45.03561357258341], [168.6664786516084, -45.035559090701994]]]}, "properties": {"building_id": 4725596, "facet_count": 4, "obstruction_count": 6, "panel_count": 32, "kwp": 14.08, "ac_kwh_day_avg": 41.4, "ac_kwh_year": 15126.0, "facet_area_m2": 144.3, "avg_poa_kwh_m2": 1307.0}}, {"type": "Feature", "geometry": {"type": "Polygon", "coordinates": [[[168.66472461005293, -45.0364275329583], [168.66469046197315, -45.03636875732213], [168.66473314682256, -45.03635628989181], [168.66476729466615, -45.03641506570503], [168.66472461005293, -45.0364275329583]]]}, "properties": {"building_id": 4725620, "facet_count": 1, "obstruction_count": 1, "panel_count": 2, "kwp": 0.88, "ac_kwh_day_avg": 2.5, "ac_kwh_year": 907.0, "facet_area_m2": 17.4, "avg_poa_kwh_m2": 1236.0}}, {"type": "Feature", "geometry": {"type": "Polygon", "coordinates": [[[168.66442087765188, -45.03644521169771], [168.6644689950544, -45.03642841872696], [168.66450856265152, -45.03648541676118], [168.66446044394422, -45.036502209698995], [168.66442087765188, -45.03644521169771]]]}, "properties": {"building_id": 4725621, "facet_count": 2, "obstruction_count": 0, "panel_count": 2, "kwp": 0.88, "ac_kwh_day_avg": 2.8, "ac_kwh_year": 1011.0, "facet_area_m2": 26.8, "avg_poa_kwh_m2": 1273.0}}, {"type": "Feature", "geometry": {"type": "Polygon", "coordinates": [[[168.6675098693059, -45.03217914690582], [168.66760746299826, -45.03210856804954], [168.66767977448544, -45.032158842819356], [168.6675821807872, -45.032229421737306], [168.6675098693059, -45.03217914690582]]]}, "properties": {"building_id": 4735001, "facet_count": 2, "obstruction_count": 2, "panel_count": 7, "kwp": 3.08, "ac_kwh_day_avg": 9.6, "ac_kwh_year": 3501.0, "facet_area_m2": 49.4, "avg_poa_kwh_m2": 1364.0}}, {"type": "Feature", "geometry": {"type": "Polygon", "coordinates": [[[168.66719070877966, -45.032184887216886], [168.66717938564705, -45.03217708425742], [168.66717048017858, -45.03218358179274], [168.66716142192797, -45.032177339433346], [168.6671240075453, -45.03220463871924], [168.66701261760085, -45.03212787985605], [168.66715177066445, -45.03202634559703], [168.66726666593917, -45.03210551954455], [168.6672180740459, -45.032140975510735], [168.66723495144282, -45.032152604750166], [168.66719070877966, -45.032184887216886]]]}, "properties": {"building_id": 4735016, "facet_count": 14, "obstruction_count": 5, "panel_count": 8, "kwp": 3.52, "ac_kwh_day_avg": 10.4, "ac_kwh_year": 3800.0, "facet_area_m2": 120.4, "avg_poa_kwh_m2": 1213.0}}, {"type": "Feature", "geometry": {"type": "Polygon", "coordinates": [[[168.66770016843938, -45.031779755777556], [168.6677777839512, -45.031739381303886], [168.66790166431602, -45.03185912648447], [168.6678240487165, -45.03189950103913], [168.66770016843938, -45.031779755777556]]]}, "properties": {"building_id": 4735041, "facet_count": 2, "obstruction_count": 3, "panel_count": 20, "kwp": 8.8, "ac_kwh_day_avg": 26.9, "ac_kwh_year": 9803.0, "facet_area_m2": 114.0, "avg_poa_kwh_m2": 1316.0}}, {"type": "Feature", "geometry": {"type": "Polygon", "coordinates": [[[168.6677429657633, -45.03224274408676], [168.667820945063, -45.03229564138089], [168.66772496595044, -45.03236678263756], [168.66760505078994, -45.032285438110705], [168.66764679065602, -45.03225449979491], [168.6676887269372, -45.03228294714389], [168.6677429657633, -45.03224274408676]]]}, "properties": {"building_id": 4735159, "facet_count": 4, "obstruction_count": 3, "panel_count": 21, "kwp": 9.24, "ac_kwh_day_avg": 25.4, "ac_kwh_year": 9271.0, "facet_area_m2": 101.7, "avg_poa_kwh_m2": 1248.0}}, {"type": "Feature", "geometry": {"type": "Polygon", "coordinates": [[[168.6672883801153, -45.032463694193844], [168.66736083847653, -45.03241617091616], [168.6674337329731, -45.03247205277949], [168.6673612745947, -45.0325195761028], [168.6672883801153, -45.032463694193844]]]}, "properties": {"building_id": 4735166, "facet_count": 1, "obstruction_count": 1, "panel_count": 19, "kwp": 8.36, "ac_kwh_day_avg": 25.0, "ac_kwh_year": 9110.0, "facet_area_m2": 57.9, "avg_poa_kwh_m2": 1306.0}}, {"type": "Feature", "geometry": {"type": "Polygon", "coordinates": [[[168.66836146728667, -45.03175501068693], [168.6682828903764, -45.03169345292451], [168.668346424157, -45.03165267526389], [168.66842500108623, -45.031714232983255], [168.66836146728667, -45.03175501068693]]]}, "properties": {"building_id": 4735181, "facet_count": 2, "obstruction_count": 1, "panel_count": 5, "kwp": 2.2, "ac_kwh_day_avg": 6.4, "ac_kwh_year": 2353.0, "facet_area_m2": 38.8, "avg_poa_kwh_m2": 1227.0}}, {"type": "Feature", "geometry": {"type": "Polygon", "coordinates": [[[168.6679820918355, -45.0318842770375], [168.66811919689258, -45.03178607306404], [168.66817857079897, -45.03182775288274], [168.66813100426242, -45.0318618232001], [168.66820683394755, -45.03191505500258], [168.66811729455475, -45.031979188663406], [168.6679820918355, -45.0318842770375]]]}, "properties": {"building_id": 4735327, "facet_count": 10, "obstruction_count": 3, "panel_count": 13, "kwp": 5.72, "ac_kwh_day_avg": 17.9, "ac_kwh_year": 6522.0, "facet_area_m2": 127.0, "avg_poa_kwh_m2": 1307.0}}, {"type": "Feature", "geometry": {"type": "Polygon", "coordinates": [[[168.66788865430638, -45.03226793366458], [168.66792082647416, -45.03229086732465], [168.66786486477378, -45.03233034051946], [168.66783269258073, -45.03230740750254], [168.66788865430638, -45.03226793366458]]]}, "properties": {"building_id": 4735627, "facet_count": 0, "obstruction_count": 0, "panel_count": 0, "kwp": 0, "ac_kwh_day_avg": 0, "ac_kwh_year": 0, "facet_area_m2": 0, "avg_poa_kwh_m2": 0}}, {"type": "Feature", "geometry": {"type": "Polygon", "coordinates": [[[168.65787129890398, -45.03254522802933], [168.65795001259346, -45.03250774919772], [168.65815824985862, -45.03272569847452], [168.65818134664886, -45.03274987335558], [168.65810237393447, -45.032787811269294], [168.65808624039596, -45.03277092669285], [168.65798899647206, -45.03266914772656], [168.65793535591422, -45.032694916703896], [168.65781717887577, -45.03257122713899], [168.65787129890398, -45.03254522802933]]]}, "properties": {"building_id": 5370316, "facet_count": 12, "obstruction_count": 5, "panel_count": 30, "kwp": 13.2, "ac_kwh_day_avg": 38.4, "ac_kwh_year": 14020.0, "facet_area_m2": 182.9, "avg_poa_kwh_m2": 1243.0}}, {"type": "Feature", "geometry": {"type": "Polygon", "coordinates": [[[168.66013435408863, -45.03260840062283], [168.660022215672, -45.03269902912661], [168.65995454697045, -45.032656929842624], [168.65993460760345, -45.03267304561511], [168.6597380034735, -45.0325507306394], [168.6598667096906, -45.032441888667805], [168.6598672370928, -45.03244221661386], [168.66013435408863, -45.03260840062283]]]}, "properties": {"building_id": 5370326, "facet_count": 1, "obstruction_count": 22, "panel_count": 109, "kwp": 47.96, "ac_kwh_day_avg": 143.2, "ac_kwh_year": 52262.0, "facet_area_m2": 360.5, "avg_poa_kwh_m2": 1306.0}}, {"type": "Feature", "geometry": {"type": "Polygon", "coordinates": [[[168.66031502217956, -45.031324745161704], [168.6601755226768, -45.03142350867971], [168.66001030533837, -45.03130616903904], [168.6600269721628, -45.031294369289924], [168.66012216411187, -45.03122697490676], [168.66014980480972, -45.03120740572194], [168.6602807423546, -45.03130039970761], [168.66031502217956, -45.031324745161704]]]}, "properties": {"building_id": 5370353, "facet_count": 4, "obstruction_count": 9, "panel_count": 62, "kwp": 27.28, "ac_kwh_day_avg": 81.9, "ac_kwh_year": 29877.0, "facet_area_m2": 241.7, "avg_poa_kwh_m2": 1308.0}}, {"type": "Feature", "geometry": {"type": "Polygon", "coordinates": [[[168.65988315157506, -45.03242798473391], [168.6598667096906, -45.032441888667805], [168.6597380034735, -45.0325507306394], [168.6597172834949, -45.032568252453714], [168.65970860246927, -45.032563090588425], [168.65963975296756, -45.03252215511019], [168.6598056210871, -45.032381887504634], [168.65981197093157, -45.03238566252677], [168.65988315157506, -45.03242798473391]]]}, "properties": {"building_id": 5370354, "facet_count": 3, "obstruction_count": 3, "panel_count": 18, "kwp": 7.92, "ac_kwh_day_avg": 25.0, "ac_kwh_year": 9119.0, "facet_area_m2": 103.7, "avg_poa_kwh_m2": 1350.0}}, {"type": "Feature", "geometry": {"type": "Polygon", "coordinates": [[[168.65789645020374, -45.032862099662836], [168.65762837117177, -45.03299088127572], [168.65757250761146, -45.03298422337306], [168.65745593984585, -45.03286221868379], [168.65746483489716, -45.03282469376815], [168.6576656416371, -45.03264402302409], [168.65768102962878, -45.03263663084343], [168.65789645020374, -45.032862099662836]]]}, "properties": {"building_id": 5370365, "facet_count": 2, "obstruction_count": 18, "panel_count": 196, "kwp": 86.24, "ac_kwh_day_avg": 257.5, "ac_kwh_year": 93977.0, "facet_area_m2": 577.1, "avg_poa_kwh_m2": 1305.0}}, {"type": "Feature", "geometry": {"type": "Polygon", "coordinates": [[[168.65877162602797, -45.032453335654466], [168.65862810289985, -45.03252228456627], [168.65861395603832, -45.03252908141004], [168.65859935042613, -45.03251379532451], [168.65836097603128, -45.032264306068974], [168.65846379365848, -45.03221491206912], [168.65847710990369, -45.032228850089304], [168.65850540736517, -45.03221525567599], [168.65853196309286, -45.03220249870849], [168.65877162602797, -45.032453335654466]]]}, "properties": {"building_id": 5370366, "facet_count": 1, "obstruction_count": 13, "panel_count": 131, "kwp": 57.64, "ac_kwh_day_avg": 172.1, "ac_kwh_year": 62811.0, "facet_area_m2": 431.3, "avg_poa_kwh_m2": 1306.0}}, {"type": "Feature", "geometry": {"type": "Polygon", "coordinates": [[[168.65937477930618, -45.032520898833454], [168.65923832668594, -45.03258832188068], [168.65907954629037, -45.032455923693036], [168.65920565906134, -45.03237987934549], [168.65937477930618, -45.032520898833454]]]}, "properties": {"building_id": 5370368, "facet_count": 1, "obstruction_count": 8, "panel_count": 59, "kwp": 25.96, "ac_kwh_day_avg": 77.5, "ac_kwh_year": 28289.0, "facet_area_m2": 202.3, "avg_poa_kwh_m2": 1306.0}}, {"type": "Feature", "geometry": {"type": "Polygon", "coordinates": [[[168.6581634435199, -45.032126429373115], [168.65789680663337, -45.03186332005937], [168.6581639857638, -45.031733900444095], [168.65829244949535, -45.03186724892568], [168.65822920696067, -45.03189788331356], [168.65835840453195, -45.0320319915251], [168.6581634435199, -45.032126429373115]]]}, "properties": {"building_id": 5371117, "facet_count": 20, "obstruction_count": 5, "panel_count": 92, "kwp": 40.48, "ac_kwh_day_avg": 115.2, "ac_kwh_year": 42031.0, "facet_area_m2": 482.7, "avg_poa_kwh_m2": 1216.0}}, {"type": "Feature", "geometry": {"type": "Polygon", "coordinates": [[[168.6582398951878, -45.03126404627135], [168.65823337825023, -45.03125740219221], [168.65834001261027, -45.03120480857376], [168.65835353445058, -45.03121859330644], [168.6583773049711, -45.03120686902929], [168.65844980135898, -45.031280775909835], [168.65830706323297, -45.0313511784212], [168.65830336633294, -45.03134740984336], [168.65826349896435, -45.031367073688486], [168.6581876935325, -45.031289793661735], [168.6582398951878, -45.03126404627135]]]}, "properties": {"building_id": 5371118, "facet_count": 2, "obstruction_count": 2, "panel_count": 51, "kwp": 22.44, "ac_kwh_day_avg": 63.7, "ac_kwh_year": 23258.0, "facet_area_m2": 176.2, "avg_poa_kwh_m2": 1243.0}}, {"type": "Feature", "geometry": {"type": "Polygon", "coordinates": [[[168.65798389529374, -45.03349146140807], [168.6576579358521, -45.03364682635744], [168.65762966202814, -45.03361700170175], [168.65757302132496, -45.03364399929839], [168.65748241747454, -45.033548424918294], [168.65749425030734, -45.03354278502242], [168.65743652979816, -45.0334818972878], [168.65736050408026, -45.03351813397273], [168.65725795354683, -45.033409956210306], [168.65733142267445, -45.03337493827089], [168.65732402364958, -45.0333671334973], [168.65736499986107, -45.03334760314801], [168.65733095074674, -45.033311686454354], [168.65779688655027, -45.03308960354762], [168.657813405632, -45.03310702946258], [168.6578558184617, -45.03308681370567], [168.657847581233, -45.03307812455635], [168.65806203016373, -45.0329759085298], [168.658096454223, -45.03299540091964], [168.65805084327172, -45.03316849661868], [168.65798168172094, -45.033201461941], [168.65799265108518, -45.03321303223878], [168.65792826916015, -45.0332437193749], [168.65796134049447, -45.033278604834095], [168.6580236507084, -45.033248904589094], [168.65803207491274, -45.0332577907878], [168.65809171137093, -45.03322936504793], [168.65813782588177, -45.0332780088813], [168.6580809249709, -45.03330513094866], [168.65809408206724, -45.033319009839225], [168.65803221701486, -45.03334849753126], [168.65804364488181, -45.033360551587414], [168.65798035072314, -45.033390720269374], [168.6579908603205, -45.03340180765549], [168.6579275226149, -45.03343199715386], [168.65798389529374, -45.03349146140807]]]}, "properties": {"building_id": 5371119, "facet_count": 2, "obstruction_count": 44, "panel_count": 187, "kwp": 82.28, "ac_kwh_day_avg": 245.6, "ac_kwh_year": 89661.0, "facet_area_m2": 1319.3, "avg_poa_kwh_m2": 1306.0}}, {"type": "Feature", "geometry": {"type": "Polygon", "coordinates": [[[168.65876187487996, -45.030182720210746], [168.6588429446932, -45.03026339602703], [168.65876631737106, -45.03030211507801], [168.65863712539766, -45.03017354909592], [168.65862534595084, -45.03017950081084], [168.65855625846788, -45.03011074783204], [168.65860420259597, -45.03008652237105], [168.65862433565874, -45.03010655773833], [168.6587070994094, -45.0300647372888], [168.65880417744623, -45.03016134495235], [168.65876187487996, -45.030182720210746]]]}, "properties": {"building_id": 5371149, "facet_count": 5, "obstruction_count": 2, "panel_count": 13, "kwp": 5.72, "ac_kwh_day_avg": 17.5, "ac_kwh_year": 6377.0, "facet_area_m2": 118.1, "avg_poa_kwh_m2": 1339.0}}, {"type": "Feature", "geometry": {"type": "Polygon", "coordinates": [[[168.65811709221293, -45.030370869394766], [168.65816889682804, -45.03034467121977], [168.65819739744583, -45.03037301097208], [168.65822877317805, -45.030357144773426], [168.65826532166713, -45.030393485875855], [168.65823168337573, -45.030410496463716], [168.65826237511683, -45.03044101530166], [168.65821400258312, -45.030465477253166], [168.65820352646136, -45.03045506000146], [168.65815818069547, -45.030477991671745], [168.65816641140208, -45.03048617644542], [168.65811405756804, -45.03051265166165], [168.65808574931722, -45.03048450375521], [168.6580687313891, -45.030493110374856], [168.6580249875412, -45.030449614973435], [168.6579785170711, -45.03047311495911], [168.65793940347677, -45.0304342221353], [168.65794449263, -45.03041245585707], [168.65799668668265, -45.03038606195085], [168.6580273299192, -45.03041653219488], [168.65807356275374, -45.03039315186447], [168.6580829870215, -45.03040252264935], [168.65812669590096, -45.03038041894661], [168.65811709221293, -45.030370869394766]]]}, "properties": {"building_id": 5371150, "facet_count": 6, "obstruction_count": 3, "panel_count": 9, "kwp": 3.96, "ac_kwh_day_avg": 11.7, "ac_kwh_year": 4272.0, "facet_area_m2": 112.8, "avg_poa_kwh_m2": 1295.0}}, {"type": "Feature", "geometry": {"type": "Polygon", "coordinates": [[[168.66011515258683, -45.0304664641702], [168.6602822695338, -45.0303404033846], [168.6602907034261, -45.03034602569736], [168.66030042564904, -45.0303525054291], [168.66039061635016, -45.030412625873254], [168.66024209078174, -45.0305176613454], [168.66021454880735, -45.03053713889214], [168.66011515258683, -45.0304664641702]]]}, "properties": {"building_id": 5372585, "facet_count": 2, "obstruction_count": 5, "panel_count": 43, "kwp": 18.92, "ac_kwh_day_avg": 56.5, "ac_kwh_year": 20617.0, "facet_area_m2": 172.0, "avg_poa_kwh_m2": 1300.0}}, {"type": "Feature", "geometry": {"type": "Polygon", "coordinates": [[[168.65934859649528, -45.03150821611686], [168.6591589356921, -45.03164640765304], [168.65909626014945, -45.03160315581863], [168.65914711686887, -45.03156609991787], [168.65912470133983, -45.03155063080673], [168.65917360160861, -45.03151500100505], [168.6591469369909, -45.03149660020147], [168.65918024964748, -45.03147232861333], [168.65917629739565, -45.031469600861485], [168.65921472391827, -45.031441602779566], [168.65923288854253, -45.03142836676995], [168.65934859649528, -45.03150821611686]]]}, "properties": {"building_id": 5372586, "facet_count": 9, "obstruction_count": 1, "panel_count": 15, "kwp": 6.6, "ac_kwh_day_avg": 19.7, "ac_kwh_year": 7192.0, "facet_area_m2": 117.4, "avg_poa_kwh_m2": 1272.0}}, {"type": "Feature", "geometry": {"type": "Polygon", "coordinates": [[[168.65997358318012, -45.031566561416746], [168.65979329427054, -45.03168156187226], [168.65970285550713, -45.03173924837769], [168.65955427762873, -45.031622124866765], [168.65981232104573, -45.03143943848532], [168.65997358318012, -45.031566561416746]]]}, "properties": {"building_id": 5372588, "facet_count": 6, "obstruction_count": 3, "panel_count": 147, "kwp": 64.68, "ac_kwh_day_avg": 182.9, "ac_kwh_year": 66741.0, "facet_area_m2": 452.9, "avg_poa_kwh_m2": 1231.0}}, {"type": "Feature", "geometry": {"type": "Polygon", "coordinates": [[[168.65979329427054, -45.03168156187226], [168.65997358318012, -45.031566561416746], [168.66009937731133, -45.03166572411876], [168.65998703182694, -45.03173738490904], [168.6599391067015, -45.031767953512855], [168.65984797258898, -45.031696113229884], [168.65982795307696, -45.03170888262764], [168.65980716570868, -45.03169249623829], [168.65979329427054, -45.03168156187226]]]}, "properties": {"building_id": 5372589, "facet_count": 1, "obstruction_count": 5, "panel_count": 66, "kwp": 29.04, "ac_kwh_day_avg": 82.8, "ac_kwh_year": 30238.0, "facet_area_m2": 187.4, "avg_poa_kwh_m2": 1248.0}}, {"type": "Feature", "geometry": {"type": "Polygon", "coordinates": [[[168.65789645020374, -45.032862099662836], [168.65768102962878, -45.03263663084343], [168.65781717887577, -45.03257122713899], [168.65793535591422, -45.032694916703896], [168.65798899647206, -45.03266914772656], [168.65808624039596, -45.03277092669285], [168.6580719275206, -45.03277780176318], [168.65791751128035, -45.032851981733415], [168.65789645020374, -45.032862099662836]]]}, "properties": {"building_id": 5372639, "facet_count": 8, "obstruction_count": 5, "panel_count": 51, "kwp": 22.44, "ac_kwh_day_avg": 66.6, "ac_kwh_year": 24325.0, "facet_area_m2": 274.3, "avg_poa_kwh_m2": 1297.0}}, {"type": "Feature", "geometry": {"type": "Polygon", "coordinates": [[[168.65680862564076, -45.03057225039992], [168.65683384108374, -45.03058172485556], [168.65690193785238, -45.030511663088234], [168.65695458867881, -45.03047747698643], [168.6570305568275, -45.03053086129461], [168.65686859761485, -45.03064675439633], [168.65678448658676, -45.030599196566875], [168.65680862564076, -45.03057225039992]]]}, "properties": {"building_id": 5373528, "facet_count": 2, "obstruction_count": 3, "panel_count": 23, "kwp": 10.12, "ac_kwh_day_avg": 30.2, "ac_kwh_year": 11028.0, "facet_area_m2": 103.7, "avg_poa_kwh_m2": 1309.0}}, {"type": "Feature", "geometry": {"type": "Polygon", "coordinates": [[[168.65839437114016, -45.030445869756456], [168.65836542896122, -45.030459640859455], [168.6583386023439, -45.03043129075379], [168.65836754430546, -45.030417519661064], [168.65839437114016, -45.030445869756456]]]}, "properties": {"building_id": 5373529, "facet_count": 1, "obstruction_count": 0, "panel_count": 0, "kwp": 0, "ac_kwh_day_avg": 0, "ac_kwh_year": 0, "facet_area_m2": 7.5, "avg_poa_kwh_m2": 1223.0}}, {"type": "Feature", "geometry": {"type": "Polygon", "coordinates": [[[168.6575172225328, -45.03247617270081], [168.65747116744424, -45.03242853548801], [168.6575350758362, -45.032397470493585], [168.65758112975897, -45.03244510673598], [168.6575172225328, -45.03247617270081]]]}, "properties": {"building_id": 4725628, "facet_count": 1, "obstruction_count": 1, "panel_count": 7, "kwp": 3.08, "ac_kwh_day_avg": 9.2, "ac_kwh_year": 3356.0, "facet_area_m2": 33.4, "avg_poa_kwh_m2": 1306.0}}, {"type": "Feature", "geometry": {"type": "Polygon", "coordinates": [[[168.6573711228784, -45.03244114715256], [168.6573873208524, -45.0324586518162], [168.65741649826154, -45.03244507679503], [168.6574473652858, -45.03247843362356], [168.65732343246546, -45.032536095274274], [168.65734641406837, -45.032560930277334], [168.65727534872175, -45.03259399457694], [168.65720530224542, -45.032518297995786], [168.6573711228784, -45.03244114715256]]]}, "properties": {"building_id": 4725629, "facet_count": 5, "obstruction_count": 0, "panel_count": 7, "kwp": 3.08, "ac_kwh_day_avg": 8.9, "ac_kwh_year": 3261.0, "facet_area_m2": 68.4, "avg_poa_kwh_m2": 1295.0}}, {"type": "Feature", "geometry": {"type": "Polygon", "coordinates": [[[168.65718141684417, -45.03244472555461], [168.6570862907881, -45.032408962713234], [168.65717241713847, -45.032293774596255], [168.65726754433368, -45.03232953740922], [168.65718141684417, -45.03244472555461]]]}, "properties": {"building_id": 4725630, "facet_count": 1, "obstruction_count": 4, "panel_count": 33, "kwp": 14.52, "ac_kwh_day_avg": 44.2, "ac_kwh_year": 16127.0, "facet_area_m2": 105.4, "avg_poa_kwh_m2": 1331.0}}, {"type": "Feature", "geometry": {"type": "Polygon", "coordinates": [[[168.65719683276717, -45.03299237449765], [168.65724491035604, -45.032968991876636], [168.65736998800088, -45.03309829475785], [168.6573142653668, -45.03312539561693], [168.65733888516482, -45.03315084664905], [168.65717657139714, -45.033229789199936], [168.65711058604498, -45.03316157483511], [168.65699870795638, -45.03321598752837], [168.65702396446048, -45.03324209842164], [168.6568862354329, -45.0333090829261], [168.65687720078836, -45.03329974399296], [168.65680269993516, -45.03333597719212], [168.65685624689348, -45.033391333896084], [168.65669648362683, -45.033469035256566], [168.65660665848148, -45.0333761742136], [168.65664398738454, -45.033358020166204], [168.6562989852307, -45.03300135406672], [168.6564339830221, -45.03293569839945], [168.6564217911484, -45.032923093857775], [168.65689870334953, -45.032691144623705], [168.65701425769007, -45.032810604245874], [168.65654192407155, -45.033040325822384], [168.6566450884167, -45.033146978396644], [168.65673964014533, -45.033100993282964], [168.6567587098845, -45.0331207076013], [168.65714108066868, -45.03293473927495], [168.65719683276717, -45.03299237449765]]]}, "properties": {"building_id": 4725633, "facet_count": 26, "obstruction_count": 6, "panel_count": 340, "kwp": 149.6, "ac_kwh_day_avg": 447.5, "ac_kwh_year": 163334.0, "facet_area_m2": 1137.8, "avg_poa_kwh_m2": 1294.0}}, {"type": "Feature", "geometry": {"type": "Polygon", "coordinates": [[[168.65628441676265, -45.03417866402094], [168.65619514297944, -45.03421525115938], [168.65611771677158, -45.03412023547674], [168.65620699862785, -45.03408365770848], [168.65628441676265, -45.03417866402094]]]}, "properties": {"building_id": 4725748, "facet_count": 1, "obstruction_count": 2, "panel_count": 4, "kwp": 1.76, "ac_kwh_day_avg": 5.1, "ac_kwh_year": 1850.0, "facet_area_m2": 46.4, "avg_poa_kwh_m2": 1260.0}}, {"type": "Feature", "geometry": {"type": "Polygon", "coordinates": [[[168.65906054280995, -45.037872446413026], [168.6590098783366, -45.037853892268416], [168.65903321321213, -45.037821860095846], [168.6590838789322, -45.03784041427758], [168.65906054280995, -45.037872446413026]]]}, "properties": {"building_id": 4726045, "facet_count": 1, "obstruction_count": 0, "panel_count": 1, "kwp": 0.44, "ac_kwh_day_avg": 1.5, "ac_kwh_year": 563.0, "facet_area_m2": 8.3, "avg_poa_kwh_m2": 1535.0}}, {"type": "Feature", "geometry": {"type": "Polygon", "coordinates": [[[168.65901882100195, -45.03253347145939], [168.65903200974822, -45.032534798299025], [168.65904467210814, -45.03253772813333], [168.65905642623616, -45.03254217350539], [168.65906691174783, -45.03254799826532], [168.65907581196092, -45.03255502561868], [168.65908285608754, -45.03256304271087], [168.65908783035468, -45.0325718046513], [168.6590905821841, -45.032581046374986], [168.65909103011526, -45.032590485721066], [168.6590891589203, -45.0325998376496], [168.6590850269953, -45.03260881722375], [168.6590787578816, -45.03261715098938], [168.6590705433834, -45.0326245860956], [168.65906063289736, -45.03263089709013], [168.65904932787322, -45.03263589200958], [168.659036969877, -45.0326394191266], [168.6590239377194, -45.03264137134141], [168.65901062446622, -45.03264168800698], [168.65899743562818, -45.03264036206158], [168.65898477331677, -45.03263743132369], [168.65897301917587, -45.032632985943756], [168.6589625336595, -45.032627161175014], [168.6589536334504, -45.03262013381295], [168.6589465892681, -45.032612117610846], [168.65894161501998, -45.03260335566499], [168.6589388632141, -45.03259411393859], [168.65893841537607, -45.03258467369527], [168.6589402865268, -45.03257532266771], [168.65894441847126, -45.03256634309954], [168.65895068759787, -45.03255800934179], [168.6589589021688, -45.032550573346775], [168.65896881265076, -45.03254426236094], [168.65898011766265, -45.032539267449], [168.6589924756398, -45.032535740337416], [168.6590055077059, -45.03253378902291], [168.65901882100195, -45.03253347145939]]]}, "properties": {"building_id": 4726063, "facet_count": 1, "obstruction_count": 2, "panel_count": 21, "kwp": 9.24, "ac_kwh_day_avg": 27.6, "ac_kwh_year": 10069.0, "facet_area_m2": 92.9, "avg_poa_kwh_m2": 1306.0}}, {"type": "Feature", "geometry": {"type": "Polygon", "coordinates": [[[168.65793405745308, -45.032491049842506], [168.65837058937086, -45.03228134104568], [168.65837515564584, -45.03227914746939], [168.65859935042613, -45.03251379532451], [168.658189315612, -45.032710774683416], [168.65815824985862, -45.03272569847452], [168.65795001259346, -45.03250774919772], [168.65793405745308, -45.032491049842506]]]}, "properties": {"building_id": 4726065, "facet_count": 12, "obstruction_count": 32, "panel_count": 283, "kwp": 124.52, "ac_kwh_day_avg": 364.8, "ac_kwh_year": 133150.0, "facet_area_m2": 983.5, "avg_poa_kwh_m2": 1288.0}}, {"type": "Feature", "geometry": {"type": "Polygon", "coordinates": [[[168.65755023527547, -45.02990798020013], [168.65780789486666, -45.029756026120594], [168.65783434404202, -45.02977857881278], [168.65789391086528, -45.02974344950221], [168.65796803470198, -45.0298066506191], [168.65791980796413, -45.029835092339354], [168.65792871183385, -45.02984268434263], [168.6579052795344, -45.029856502650304], [168.6579416117837, -45.02988748039031], [168.65771293495624, -45.03002234151591], [168.65769794053608, -45.03004846004634], [168.6576940339019, -45.03005155010853], [168.65768948566893, -45.030054161133094], [168.65768440880248, -45.030056226308325], [168.65767893543287, -45.030057693955634], [168.65767320293133, -45.03005852699917], [168.65766735510806, -45.03005870391165], [168.65766154334187, -45.030058220557706], [168.65763053103885, -45.03004752323274], [168.65762641533183, -45.03005352374419], [168.65752516024287, -45.030018597202115], [168.6575345061359, -45.030004972391744], [168.65750129316933, -45.03000236132012], [168.65749554605316, -45.03000147713542], [168.65749006046025, -45.0299999727805], [168.65748496945142, -45.02999788483114], [168.65748039487283, -45.02999526383905], [168.65747644622644, -45.029992172488264], [168.65747322066977, -45.02998868559525], [168.65747079442752, -45.029984886180884], [168.65747117290672, -45.02993433152092], [168.65751457754936, -45.02990798106825], [168.65751928416552, -45.02990609443616], [168.65752437582142, -45.029904805795574], [168.65752970248835, -45.029904151739885], [168.65753510910065, -45.02990415156698], [168.6575404369576, -45.029904805532325], [168.65754552885446, -45.029906094144245], [168.65755023527547, -45.02990798020013]]]}, "properties": {"building_id": 4734599, "facet_count": 6, "obstruction_count": 1, "panel_count": 168, "kwp": 73.92, "ac_kwh_day_avg": 221.9, "ac_kwh_year": 80989.0, "facet_area_m2": 560.7, "avg_poa_kwh_m2": 1301.0}}, {"type": "Feature", "geometry": {"type": "Polygon", "coordinates": [[[168.6602893715918, -45.03033504578454], [168.66028463106164, -45.03033862179715], [168.6602822695338, -45.0303404033846], [168.66011515258683, -45.0304664641702], [168.6601087428624, -45.03046190641984], [168.65997118006746, -45.03036015408028], [168.66001675767754, -45.030329170211395], [168.65997164279693, -45.03029580000733], [168.66009979520152, -45.030208680759024], [168.6602893715918, -45.03033504578454]]]}, "properties": {"building_id": 4734677, "facet_count": 1, "obstruction_count": 19, "panel_count": 104, "kwp": 45.76, "ac_kwh_day_avg": 130.5, "ac_kwh_year": 47648.0, "facet_area_m2": 351.5, "avg_poa_kwh_m2": 1248.0}}, {"type": "Feature", "geometry": {"type": "Polygon", "coordinates": [[[168.65885656325446, -45.03205911950842], [168.6590281989381, -45.032238759843736], [168.65905138462728, -45.03222762078248], [168.65909713526725, -45.03227550501548], [168.65911118576372, -45.0322902099791], [168.65890704777027, -45.03238827921491], [168.65869056023058, -45.03216169774226], [168.65872608110774, -45.03214463359342], [168.658738023744, -45.03213889602788], [168.65871213335083, -45.03211179726826], [168.6588456217161, -45.03204766827771], [168.65885656325446, -45.03205911950842]]]}, "properties": {"building_id": 4734768, "facet_count": 3, "obstruction_count": 18, "panel_count": 125, "kwp": 55.0, "ac_kwh_day_avg": 164.2, "ac_kwh_year": 59934.0, "facet_area_m2": 461.4, "avg_poa_kwh_m2": 1304.0}}, {"type": "Feature", "geometry": {"type": "Polygon", "coordinates": [[[168.65688749146537, -45.031438069804814], [168.65682035952793, -45.03147102533736], [168.65685665999257, -45.031508207219225], [168.65693147632294, -45.03147148009344], [168.65695718620248, -45.031497813522655], [168.65698206693335, -45.031485599825714], [168.65702331305198, -45.031527846417156], [168.6569001050316, -45.03158832941463], [168.65684584022802, -45.03153274913072], [168.6568095223844, -45.0315505780938], [168.65671606525132, -45.03145485296061], [168.65684302702024, -45.03139252736895], [168.65688749146537, -45.031438069804814]]]}, "properties": {"building_id": 4734774, "facet_count": 6, "obstruction_count": 4, "panel_count": 35, "kwp": 15.4, "ac_kwh_day_avg": 44.5, "ac_kwh_year": 16224.0, "facet_area_m2": 173.7, "avg_poa_kwh_m2": 1287.0}}, {"type": "Feature", "geometry": {"type": "Polygon", "coordinates": [[[168.65964718094787, -45.032287682819984], [168.65946850492395, -45.03245478414799], [168.65930606698913, -45.0323193339857], [168.65948289908343, -45.03221270497112], [168.65952513807636, -45.03221511814622], [168.65964718094787, -45.032287682819984]]]}, "properties": {"building_id": 4734913, "facet_count": 3, "obstruction_count": 17, "panel_count": 95, "kwp": 41.8, "ac_kwh_day_avg": 124.8, "ac_kwh_year": 45550.0, "facet_area_m2": 295.9, "avg_poa_kwh_m2": 1307.0}}, {"type": "Feature", "geometry": {"type": "Polygon", "coordinates": [[[168.65688686062455, -45.03115398541133], [168.65681330707207, -45.03120988786075], [168.65667885730596, -45.031120935629176], [168.65675241086237, -45.03106503326662], [168.65688686062455, -45.03115398541133]]]}, "properties": {"building_id": 4734953, "facet_count": 1, "obstruction_count": 0, "panel_count": 40, "kwp": 17.6, "ac_kwh_day_avg": 51.2, "ac_kwh_year": 18696.0, "facet_area_m2": 114.4, "avg_poa_kwh_m2": 1273.0}}, {"type": "Feature", "geometry": {"type": "Polygon", "coordinates": [[[168.65674126208165, -45.03157605681698], [168.65680515139547, -45.03164518264993], [168.65677887952776, -45.031657391912184], [168.65679845240115, -45.031678569301555], [168.6567161576754, -45.03171681356867], [168.65660560440367, -45.031597197621586], [168.65664675825812, -45.03157807308217], [168.65667384952764, -45.03160738482906], [168.65674126208165, -45.03157605681698]]]}, "properties": {"building_id": 4734963, "facet_count": 7, "obstruction_count": 1, "panel_count": 1, "kwp": 0.44, "ac_kwh_day_avg": 1.0, "ac_kwh_year": 362.0, "facet_area_m2": 43.2, "avg_poa_kwh_m2": 1267.0}}, {"type": "Feature", "geometry": {"type": "Polygon", "coordinates": [[[168.65956279442247, -45.03188137351183], [168.65937573959985, -45.03174852382099], [168.65938941533605, -45.0317388418366], [168.65944990376246, -45.03169601777804], [168.65965273890356, -45.03184007605996], [168.65964471725258, -45.03184575507911], [168.6597130683092, -45.03190439361703], [168.65972485657798, -45.03191450601569], [168.65963930901844, -45.03196464517869], [168.65956279442247, -45.03188137351183]]]}, "properties": {"building_id": 4734995, "facet_count": 10, "obstruction_count": 7, "panel_count": 34, "kwp": 14.96, "ac_kwh_day_avg": 41.5, "ac_kwh_year": 15150.0, "facet_area_m2": 181.0, "avg_poa_kwh_m2": 1248.0}}, {"type": "Feature", "geometry": {"type": "Polygon", "coordinates": [[[168.65971700045378, -45.03173022605537], [168.65984972829892, -45.031834856144236], [168.65972485657798, -45.03191450601569], [168.65964471725258, -45.03184575507911], [168.65965273890356, -45.03184007605996], [168.65944990376246, -45.03169601777804], [168.6594867939352, -45.03166990101097], [168.65955427762873, -45.031622124866765], [168.65970285550713, -45.03173924837769], [168.65971700045378, -45.03173022605537]]]}, "properties": {"building_id": 4734996, "facet_count": 3, "obstruction_count": 13, "panel_count": 94, "kwp": 41.36, "ac_kwh_day_avg": 123.5, "ac_kwh_year": 45070.0, "facet_area_m2": 318.5, "avg_poa_kwh_m2": 1309.0}}, {"type": "Feature", "geometry": {"type": "Polygon", "coordinates": [[[168.6565859100346, -45.03158412448069], [168.65654876555502, -45.031544579759654], [168.6565941676488, -45.03152313619348], [168.65663131341387, -45.03156268094872], [168.6565859100346, -45.03158412448069]]]}, "properties": {"building_id": 4735027, "facet_count": 1, "obstruction_count": 0, "panel_count": 5, "kwp": 2.2, "ac_kwh_day_avg": 6.3, "ac_kwh_year": 2290.0, "facet_area_m2": 19.3, "avg_poa_kwh_m2": 1248.0}}, {"type": "Feature", "geometry": {"type": "Polygon", "coordinates": [[[168.6571287027483, -45.03220062640087], [168.6570508676292, -45.032316970261284], [168.65694529027044, -45.03228145543964], [168.65702312421098, -45.03216511250653], [168.6571287027483, -45.03220062640087]]]}, "properties": {"building_id": 4735053, "facet_count": 4, "obstruction_count": 3, "panel_count": 12, "kwp": 5.28, "ac_kwh_day_avg": 14.5, "ac_kwh_year": 5300.0, "facet_area_m2": 97.7, "avg_poa_kwh_m2": 1265.0}}, {"type": "Feature", "geometry": {"type": "Polygon", "coordinates": [[[168.65681359870345, -45.03165987334527], [168.6568513392609, -45.03164288805596], [168.6568898128276, -45.031685871633286], [168.65685207098545, -45.031702856886376], [168.65681359870345, -45.03165987334527]]]}, "properties": {"building_id": 4735080, "facet_count": 1, "obstruction_count": 0, "panel_count": 2, "kwp": 0.88, "ac_kwh_day_avg": 2.6, "ac_kwh_year": 967.0, "facet_area_m2": 15.9, "avg_poa_kwh_m2": 1317.0}}, {"type": "Feature", "geometry": {"type": "Polygon", "coordinates": [[[168.65927235675517, -45.03022341077093], [168.65932116290912, -45.03025879061257], [168.6592984377795, -45.03027455444153], [168.659333939202, -45.03030028979648], [168.65930688908296, -45.03031905309864], [168.65932458263617, -45.03033187944128], [168.65922488862526, -45.030401032624326], [168.65915399407797, -45.03034964067543], [168.65919923270422, -45.03031826074451], [168.65915492967062, -45.03028614539059], [168.65923649277642, -45.03022956882716], [168.6592496891844, -45.03023913537332], [168.65927235675517, -45.03022341077093]]]}, "properties": {"building_id": 4735104, "facet_count": 5, "obstruction_count": 2, "panel_count": 16, "kwp": 7.04, "ac_kwh_day_avg": 19.8, "ac_kwh_year": 7236.0, "facet_area_m2": 85.1, "avg_poa_kwh_m2": 1295.0}}, {"type": "Feature", "geometry": {"type": "Polygon", "coordinates": [[[168.6594549920347, -45.03042085833023], [168.65940861774183, -45.03037223843577], [168.65954459034518, -45.03030702216524], [168.65959096470905, -45.03035564200709], [168.6594549920347, -45.03042085833023]]]}, "properties": {"building_id": 4735110, "facet_count": 3, "obstruction_count": 2, "panel_count": 2, "kwp": 0.88, "ac_kwh_day_avg": 3.0, "ac_kwh_year": 1103.0, "facet_area_m2": 44.1, "avg_poa_kwh_m2": 1341.0}}, {"type": "Feature", "geometry": {"type": "Polygon", "coordinates": [[[168.6578946859149, -45.03076449981241], [168.6578189981892, -45.03079852351615], [168.6578405422457, -45.03082262221745], [168.6577609563674, -45.030858398589984], [168.657674664337, -45.03076187596223], [168.65782993778794, -45.03069207598334], [168.6578946859149, -45.03076449981241]]]}, "properties": {"building_id": 4735138, "facet_count": 2, "obstruction_count": 2, "panel_count": 42, "kwp": 18.48, "ac_kwh_day_avg": 48.9, "ac_kwh_year": 17853.0, "facet_area_m2": 149.8, "avg_poa_kwh_m2": 1199.0}}, {"type": "Feature", "geometry": {"type": "Polygon", "coordinates": [[[168.6584332685342, -45.03035277727497], [168.65835834633253, -45.03039106179155], [168.65829909142835, -45.030332752025124], [168.65833266260867, -45.030315597622916], [168.65831400781, -45.03029724008163], [168.65834638351012, -45.030280696843626], [168.6583617617064, -45.03029583031195], [168.65837074143786, -45.030291242052705], [168.6584332685342, -45.03035277727497]]]}, "properties": {"building_id": 4735146, "facet_count": 2, "obstruction_count": 0, "panel_count": 9, "kwp": 3.96, "ac_kwh_day_avg": 12.5, "ac_kwh_year": 4546.0, "facet_area_m2": 50.4, "avg_poa_kwh_m2": 1340.0}}, {"type": "Feature", "geometry": {"type": "Polygon", "coordinates": [[[168.6567731626729, -45.03218555318623], [168.6568699273888, -45.032139290405524], [168.65692000691632, -45.03219195932965], [168.65682324214544, -45.032238222150774], [168.6567731626729, -45.03218555318623]]]}, "properties": {"building_id": 4735171, "facet_count": 2, "obstruction_count": 3, "panel_count": 10, "kwp": 4.4, "ac_kwh_day_avg": 13.8, "ac_kwh_year": 5024.0, "facet_area_m2": 60.1, "avg_poa_kwh_m2": 1325.0}}, {"type": "Feature", "geometry": {"type": "Polygon", "coordinates": [[[168.65876817584063, -45.03157449193397], [168.6585006713384, -45.031706070983674], [168.6584738307243, -45.031678632613186], [168.65846558998305, -45.03167020893], [168.65873309791152, -45.03153863369388], [168.65876817584063, -45.03157449193397]]]}, "properties": {"building_id": 4735219, "facet_count": 4, "obstruction_count": 3, "panel_count": 10, "kwp": 4.4, "ac_kwh_day_avg": 10.6, "ac_kwh_year": 3865.0, "facet_area_m2": 75.8, "avg_poa_kwh_m2": 1114.0}}, {"type": "Feature", "geometry": {"type": "Polygon", "coordinates": [[[168.65831054258558, -45.031506870079035], [168.65843406807417, -45.03144611228263], [168.65854734906057, -45.031390392314215], [168.65858520384415, -45.03137177245316], [168.658607622435, -45.03139468995968], [168.65866897640578, -45.03145740965049], [168.65865862267248, -45.031462501975284], [168.65839431610144, -45.031592508414725], [168.65831054258558, -45.031506870079035]]]}, "properties": {"building_id": 4735220, "facet_count": 3, "obstruction_count": 7, "panel_count": 70, "kwp": 30.8, "ac_kwh_day_avg": 82.1, "ac_kwh_year": 29971.0, "facet_area_m2": 246.4, "avg_poa_kwh_m2": 1184.0}}, {"type": "Feature", "geometry": {"type": "Polygon", "coordinates": [[[168.65725938968876, -45.03196845580483], [168.65718767111838, -45.03189751242138], [168.65725312226056, -45.03186424238408], [168.65732484087658, -45.0319351857281], [168.65725938968876, -45.03196845580483]]]}, "properties": {"building_id": 4735226, "facet_count": 1, "obstruction_count": 0, "panel_count": 16, "kwp": 7.04, "ac_kwh_day_avg": 22.0, "ac_kwh_year": 8030.0, "facet_area_m2": 56.1, "avg_poa_kwh_m2": 1367.0}}, {"type": "Feature", "geometry": {"type": "Polygon", "coordinates": [[[168.6577621785765, -45.03216349738505], [168.65788961714037, -45.03229559741002], [168.65779491127276, -45.032341536203184], [168.65766747157525, -45.03220943602918], [168.6577621785765, -45.03216349738505]]]}, "properties": {"building_id": 4735231, "facet_count": 5, "obstruction_count": 3, "panel_count": 27, "kwp": 11.88, "ac_kwh_day_avg": 38.5, "ac_kwh_year": 14063.0, "facet_area_m2": 131.5, "avg_poa_kwh_m2": 1395.0}}, {"type": "Feature", "geometry": {"type": "Polygon", "coordinates": [[[168.66011641670005, -45.032088663677044], [168.65987173251457, -45.0322599192812], [168.6598235132456, -45.03222938704611], [168.6598161496237, -45.03223454021598], [168.65965678545848, -45.0321200541885], [168.65991173012705, -45.03194161821735], [168.66011641670005, -45.032088663677044]]]}, "properties": {"building_id": 4735245, "facet_count": 18, "obstruction_count": 2, "panel_count": 64, "kwp": 28.16, "ac_kwh_day_avg": 83.4, "ac_kwh_year": 30454.0, "facet_area_m2": 313.6, "avg_poa_kwh_m2": 1302.0}}, {"type": "Feature", "geometry": {"type": "Polygon", "coordinates": [[[168.65637910127853, -45.03129886842754], [168.65636816945997, -45.031276543032455], [168.65646885569188, -45.03125175462615], [168.6565698047157, -45.0314579234902], [168.6564719110121, -45.0314820253287], [168.6563950602993, -45.03140342510464], [168.6563476559061, -45.03130661084636], [168.65637910127853, -45.03129886842754]]]}, "properties": {"building_id": 4735322, "facet_count": 2, "obstruction_count": 5, "panel_count": 77, "kwp": 33.88, "ac_kwh_day_avg": 97.3, "ac_kwh_year": 35499.0, "facet_area_m2": 232.1, "avg_poa_kwh_m2": 1273.0}}, {"type": "Feature", "geometry": {"type": "Polygon", "coordinates": [[[168.65639920460154, -45.03232700419847], [168.65632287509456, -45.03225102370696], [168.65633762231505, -45.03224366653638], [168.65631436892494, -45.032220230668976], [168.65644228101957, -45.03215641682066], [168.6565074828309, -45.032222130701086], [168.65648278653302, -45.03223445124238], [168.6564981849982, -45.03224997125531], [168.65645610309582, -45.03227096517815], [168.65646453478314, -45.032279462896945], [168.65642579482133, -45.032298790076084], [168.65643571609573, -45.032308789363746], [168.65639920460154, -45.03232700419847]]]}, "properties": {"building_id": 4735392, "facet_count": 3, "obstruction_count": 4, "panel_count": 28, "kwp": 12.32, "ac_kwh_day_avg": 37.4, "ac_kwh_year": 13653.0, "facet_area_m2": 127.0, "avg_poa_kwh_m2": 1290.0}}, {"type": "Feature", "geometry": {"type": "Polygon", "coordinates": [[[168.65840669847393, -45.02987388892183], [168.65845672944963, -45.02992472974252], [168.6584169109335, -45.0299444333121], [168.65842722721015, -45.02995491557134], [168.6583938725566, -45.02997142030191], [168.65838394530653, -45.029961332737344], [168.65834661019275, -45.029979807591985], [168.65835433562012, -45.02998765714011], [168.6582872014933, -45.03002087721532], [168.65828014329003, -45.03001370481448], [168.65822624288634, -45.03004037592908], [168.658233697159, -45.03004795050121], [168.65816000396242, -45.03008441700498], [168.65815267582138, -45.03007697055849], [168.65813075313025, -45.03008781907506], [168.65814218561695, -45.03009943580798], [168.6578440249932, -45.03024697532434], [168.65773004900618, -45.03013115310445], [168.65776359522656, -45.03011455324491], [168.65773691859417, -45.03008744411172], [168.65775555597776, -45.03007822139011], [168.6577419477233, -45.03006439278454], [168.65778357871685, -45.030043792592075], [168.65780394091712, -45.03006448587068], [168.6578397871836, -45.03004674844701], [168.6578197549209, -45.030026391811724], [168.65795222731086, -45.0299608406676], [168.65793738725029, -45.02994576070858], [168.6580112874188, -45.02990919240966], [168.65806412228875, -45.02996288218774], [168.65834110873107, -45.02982581947341], [168.65839440245642, -45.029879973969905], [168.65840669847393, -45.02987388892183]]]}, "properties": {"building_id": 4735399, "facet_count": 19, "obstruction_count": 21, "panel_count": 160, "kwp": 70.4, "ac_kwh_day_avg": 209.0, "ac_kwh_year": 76277.0, "facet_area_m2": 693.5, "avg_poa_kwh_m2": 1305.0}}, {"type": "Feature", "geometry": {"type": "Polygon", "coordinates": [[[168.6572559391017, -45.03090377315754], [168.6572955843062, -45.03088295345915], [168.65731956310495, -45.03090591175797], [168.65735186682625, -45.0308889469172], [168.6574158990803, -45.03095025520444], [168.65729341610518, -45.031014578557865], [168.6571759972481, -45.030902154266656], [168.65722653119533, -45.030875615549284], [168.6572559391017, -45.03090377315754]]]}, "properties": {"building_id": 4735403, "facet_count": 4, "obstruction_count": 6, "panel_count": 15, "kwp": 6.6, "ac_kwh_day_avg": 17.5, "ac_kwh_year": 6393.0, "facet_area_m2": 102.6, "avg_poa_kwh_m2": 1213.0}}, {"type": "Feature", "geometry": {"type": "Polygon", "coordinates": [[[168.6601025169081, -45.03096569117892], [168.65987526677048, -45.03113127593972], [168.659705949685, -45.03101443239148], [168.6599332021933, -45.03084884985871], [168.6601025169081, -45.03096569117892]]]}, "properties": {"building_id": 4735611, "facet_count": 1, "obstruction_count": 6, "panel_count": 45, "kwp": 19.8, "ac_kwh_day_avg": 59.1, "ac_kwh_year": 21576.0, "facet_area_m2": 220.3, "avg_poa_kwh_m2": 1306.0}}, {"type": "Feature", "geometry": {"type": "Polygon", "coordinates": [[[168.65890762996645, -45.03020798449597], [168.65885861359237, -45.03016867974329], [168.65891977246773, -45.030130327534735], [168.6589687888549, -45.030169632261625], [168.65890762996645, -45.03020798449597]]]}, "properties": {"building_id": 4735628, "facet_count": 2, "obstruction_count": 3, "panel_count": 2, "kwp": 0.88, "ac_kwh_day_avg": 2.8, "ac_kwh_year": 1010.0, "facet_area_m2": 25.7, "avg_poa_kwh_m2": 1397.0}}, {"type": "Feature", "geometry": {"type": "Polygon", "coordinates": [[[168.6566555827082, -45.02988282576288], [168.6567186942369, -45.02985259414122], [168.6567713670193, -45.029907886984915], [168.6567082541873, -45.02993811858607], [168.6566555827082, -45.02988282576288]]]}, "properties": {"building_id": 4735629, "facet_count": 3, "obstruction_count": 0, "panel_count": 6, "kwp": 2.64, "ac_kwh_day_avg": 6.2, "ac_kwh_year": 2259.0, "facet_area_m2": 35.2, "avg_poa_kwh_m2": 1073.0}}, {"type": "Feature", "geometry": {"type": "Polygon", "coordinates": [[[168.6717891028996, -45.042632634898176], [168.6720056341242, -45.04264578987559], [168.67200086930012, -45.04268521143839], [168.67201651391807, -45.04268616180813], [168.67201121512812, -45.04272999912846], [168.6717790389633, -45.04271589375508], [168.67172354255263, -45.04271308380455], [168.67158871508164, -45.04259832689091], [168.671590842871, -45.042545898702855], [168.67171741277087, -45.04254848051135], [168.67171661872976, -45.04256804656173], [168.6717891028996, -45.042632634898176]]]}, "properties": {"building_id": 5372937, "facet_count": 7, "obstruction_count": 6, "panel_count": 97, "kwp": 42.68, "ac_kwh_day_avg": 121.1, "ac_kwh_year": 44194.0, "facet_area_m2": 331.3, "avg_poa_kwh_m2": 1242.0}}, {"type": "Feature", "geometry": {"type": "Polygon", "coordinates": [[[168.66981653036575, -45.0427761396105], [168.66996243131925, -45.04278286617621], [168.66996815517805, -45.042720472051975], [168.66997681443124, -45.04263168897084], [168.67029300225764, -45.04264719015057], [168.67028129931393, -45.0427671715445], [168.67016430069228, -45.04276143545859], [168.67015686231386, -45.04283769100778], [168.67002090592788, -45.04283102517715], [168.67001566166581, -45.04288478481382], [168.669806929899, -45.04287455029445], [168.66981653036575, -45.0427761396105]]]}, "properties": {"building_id": 4739227, "facet_count": 5, "obstruction_count": 13, "panel_count": 106, "kwp": 46.64, "ac_kwh_day_avg": 140.3, "ac_kwh_year": 51220.0, "facet_area_m2": 431.8, "avg_poa_kwh_m2": 1326.0}}, {"type": "Feature", "geometry": {"type": "Polygon", "coordinates": [[[168.65947518732492, -45.032460353328176], [168.65946383487605, -45.03246719907394], [168.65940401045427, -45.032503272693084], [168.65937477930618, -45.032520898833454], [168.65920565906134, -45.03237987934549], [168.65930606698913, -45.0323193339857], [168.65946850492395, -45.03245478414799], [168.65947518732492, -45.032460353328176]]]}, "properties": {"building_id": 5370317, "facet_count": 1, "obstruction_count": 0, "panel_count": 1, "kwp": 0.44, "ac_kwh_day_avg": 1.3, "ac_kwh_year": 479.0, "facet_area_m2": 21.3, "avg_poa_kwh_m2": 1306.0}}, {"type": "Feature", "geometry": {"type": "Polygon", "coordinates": [[[168.66231855470483, -45.03290497849469], [168.66225046395712, -45.032952750279414], [168.66220501643798, -45.03298463567843], [168.66216037463448, -45.033015955795214], [168.66195329429087, -45.03286755096347], [168.66210811712963, -45.032758929812175], [168.66214127356318, -45.032782690946334], [168.66218351205973, -45.032812961289956], [168.6622067009686, -45.032796692425514], [168.662255350678, -45.032831557337836], [168.6622355188797, -45.03284547124211], [168.66230166571395, -45.032892875484194], [168.66231855470483, -45.03290497849469]]]}, "properties": {"building_id": 5370320, "facet_count": 8, "obstruction_count": 7, "panel_count": 96, "kwp": 42.24, "ac_kwh_day_avg": 125.0, "ac_kwh_year": 45610.0, "facet_area_m2": 317.8, "avg_poa_kwh_m2": 1301.0}}, {"type": "Feature", "geometry": {"type": "Polygon", "coordinates": [[[168.6598056210871, -45.032381887504634], [168.65963975296756, -45.03252215511019], [168.65959247742848, -45.03249404601614], [168.65958857178492, -45.03249172423889], [168.65974018781571, -45.03234298246407], [168.65976168504736, -45.03235576452772], [168.6598056210871, -45.032381887504634]]]}, "properties": {"building_id": 5370327, "facet_count": 4, "obstruction_count": 0, "panel_count": 0, "kwp": 0, "ac_kwh_day_avg": 0, "ac_kwh_year": 0, "facet_area_m2": 25.4, "avg_poa_kwh_m2": 1381.0}}, {"type": "Feature", "geometry": {"type": "Polygon", "coordinates": [[[168.6598708143083, -45.03080500447403], [168.6597473801052, -45.030890698074415], [168.65965927918955, -45.03103427337672], [168.65961383739184, -45.03110833006277], [168.65940434638202, -45.03103719109637], [168.65945764293093, -45.0310041500906], [168.6595040479845, -45.03096624036853], [168.659542686, -45.030924177557374], [168.65957282783586, -45.03087875577426], [168.65959390210082, -45.03083083185396], [168.65960551262808, -45.03078131251096], [168.6596074401725, -45.030731131898726], [168.65958880631868, -45.03072445050067], [168.6596141815542, -45.030684823565124], [168.65962223523198, -45.03067224851109], [168.65976336999884, -45.03071769446353], [168.659805405515, -45.03073122973677], [168.65979312182006, -45.03075041226993], [168.65984739920063, -45.030788554046055], [168.6598708143083, -45.03080500447403]]]}, "properties": {"building_id": 5370339, "facet_count": 5, "obstruction_count": 15, "panel_count": 153, "kwp": 67.32, "ac_kwh_day_avg": 197.5, "ac_kwh_year": 72082.0, "facet_area_m2": 619.3, "avg_poa_kwh_m2": 1280.0}}, {"type": "Feature", "geometry": {"type": "Polygon", "coordinates": [[[168.66114612166544, -45.031715461944145], [168.66133187964488, -45.031583588204185], [168.66134111632212, -45.031590130382135], [168.66143982231813, -45.03166003959748], [168.6613738402865, -45.03170688200913], [168.6613073536503, -45.0317540832554], [168.66125406424482, -45.03179191440988], [168.66114612166544, -45.031715461944145]]]}, "properties": {"building_id": 5370341, "facet_count": 2, "obstruction_count": 0, "panel_count": 15, "kwp": 6.6, "ac_kwh_day_avg": 20.5, "ac_kwh_year": 7485.0, "facet_area_m2": 162.6, "avg_poa_kwh_m2": 1360.0}}, {"type": "Feature", "geometry": {"type": "Polygon", "coordinates": [[[168.6607510128362, -45.03207532835633], [168.66081628096788, -45.032029644681785], [168.66086831057845, -45.03206649594558], [168.6608964340637, -45.03208641378634], [168.66098708783917, -45.032150622034784], [168.66092106864457, -45.03219748977281], [168.66076647729705, -45.03208643667143], [168.6607510128362, -45.03207532835633]]]}, "properties": {"building_id": 5370344, "facet_count": 5, "obstruction_count": 1, "panel_count": 1, "kwp": 0.44, "ac_kwh_day_avg": 1.3, "ac_kwh_year": 479.0, "facet_area_m2": 61.3, "avg_poa_kwh_m2": 1273.0}}, {"type": "Feature", "geometry": {"type": "Polygon", "coordinates": [[[168.6619384743772, -45.03106323945666], [168.6618324009788, -45.03098958635064], [168.66198271155585, -45.030880736915265], [168.6619830405699, -45.03088049918367], [168.66208878503497, -45.030954388984355], [168.6619384743772, -45.03106323945666]]]}, "properties": {"building_id": 5370350, "facet_count": 3, "obstruction_count": 7, "panel_count": 48, "kwp": 21.12, "ac_kwh_day_avg": 65.5, "ac_kwh_year": 23906.0, "facet_area_m2": 155.4, "avg_poa_kwh_m2": 1351.0}}, {"type": "Feature", "geometry": {"type": "Polygon", "coordinates": [[[168.66042551968218, -45.03119789955839], [168.6602807423546, -45.03130039970761], [168.66014980480972, -45.03120740572194], [168.66013817587054, -45.03119914662292], [168.66026059622112, -45.0311124760023], [168.66028295443584, -45.031096646701805], [168.660411568022, -45.031187991130544], [168.66042551968218, -45.03119789955839]]]}, "properties": {"building_id": 5370351, "facet_count": 1, "obstruction_count": 3, "panel_count": 52, "kwp": 22.88, "ac_kwh_day_avg": 68.3, "ac_kwh_year": 24933.0, "facet_area_m2": 191.3, "avg_poa_kwh_m2": 1306.0}}, {"type": "Feature", "geometry": {"type": "Polygon", "coordinates": [[[168.6601755226768, -45.03142350867971], [168.66031502217956, -45.031324745161704], [168.6603207504826, -45.03132881425971], [168.66048585647076, -45.03144607449348], [168.66033910233622, -45.03153968389768], [168.66021715248002, -45.031453073339385], [168.6601755226768, -45.03142350867971]]]}, "properties": {"building_id": 5370352, "facet_count": 3, "obstruction_count": 11, "panel_count": 84, "kwp": 36.96, "ac_kwh_day_avg": 110.3, "ac_kwh_year": 40276.0, "facet_area_m2": 265.3, "avg_poa_kwh_m2": 1302.0}}, {"type": "Feature", "geometry": {"type": "Polygon", "coordinates": [[[168.66183801479306, -45.03321224022972], [168.6618219311545, -45.03322384639247], [168.66181734523266, -45.033227155594915], [168.66185469510927, -45.03325318015084], [168.66178861902537, -45.03330085819564], [168.66182655493657, -45.033327292145955], [168.66171968598414, -45.03340440667454], [168.6616776137036, -45.03337509128596], [168.66161210394554, -45.0334223613912], [168.66153105027558, -45.03336588439012], [168.66155991409738, -45.0333450579433], [168.66168979197042, -45.03325134118712], [168.66179017454007, -45.03317890746303], [168.66183801479306, -45.03321224022972]]]}, "properties": {"building_id": 5370360, "facet_count": 11, "obstruction_count": 1, "panel_count": 16, "kwp": 7.04, "ac_kwh_day_avg": 20.8, "ac_kwh_year": 7610.0, "facet_area_m2": 144.5, "avg_poa_kwh_m2": 1252.0}}, {"type": "Feature", "geometry": {"type": "Polygon", "coordinates": [[[168.65869056023058, -45.03216169774226], [168.65890704777027, -45.03238827921491], [168.65877162602797, -45.032453335654466], [168.65853196309286, -45.03220249870849], [168.65858339487303, -45.03217779036488], [168.6585944281132, -45.03218933783293], [168.65867841659195, -45.03214898815666], [168.65869056023058, -45.03216169774226]]]}, "properties": {"building_id": 5370367, "facet_count": 7, "obstruction_count": 11, "panel_count": 41, "kwp": 18.04, "ac_kwh_day_avg": 57.0, "ac_kwh_year": 20799.0, "facet_area_m2": 247.4, "avg_poa_kwh_m2": 1351.0}}, {"type": "Feature", "geometry": {"type": "Polygon", "coordinates": [[[168.6585006713384, -45.031706070983674], [168.65876817584063, -45.03157449193397], [168.65878001149832, -45.031586590254534], [168.65883922025648, -45.031647116306154], [168.6587014588113, -45.031714877748456], [168.65872255208583, -45.03173643948054], [168.65859280613088, -45.031800258968595], [168.6585006713384, -45.031706070983674]]]}, "properties": {"building_id": 5370369, "facet_count": 10, "obstruction_count": 3, "panel_count": 16, "kwp": 7.04, "ac_kwh_day_avg": 18.4, "ac_kwh_year": 6734.0, "facet_area_m2": 133.8, "avg_poa_kwh_m2": 1266.0}}, {"type": "Feature", "geometry": {"type": "Polygon", "coordinates": [[[168.6610921404222, -45.03094057786577], [168.66105850916335, -45.03093952544488], [168.66100101490727, -45.03089825246107], [168.66087204077584, -45.03098859292795], [168.66068294884366, -45.03085285024084], [168.66098477419783, -45.0306414365658], [168.6611504042716, -45.03076033613119], [168.6611283950181, -45.03077575309593], [168.661226699083, -45.03084632234439], [168.6610921404222, -45.03094057786577]]]}, "properties": {"building_id": 5370370, "facet_count": 2, "obstruction_count": 5, "panel_count": 222, "kwp": 97.68, "ac_kwh_day_avg": 291.6, "ac_kwh_year": 106443.0, "facet_area_m2": 685.2, "avg_poa_kwh_m2": 1306.0}}, {"type": "Feature", "geometry": {"type": "Polygon", "coordinates": [[[168.66138847830868, -45.03115330921543], [168.6612304730369, -45.03126398312272], [168.66097166034288, -45.03107819117877], [168.6611296668819, -45.030967516778105], [168.6611528615507, -45.03098416829481], [168.66136835134702, -45.03113886115147], [168.66138847830868, -45.03115330921543]]]}, "properties": {"building_id": 5370372, "facet_count": 2, "obstruction_count": 16, "panel_count": 151, "kwp": 66.44, "ac_kwh_day_avg": 206.2, "ac_kwh_year": 75264.0, "facet_area_m2": 466.3, "avg_poa_kwh_m2": 1339.0}}, {"type": "Feature", "geometry": {"type": "Polygon", "coordinates": [[[168.661345831132, -45.03134679314632], [168.66133105492474, -45.03133618640652], [168.6612304730369, -45.03126398312272], [168.66138847830868, -45.03115330921543], [168.6613892263623, -45.03115278497127], [168.66150458322136, -45.03123559478723], [168.661345831132, -45.03134679314632]]]}, "properties": {"building_id": 5370373, "facet_count": 4, "obstruction_count": 3, "panel_count": 21, "kwp": 9.24, "ac_kwh_day_avg": 27.6, "ac_kwh_year": 10069.0, "facet_area_m2": 100.4, "avg_poa_kwh_m2": 1287.0}}, {"type": "Feature", "geometry": {"type": "Polygon", "coordinates": [[[168.66192362233386, -45.03308261403222], [168.6617228068621, -45.03294268664318], [168.661746192859, -45.03292581234461], [168.66181656580795, -45.03287503196583], [168.66185981234506, -45.03290516615716], [168.66186833281265, -45.03289901806296], [168.66202590176525, -45.033008811084486], [168.66192362233386, -45.03308261403222]]]}, "properties": {"building_id": 5370374, "facet_count": 2, "obstruction_count": 4, "panel_count": 57, "kwp": 25.08, "ac_kwh_day_avg": 77.5, "ac_kwh_year": 28299.0, "facet_area_m2": 212.7, "avg_poa_kwh_m2": 1327.0}}, {"type": "Feature", "geometry": {"type": "Polygon", "coordinates": [[[168.6619936377053, -45.03316249276583], [168.66190303147675, -45.0330974721921], [168.66202590176525, -45.033008811084486], [168.66210205457676, -45.03306187314702], [168.66199657237524, -45.03313798748935], [168.6620123567421, -45.03314898538256], [168.6619936377053, -45.03316249276583]]]}, "properties": {"building_id": 5370376, "facet_count": 1, "obstruction_count": 3, "panel_count": 31, "kwp": 13.64, "ac_kwh_day_avg": 38.9, "ac_kwh_year": 14203.0, "facet_area_m2": 108.2, "avg_poa_kwh_m2": 1248.0}}, {"type": "Feature", "geometry": {"type": "Polygon", "coordinates": [[[168.66243880814758, -45.03293336726562], [168.6625381140398, -45.03300453880795], [168.66242927778367, -45.03308089680226], [168.66225046395712, -45.032952750279414], [168.66231855470483, -45.03290497849469], [168.66234533403264, -45.03288619067127], [168.66241382768183, -45.03293528108955], [168.6624278005021, -45.03292547861736], [168.66243880814758, -45.03293336726562]]]}, "properties": {"building_id": 5370379, "facet_count": 2, "obstruction_count": 3, "panel_count": 61, "kwp": 26.84, "ac_kwh_day_avg": 80.1, "ac_kwh_year": 29248.0, "facet_area_m2": 195.2, "avg_poa_kwh_m2": 1305.0}}, {"type": "Feature", "geometry": {"type": "Polygon", "coordinates": [[[168.66232979938027, -45.03300960607672], [168.66223971004632, -45.03307281165477], [168.66216037463448, -45.033015955795214], [168.66220501643798, -45.03298463567843], [168.66225046395712, -45.032952750279414], [168.66232979938027, -45.03300960607672]]]}, "properties": {"building_id": 5370380, "facet_count": 1, "obstruction_count": 5, "panel_count": 17, "kwp": 7.48, "ac_kwh_day_avg": 22.3, "ac_kwh_year": 8151.0, "facet_area_m2": 80.3, "avg_poa_kwh_m2": 1306.0}}, {"type": "Feature", "geometry": {"type": "Polygon", "coordinates": [[[168.6619384743772, -45.03106323945666], [168.66208878503497, -45.030954388984355], [168.6619830405699, -45.03088049918367], [168.66198329363925, -45.03088033476066], [168.66208882740156, -45.030803891428086], [168.66210333550006, -45.03081396485621], [168.66215610115208, -45.03077575419319], [168.66235746343034, -45.03091557112035], [168.66229484488923, -45.03096091721929], [168.66245644537824, -45.031073124353995], [168.66219929214918, -45.0312593469614], [168.6619403259261, -45.031079534046], [168.66192789350316, -45.031070901579454], [168.6619384743772, -45.03106323945666]]]}, "properties": {"building_id": 5370837, "facet_count": 21, "obstruction_count": 30, "panel_count": 111, "kwp": 48.84, "ac_kwh_day_avg": 153.4, "ac_kwh_year": 56005.0, "facet_area_m2": 846.0, "avg_poa_kwh_m2": 1357.0}}, {"type": "Feature", "geometry": {"type": "Polygon", "coordinates": [[[168.6625381140398, -45.03300453880795], [168.66243880814758, -45.03293336726562], [168.66258276525477, -45.032832367990544], [168.66257144817342, -45.032824256937204], [168.66273952390887, -45.03270633615099], [168.66269667096702, -45.032675626746276], [168.6627767294189, -45.032619457595736], [168.6629191715073, -45.03272153799854], [168.6628777479767, -45.03275060074656], [168.66288878454222, -45.03275851025586], [168.6625381140398, -45.03300453880795]]]}, "properties": {"building_id": 5371121, "facet_count": 3, "obstruction_count": 10, "panel_count": 42, "kwp": 18.48, "ac_kwh_day_avg": 55.2, "ac_kwh_year": 20138.0, "facet_area_m2": 204.4, "avg_poa_kwh_m2": 1328.0}}, {"type": "Feature", "geometry": {"type": "Polygon", "coordinates": [[[168.66252395249347, -45.03053907008435], [168.6624568882111, -45.03058677303722], [168.66247718165752, -45.03060111922119], [168.66253201648357, -45.03056211483606], [168.66256155108866, -45.030582994254424], [168.66256549967733, -45.03058018558047], [168.66284835113805, -45.030780142955415], [168.66284331175692, -45.03078372750784], [168.6628640284176, -45.03079837148491], [168.66275237707384, -45.030877788657484], [168.66244732928482, -45.030662140481276], [168.66246727076174, -45.03064795705366], [168.66242078537655, -45.03061509469048], [168.66240283760794, -45.03062786056164], [168.66223884557266, -45.03051192827011], [168.6622835251236, -45.03048014865604], [168.66227205834474, -45.030472042676976], [168.66235035906726, -45.030416349743604], [168.66252395249347, -45.03053907008435]]]}, "properties": {"building_id": 5371128, "facet_count": 9, "obstruction_count": 15, "panel_count": 149, "kwp": 65.56, "ac_kwh_day_avg": 184.1, "ac_kwh_year": 67205.0, "facet_area_m2": 546.9, "avg_poa_kwh_m2": 1234.0}}, {"type": "Feature", "geometry": {"type": "Polygon", "coordinates": [[[168.66241786233917, -45.02988254627925], [168.66238629756512, -45.02990617802114], [168.6623513139298, -45.02993169314133], [168.66232325797213, -45.02991234894777], [168.66224417828747, -45.02997002414623], [168.66222220665912, -45.02995487590122], [168.66216457360963, -45.02991348899661], [168.6622173214347, -45.029875018671646], [168.6621791393642, -45.02984869340192], [168.66227125592857, -45.029781510546194], [168.66241786233917, -45.02988254627925]]]}, "properties": {"building_id": 5371129, "facet_count": 6, "obstruction_count": 3, "panel_count": 11, "kwp": 4.84, "ac_kwh_day_avg": 14.0, "ac_kwh_year": 5122.0, "facet_area_m2": 84.0, "avg_poa_kwh_m2": 1319.0}}, {"type": "Feature", "geometry": {"type": "Polygon", "coordinates": [[[168.65956787462, -45.031254608940685], [168.65963401510598, -45.031300251029194], [168.65952539654185, -45.03137939432601], [168.65938330025344, -45.03128133496879], [168.6593339294693, -45.03124726413634], [168.65944894777516, -45.03116345688305], [168.6594947753092, -45.03119508195539], [168.6596012342174, -45.03111751370163], [168.65966109021224, -45.03115881971017], [168.65965912922917, -45.031188118241104], [168.65956787462, -45.031254608940685]]]}, "properties": {"building_id": 5372564, "facet_count": 7, "obstruction_count": 5, "panel_count": 55, "kwp": 24.2, "ac_kwh_day_avg": 72.7, "ac_kwh_year": 26523.0, "facet_area_m2": 234.3, "avg_poa_kwh_m2": 1327.0}}, {"type": "Feature", "geometry": {"type": "Polygon", "coordinates": [[[168.6608543149643, -45.03047450163823], [168.66062102828522, -45.03031405139334], [168.66069929615114, -45.030258700787854], [168.6607322618847, -45.03023538774092], [168.66096172384795, -45.03039854304276], [168.6608543149643, -45.03047450163823]]]}, "properties": {"building_id": 5372583, "facet_count": 8, "obstruction_count": 5, "panel_count": 34, "kwp": 14.96, "ac_kwh_day_avg": 42.4, "ac_kwh_year": 15482.0, "facet_area_m2": 205.6, "avg_poa_kwh_m2": 1263.0}}, {"type": "Feature", "geometry": {"type": "Polygon", "coordinates": [[[168.65956787462, -45.031254608940685], [168.65965912922917, -45.031188118241104], [168.65966109021224, -45.03115881971017], [168.6596012342174, -45.03111751370163], [168.65961383739184, -45.03110833006277], [168.65965927918955, -45.03103427337672], [168.6597000192246, -45.031062387447875], [168.65973670523576, -45.031035656996735], [168.65976966865853, -45.031058404164995], [168.65987526677048, -45.03113127593972], [168.6598549701485, -45.03114606472013], [168.65983084831723, -45.03116363976788], [168.65982130180953, -45.03115705146256], [168.65976986013482, -45.03119453368792], [168.65978355565352, -45.03120398414711], [168.65965775388315, -45.03129564847886], [168.65964296199454, -45.031306425835766], [168.65963401510598, -45.031300251029194], [168.65956787462, -45.031254608940685]]]}, "properties": {"building_id": 5372587, "facet_count": 5, "obstruction_count": 0, "panel_count": 57, "kwp": 25.08, "ac_kwh_day_avg": 74.8, "ac_kwh_year": 27294.0, "facet_area_m2": 251.7, "avg_poa_kwh_m2": 1296.0}}, {"type": "Feature", "geometry": {"type": "Polygon", "coordinates": [[[168.66149581420723, -45.0317932716925], [168.66148138134594, -45.03180351833852], [168.6614542651356, -45.03182276843774], [168.66142932629475, -45.031840472961306], [168.6613073536503, -45.0317540832554], [168.6613738402865, -45.03170688200913], [168.66149581420723, -45.0317932716925]]]}, "properties": {"building_id": 5372590, "facet_count": 2, "obstruction_count": 0, "panel_count": 16, "kwp": 7.04, "ac_kwh_day_avg": 21.0, "ac_kwh_year": 7672.0, "facet_area_m2": 66.2, "avg_poa_kwh_m2": 1288.0}}, {"type": "Feature", "geometry": {"type": "Polygon", "coordinates": [[[168.66149581420723, -45.0317932716925], [168.6613738402865, -45.03170688200913], [168.66143982231813, -45.03166003959748], [168.66145674505893, -45.031672025196904], [168.66156179624932, -45.0317464292107], [168.66149581420723, -45.0317932716925]]]}, "properties": {"building_id": 5372592, "facet_count": 3, "obstruction_count": 2, "panel_count": 9, "kwp": 3.96, "ac_kwh_day_avg": 11.2, "ac_kwh_year": 4073.0, "facet_area_m2": 63.5, "avg_poa_kwh_m2": 1246.0}}, {"type": "Feature", "geometry": {"type": "Polygon", "coordinates": [[[168.6608562809177, -45.03224348345604], [168.6606058197576, -45.03206356097974], [168.66063137044895, -45.03204567738694], [168.66065324940024, -45.03203036358228], [168.6606710625064, -45.0320178953263], [168.66092106864457, -45.03219748977281], [168.6608562809177, -45.03224348345604]]]}, "properties": {"building_id": 5372593, "facet_count": 9, "obstruction_count": 1, "panel_count": 12, "kwp": 5.28, "ac_kwh_day_avg": 16.7, "ac_kwh_year": 6103.0, "facet_area_m2": 97.6, "avg_poa_kwh_m2": 1308.0}}, {"type": "Feature", "geometry": {"type": "Polygon", "coordinates": [[[168.66029523760625, -45.032528082411446], [168.6604742556376, -45.03238592806499], [168.66056440423654, -45.032450688137686], [168.66037988388126, -45.032581679636095], [168.660313088019, -45.03253938514702], [168.66029523760625, -45.032528082411446]]]}, "properties": {"building_id": 5372595, "facet_count": 4, "obstruction_count": 0, "panel_count": 24, "kwp": 10.56, "ac_kwh_day_avg": 31.5, "ac_kwh_year": 11507.0, "facet_area_m2": 133.1, "avg_poa_kwh_m2": 1320.0}}, {"type": "Feature", "geometry": {"type": "Polygon", "coordinates": [[[168.66016796625422, -45.032447494922025], [168.66035415255536, -45.03229964902172], [168.6604742556376, -45.03238592806499], [168.66029523760625, -45.032528082411446], [168.66019932767165, -45.03246735257335], [168.66016796625422, -45.032447494922025]]]}, "properties": {"building_id": 5372596, "facet_count": 11, "obstruction_count": 2, "panel_count": 22, "kwp": 9.68, "ac_kwh_day_avg": 31.3, "ac_kwh_year": 11407.0, "facet_area_m2": 145.2, "avg_poa_kwh_m2": 1359.0}}, {"type": "Feature", "geometry": {"type": "Polygon", "coordinates": [[[168.66006949077874, -45.032385140574284], [168.66025979571862, -45.032251943797455], [168.6602721801527, -45.03226084107507], [168.66028633639823, -45.03225093242528], [168.66035415255536, -45.03229964902172], [168.66016796625422, -45.032447494922025], [168.66006949077874, -45.032385140574284]]]}, "properties": {"building_id": 5372597, "facet_count": 4, "obstruction_count": 1, "panel_count": 18, "kwp": 7.92, "ac_kwh_day_avg": 23.4, "ac_kwh_year": 8545.0, "facet_area_m2": 122.0, "avg_poa_kwh_m2": 1284.0}}, {"type": "Feature", "geometry": {"type": "Polygon", "coordinates": [[[168.65987173251457, -45.0322599192812], [168.66011641670005, -45.032088663677044], [168.66015959717922, -45.032119684490375], [168.66027300641073, -45.03220115663273], [168.66023050567998, -45.03223090295836], [168.66024643963001, -45.03224234878611], [168.66025979571862, -45.032251943797455], [168.66006949077874, -45.032385140574284], [168.65987173251457, -45.0322599192812]]]}, "properties": {"building_id": 5372598, "facet_count": 3, "obstruction_count": 0, "panel_count": 29, "kwp": 12.76, "ac_kwh_day_avg": 38.1, "ac_kwh_year": 13905.0, "facet_area_m2": 129.6, "avg_poa_kwh_m2": 1298.0}}, {"type": "Feature", "geometry": {"type": "Polygon", "coordinates": [[[168.66061009372243, -45.032204630416196], [168.6605333395797, -45.03225835109223], [168.66045162549077, -45.03219964900928], [168.66047202854116, -45.032185369181654], [168.66048186683125, -45.03217848279448], [168.66043231566746, -45.03214288605448], [168.6604778848284, -45.0321109906906], [168.6605021536402, -45.03212818013631], [168.66061009372243, -45.032204630416196]]]}, "properties": {"building_id": 5372599, "facet_count": 2, "obstruction_count": 2, "panel_count": 10, "kwp": 4.4, "ac_kwh_day_avg": 13.1, "ac_kwh_year": 4795.0, "facet_area_m2": 70.4, "avg_poa_kwh_m2": 1312.0}}, {"type": "Feature", "geometry": {"type": "Polygon", "coordinates": [[[168.66086831057845, -45.03206649594558], [168.66094003015994, -45.03201558102928], [168.66105880743166, -45.03209970704421], [168.66100247471846, -45.03213969881655], [168.66098708783917, -45.032150622034784], [168.6608964340637, -45.03208641378634], [168.66086831057845, -45.03206649594558]]]}, "properties": {"building_id": 5372600, "facet_count": 1, "obstruction_count": 6, "panel_count": 19, "kwp": 8.36, "ac_kwh_day_avg": 23.6, "ac_kwh_year": 8629.0, "facet_area_m2": 74.4, "avg_poa_kwh_m2": 1237.0}}, {"type": "Feature", "geometry": {"type": "Polygon", "coordinates": [[[168.6608513703532, -45.03280835383548], [168.66087384173957, -45.03282458989186], [168.66087925224545, -45.032828499232586], [168.66088246243527, -45.032830818796974], [168.6607839110885, -45.03289939840303], [168.66079975384844, -45.0329108451821], [168.660738279591, -45.032953623425534], [168.66072642707448, -45.03294505881415], [168.66068849085377, -45.03291764957797], [168.66064116832618, -45.032950579208475], [168.6603564827663, -45.03274488434802], [168.66055000092862, -45.0326102187839], [168.6608375429575, -45.03281797621056], [168.6608513703532, -45.03280835383548]]]}, "properties": {"building_id": 5372604, "facet_count": 4, "obstruction_count": 1, "panel_count": 24, "kwp": 10.56, "ac_kwh_day_avg": 31.5, "ac_kwh_year": 11507.0, "facet_area_m2": 144.1, "avg_poa_kwh_m2": 1315.0}}, {"type": "Feature", "geometry": {"type": "Polygon", "coordinates": [[[168.66212798992288, -45.03188563767847], [168.66211663208964, -45.031893583516855], [168.66194473863374, -45.03177003337398], [168.66212168828875, -45.0316462471001], [168.66216480581002, -45.03167723775022], [168.6621975171642, -45.031654353892606], [168.66228170423727, -45.03171486459097], [168.66226294443516, -45.03172798841977], [168.66234407355392, -45.03178630056355], [168.66235284107714, -45.03179260245911], [168.6623282260938, -45.03180982259916], [168.66233662522168, -45.03181585932412], [168.66218169675955, -45.03192424002469], [168.66216617834866, -45.031913086640024], [168.66212798992288, -45.03188563767847]]]}, "properties": {"building_id": 5372608, "facet_count": 1, "obstruction_count": 9, "panel_count": 180, "kwp": 79.2, "ac_kwh_day_avg": 236.5, "ac_kwh_year": 86305.0, "facet_area_m2": 487.5, "avg_poa_kwh_m2": 1306.0}}, {"type": "Feature", "geometry": {"type": "Polygon", "coordinates": [[[168.6609756151605, -45.03244831922115], [168.66084035200308, -45.03254244859546], [168.6607456824271, -45.03247404730712], [168.66088094682746, -45.03237991809241], [168.6609756151605, -45.03244831922115]]]}, "properties": {"building_id": 5372609, "facet_count": 5, "obstruction_count": 0, "panel_count": 11, "kwp": 4.84, "ac_kwh_day_avg": 16.4, "ac_kwh_year": 6004.0, "facet_area_m2": 57.2, "avg_poa_kwh_m2": 1453.0}}, {"type": "Feature", "geometry": {"type": "Polygon", "coordinates": [[[168.6613404993981, -45.03239001838709], [168.6611071236282, -45.03222139837773], [168.66120594529855, -45.03215263073568], [168.66143931991178, -45.03232124959858], [168.66141065650456, -45.03234119605717], [168.66136009976728, -45.032376378489545], [168.6613404993981, -45.03239001838709]]]}, "properties": {"building_id": 5372637, "facet_count": 7, "obstruction_count": 9, "panel_count": 23, "kwp": 10.12, "ac_kwh_day_avg": 30.7, "ac_kwh_year": 11223.0, "facet_area_m2": 159.2, "avg_poa_kwh_m2": 1325.0}}, {"type": "Feature", "geometry": {"type": "Polygon", "coordinates": [[[168.66133300435615, -45.032479082357035], [168.66104051248018, -45.03226775124863], [168.66104745957375, -45.03226291701485], [168.6611071236282, -45.03222139837773], [168.6613404993981, -45.03239001838709], [168.66129448286375, -45.0324220410985], [168.6613535990678, -45.032464751154095], [168.66133300435615, -45.032479082357035]]]}, "properties": {"building_id": 5372638, "facet_count": 8, "obstruction_count": 1, "panel_count": 3, "kwp": 1.32, "ac_kwh_day_avg": 3.3, "ac_kwh_year": 1197.0, "facet_area_m2": 66.8, "avg_poa_kwh_m2": 1141.0}}, {"type": "Feature", "geometry": {"type": "Polygon", "coordinates": [[[168.66190303147675, -45.0330974721921], [168.6619936377053, -45.03316249276583], [168.66197246545448, -45.03317777034064], [168.66195763257926, -45.03316743518506], [168.66186728016046, -45.03323263157681], [168.66183801479306, -45.03321224022972], [168.66179017454007, -45.03317890746303], [168.66190303147675, -45.0330974721921]]]}, "properties": {"building_id": 5372786, "facet_count": 2, "obstruction_count": 4, "panel_count": 26, "kwp": 11.44, "ac_kwh_day_avg": 32.4, "ac_kwh_year": 11811.0, "facet_area_m2": 99.0, "avg_poa_kwh_m2": 1235.0}}, {"type": "Feature", "geometry": {"type": "Polygon", "coordinates": [[[168.66203081442475, -45.03281316419627], [168.66190646095498, -45.03272258589068], [168.6619827351169, -45.03266907318798], [168.66210811712963, -45.032758929812175], [168.66203081442475, -45.03281316419627]]]}, "properties": {"building_id": 5372787, "facet_count": 2, "obstruction_count": 5, "panel_count": 23, "kwp": 10.12, "ac_kwh_day_avg": 30.2, "ac_kwh_year": 11028.0, "facet_area_m2": 98.3, "avg_poa_kwh_m2": 1316.0}}, {"type": "Feature", "geometry": {"type": "Polygon", "coordinates": [[[168.66238629756512, -45.02990617802114], [168.66241786233917, -45.02988254627925], [168.66245196250432, -45.02985722532671], [168.66247782633144, -45.029874740552046], [168.6624485954243, -45.02989644486717], [168.66245359464025, -45.02989983072792], [168.66241701729746, -45.02992698555299], [168.66238629756512, -45.02990617802114]]]}, "properties": {"building_id": 5373532, "facet_count": 1, "obstruction_count": 0, "panel_count": 3, "kwp": 1.32, "ac_kwh_day_avg": 4.2, "ac_kwh_year": 1522.0, "facet_area_m2": 18.5, "avg_poa_kwh_m2": 1382.0}}, {"type": "Feature", "geometry": {"type": "Polygon", "coordinates": [[[168.66140528839165, -45.0305426056912], [168.66150399920002, -45.03047272896231], [168.66160255849604, -45.03054298912869], [168.6613923777663, -45.03069190140844], [168.66129372058012, -45.03062339830074], [168.66140528839165, -45.0305426056912]]]}, "properties": {"building_id": 4679035, "facet_count": 2, "obstruction_count": 9, "panel_count": 40, "kwp": 17.6, "ac_kwh_day_avg": 43.6, "ac_kwh_year": 15913.0, "facet_area_m2": 147.6, "avg_poa_kwh_m2": 1108.0}}, {"type": "Feature", "geometry": {"type": "Polygon", "coordinates": [[[168.66213128217052, -45.03433348967543], [168.66216412932235, -45.03435670646285], [168.6621289701146, -45.03438171569094], [168.66209608955322, -45.034358475124385], [168.66204642617814, -45.03435839999964], [168.6620113838132, -45.034333446548], [168.66201148979752, -45.034298232181314], [168.66201492913348, -45.0342958038656], [168.6619848723202, -45.034272681317425], [168.66201618213094, -45.03425221886452], [168.6620451250058, -45.03427448429702], [168.66204668199478, -45.034273384995956], [168.66209634529613, -45.03427346011779], [168.66213138766534, -45.0342984135435], [168.66213128217052, -45.03433348967543]]]}, "properties": {"building_id": 4726046, "facet_count": 5, "obstruction_count": 1, "panel_count": 1, "kwp": 0.44, "ac_kwh_day_avg": 1.4, "ac_kwh_year": 527.0, "facet_area_m2": 34.2, "avg_poa_kwh_m2": 1313.0}}, {"type": "Feature", "geometry": {"type": "Polygon", "coordinates": [[[168.66200902258254, -45.033256116117826], [168.66209248481212, -45.03331608265473], [168.6620799911531, -45.033324824240744], [168.66209789779438, -45.03333768976399], [168.66199835235213, -45.033407350625964], [168.66187679512626, -45.0333200150492], [168.66197783530149, -45.03324930754544], [168.66199099190473, -45.03325876063225], [168.66200199094482, -45.033251064008155], [168.66200902258254, -45.033256116117826]]]}, "properties": {"building_id": 4726052, "facet_count": 1, "obstruction_count": 1, "panel_count": 28, "kwp": 12.32, "ac_kwh_day_avg": 36.8, "ac_kwh_year": 13425.0, "facet_area_m2": 133.2, "avg_poa_kwh_m2": 1306.0}}, {"type": "Feature", "geometry": {"type": "Polygon", "coordinates": [[[168.66189244634907, -45.03339345316156], [168.66192862345463, -45.033419274626496], [168.66190172896856, -45.033438220002495], [168.66191848304487, -45.03345017750786], [168.66180887456068, -45.033527389502694], [168.66173647204138, -45.03347571404032], [168.6618181212452, -45.033418197314006], [168.6618005542423, -45.03340565883909], [168.66182347661265, -45.033389511337234], [168.66189244634907, -45.03339345316156]]]}, "properties": {"building_id": 4726054, "facet_count": 5, "obstruction_count": 1, "panel_count": 13, "kwp": 5.72, "ac_kwh_day_avg": 16.7, "ac_kwh_year": 6081.0, "facet_area_m2": 84.1, "avg_poa_kwh_m2": 1216.0}}, {"type": "Feature", "geometry": {"type": "Polygon", "coordinates": [[[168.661167721279, -45.03295523711038], [168.66098895811578, -45.03283280223252], [168.66104535380404, -45.032791401368236], [168.6609969340532, -45.032758237947945], [168.66113427472743, -45.03265741353889], [168.66112238520503, -45.03264927064929], [168.66118103088507, -45.03260621709502], [168.6611982562703, -45.03261801440973], [168.66129361098018, -45.03254801289527], [168.66152891797609, -45.03270917323193], [168.66142923619657, -45.03278235175235], [168.66143587802478, -45.03278690025777], [168.6613686186206, -45.032836276688485], [168.66135908862898, -45.03282974945469], [168.66128561473775, -45.032883688210276], [168.66129439038883, -45.03288969883488], [168.66124016161038, -45.03292950974967], [168.6612208155494, -45.03291625983179], [168.661167721279, -45.03295523711038]]]}, "properties": {"building_id": 4726056, "facet_count": 3, "obstruction_count": 16, "panel_count": 223, "kwp": 98.12, "ac_kwh_day_avg": 292.9, "ac_kwh_year": 106922.0, "facet_area_m2": 815.6, "avg_poa_kwh_m2": 1307.0}}, {"type": "Feature", "geometry": {"type": "Polygon", "coordinates": [[[168.6602893715918, -45.03033504578454], [168.66009979520152, -45.030208680759024], [168.66021789888242, -45.03012839291016], [168.66040312971785, -45.030261215899216], [168.6603074252126, -45.03033341152641], [168.6602978054841, -45.03034066809679], [168.6602893715918, -45.03033504578454]]]}, "properties": {"building_id": 4734678, "facet_count": 5, "obstruction_count": 6, "panel_count": 58, "kwp": 25.52, "ac_kwh_day_avg": 76.2, "ac_kwh_year": 27809.0, "facet_area_m2": 217.0, "avg_poa_kwh_m2": 1309.0}}, {"type": "Feature", "geometry": {"type": "Polygon", "coordinates": [[[168.66001030533837, -45.03130616903904], [168.6601755226768, -45.03142350867971], [168.66021715248002, -45.031453073339385], [168.66033910233622, -45.03153968389768], [168.66020034591256, -45.03162819106422], [168.6601477711791, -45.03158674667364], [168.66010713873956, -45.0316126644629], [168.66015851425436, -45.03165316392468], [168.66013300438956, -45.031669435825584], [168.66011702006102, -45.03167963133079], [168.66009937731133, -45.03166572411876], [168.65981232104573, -45.03143943848532], [168.65998864379924, -45.03131460634539], [168.6599977968113, -45.031315025055484], [168.66001030533837, -45.03130616903904]], [[168.6601820971336, -45.03150819590772], [168.66016137247388, -45.03149356283999], [168.66017178785467, -45.03148614573419], [168.66011778310906, -45.0314480135952], [168.66003334220304, -45.03150814679081], [168.66008804232985, -45.031546769043274], [168.66010471878755, -45.03153489313356], [168.66012479614412, -45.03154900466182], [168.6601820971336, -45.03150819590772]]]}, "properties": {"building_id": 4734679, "facet_count": 7, "obstruction_count": 9, "panel_count": 78, "kwp": 34.32, "ac_kwh_day_avg": 102.4, "ac_kwh_year": 37375.0, "facet_area_m2": 435.4, "avg_poa_kwh_m2": 1303.0}}, {"type": "Feature", "geometry": {"type": "Polygon", "coordinates": [[[168.66143931991178, -45.03232124959858], [168.66120594529855, -45.03215263073568], [168.66131731003645, -45.03207513418871], [168.6616026616521, -45.03228130839711], [168.66149129938907, -45.032358805316946], [168.66143931991178, -45.03232124959858]]]}, "properties": {"building_id": 4734684, "facet_count": 3, "obstruction_count": 13, "panel_count": 72, "kwp": 31.68, "ac_kwh_day_avg": 95.7, "ac_kwh_year": 34942.0, "facet_area_m2": 300.3, "avg_poa_kwh_m2": 1336.0}}, {"type": "Feature", "geometry": {"type": "Polygon", "coordinates": [[[168.66177863631302, -45.02970647878294], [168.66176003368858, -45.02965574362562], [168.6617300794976, -45.029661265907116], [168.66171035424813, -45.02960746787755], [168.6618793578221, -45.029576307965456], [168.66189521618037, -45.029619559804985], [168.66187775506057, -45.029622778694716], [168.66190022476107, -45.02968406090079], [168.66177863631302, -45.02970647878294]]]}, "properties": {"building_id": 4734696, "facet_count": 7, "obstruction_count": 1, "panel_count": 14, "kwp": 6.16, "ac_kwh_day_avg": 18.7, "ac_kwh_year": 6843.0, "facet_area_m2": 79.2, "avg_poa_kwh_m2": 1222.0}}, {"type": "Feature", "geometry": {"type": "Polygon", "coordinates": [[[168.65905138462728, -45.03222762078248], [168.6590281989381, -45.032238759843736], [168.65885656325446, -45.03205911950842], [168.65888297001524, -45.03204643330153], [168.65889849204726, -45.03203897674579], [168.65888940773024, -45.0320294704452], [168.65913255498464, -45.03191265952605], [168.65926647994797, -45.031995054382264], [168.65924287256942, -45.032006684236215], [168.6594243251692, -45.03211831758246], [168.65910183460215, -45.032273247162564], [168.65909713526725, -45.03227550501548], [168.65905138462728, -45.03222762078248]]]}, "properties": {"building_id": 4734769, "facet_count": 6, "obstruction_count": 41, "panel_count": 219, "kwp": 96.36, "ac_kwh_day_avg": 287.7, "ac_kwh_year": 105004.0, "facet_area_m2": 765.4, "avg_poa_kwh_m2": 1304.0}}, {"type": "Feature", "geometry": {"type": "Polygon", "coordinates": [[[168.66255783783666, -45.03009060293104], [168.66261996194226, -45.03004539990465], [168.66267058963263, -45.03008038762139], [168.66264543928335, -45.030098688393636], [168.66266320488663, -45.03009830846882], [168.66267129781966, -45.03012516481726], [168.6626786953098, -45.03013027671737], [168.66267205478667, -45.03015753744959], [168.6627111738884, -45.03018457064934], [168.66261763079967, -45.030252635776534], [168.66257100085917, -45.030220411609214], [168.66258210289803, -45.0302123344654], [168.6625553552062, -45.030193850282274], [168.66254536404955, -45.03020112081544], [168.66245850533886, -45.03014109646647], [168.66249335932045, -45.03011573571366], [168.66254258120347, -45.03011602167724], [168.6625426818037, -45.03010732786882], [168.6625576446702, -45.030107414732], [168.66255783783666, -45.03009060293104]]]}, "properties": {"building_id": 4734780, "facet_count": 7, "obstruction_count": 7, "panel_count": 31, "kwp": 13.64, "ac_kwh_day_avg": 39.0, "ac_kwh_year": 14243.0, "facet_area_m2": 177.1, "avg_poa_kwh_m2": 1247.0}}, {"type": "Feature", "geometry": {"type": "Polygon", "coordinates": [[[168.65946850492395, -45.03245478414799], [168.65964718094787, -45.032287682819984], [168.65974018781571, -45.03234298246407], [168.65958857178492, -45.03249172423889], [168.65957640742766, -45.03250365846012], [168.65947518732492, -45.032460353328176], [168.65946850492395, -45.03245478414799]]]}, "properties": {"building_id": 4734914, "facet_count": 5, "obstruction_count": 4, "panel_count": 46, "kwp": 20.24, "ac_kwh_day_avg": 59.1, "ac_kwh_year": 21565.0, "facet_area_m2": 190.8, "avg_poa_kwh_m2": 1284.0}}, {"type": "Feature", "geometry": {"type": "Polygon", "coordinates": [[[168.66105880743166, -45.03209970704421], [168.66077276130798, -45.031897109388154], [168.6608624562295, -45.03183433014731], [168.661147871089, -45.032036479560325], [168.66109106087936, -45.03207681057667], [168.66105880743166, -45.03209970704421]]]}, "properties": {"building_id": 4734921, "facet_count": 5, "obstruction_count": 1, "panel_count": 63, "kwp": 27.72, "ac_kwh_day_avg": 68.8, "ac_kwh_year": 25101.0, "facet_area_m2": 239.2, "avg_poa_kwh_m2": 1099.0}}, {"type": "Feature", "geometry": {"type": "Polygon", "coordinates": [[[168.6611034354778, -45.03029832523109], [168.66087218698783, -45.03013390045358], [168.66089219861703, -45.03011974877852], [168.661000046905, -45.03004347795956], [168.66107780735783, -45.03009876867492], [168.66113480148965, -45.03005846266421], [168.66128828824634, -45.030167597241835], [168.6611034354778, -45.03029832523109]]]}, "properties": {"building_id": 4734932, "facet_count": 4, "obstruction_count": 10, "panel_count": 67, "kwp": 29.48, "ac_kwh_day_avg": 92.3, "ac_kwh_year": 33695.0, "facet_area_m2": 329.8, "avg_poa_kwh_m2": 1359.0}}, {"type": "Feature", "geometry": {"type": "Polygon", "coordinates": [[[168.65976336999884, -45.03071769446353], [168.65976387657636, -45.030717324870096], [168.65986717843342, -45.03064205136511], [168.6599379028454, -45.030590518562306], [168.65997318123684, -45.03061486343311], [168.66000470163308, -45.03063661489268], [168.65988180910801, -45.030726160472966], [168.6598981887958, -45.03073746398897], [168.6599081152893, -45.03074431430834], [168.65984739920063, -45.030788554046055], [168.65979312182006, -45.03075041226993], [168.659805405515, -45.03073122973677], [168.65976336999884, -45.03071769446353]]]}, "properties": {"building_id": 4734936, "facet_count": 4, "obstruction_count": 0, "panel_count": 11, "kwp": 4.84, "ac_kwh_day_avg": 16.0, "ac_kwh_year": 5829.0, "facet_area_m2": 65.8, "avg_poa_kwh_m2": 1323.0}}, {"type": "Feature", "geometry": {"type": "Polygon", "coordinates": [[[168.65937573959985, -45.03174852382099], [168.65956279442247, -45.03188137351183], [168.65963930901844, -45.03196464517869], [168.65965238268126, -45.03197887268741], [168.6595285922426, -45.03205783166023], [168.65926499257878, -45.03189432409827], [168.65926534946647, -45.031814483637774], [168.6593671428976, -45.03174241814042], [168.65937573959985, -45.03174852382099]]]}, "properties": {"building_id": 4734993, "facet_count": 4, "obstruction_count": 21, "panel_count": 146, "kwp": 64.24, "ac_kwh_day_avg": 191.8, "ac_kwh_year": 70003.0, "facet_area_m2": 478.1, "avg_poa_kwh_m2": 1303.0}}, {"type": "Feature", "geometry": {"type": "Polygon", "coordinates": [[[168.65984972829892, -45.031834856144236], [168.65971700045378, -45.03173022605537], [168.65979329427054, -45.03168156187226], [168.65982795307696, -45.03170888262764], [168.65984797258898, -45.031696113229884], [168.6599391067015, -45.031767953512855], [168.65995927829113, -45.03178385553511], [168.6598903838237, -45.03182779920633], [168.65986296364366, -45.031845289182975], [168.65984972829892, -45.031834856144236]]]}, "properties": {"building_id": 4734994, "facet_count": 5, "obstruction_count": 4, "panel_count": 11, "kwp": 4.84, "ac_kwh_day_avg": 15.5, "ac_kwh_year": 5653.0, "facet_area_m2": 92.8, "avg_poa_kwh_m2": 1312.0}}, {"type": "Feature", "geometry": {"type": "Polygon", "coordinates": [[[168.6637159014263, -45.03018683214798], [168.66360292748766, -45.03025738608563], [168.66359201951062, -45.03024860385073], [168.66351490856724, -45.03029676150334], [168.66340299238587, -45.03020664905249], [168.66351970654836, -45.03013375938085], [168.6635437444392, -45.03015311335305], [168.66361711506582, -45.03010729161279], [168.6637159014263, -45.03018683214798]]]}, "properties": {"building_id": 4735033, "facet_count": 5, "obstruction_count": 3, "panel_count": 53, "kwp": 23.32, "ac_kwh_day_avg": 68.4, "ac_kwh_year": 24958.0, "facet_area_m2": 197.8, "avg_poa_kwh_m2": 1252.0}}, {"type": "Feature", "geometry": {"type": "Polygon", "coordinates": [[[168.6624158290207, -45.03008728755739], [168.66240669294112, -45.030094235800995], [168.66240216065486, -45.03009123819618], [168.6623991011849, -45.03008913973962], [168.6623595504421, -45.030062012302885], [168.66235066595988, -45.030068524265765], [168.66232043476225, -45.03004777958971], [168.66233075452288, -45.030040218720224], [168.66230005419342, -45.0300191444946], [168.66242593221963, -45.02992694000903], [168.66246849509508, -45.02995615929084], [168.66245481983125, -45.029966175902], [168.66248541555055, -45.02998718065363], [168.66248585928656, -45.03000745271582], [168.6625060552258, -45.03002134865986], [168.66241710025474, -45.030086358518815], [168.6624158290207, -45.03008728755739]]]}, "properties": {"building_id": 4735045, "facet_count": 7, "obstruction_count": 2, "panel_count": 5, "kwp": 2.2, "ac_kwh_day_avg": 6.7, "ac_kwh_year": 2445.0, "facet_area_m2": 63.8, "avg_poa_kwh_m2": 1303.0}}, {"type": "Feature", "geometry": {"type": "Polygon", "coordinates": [[[168.66290833228047, -45.02973146048377], [168.66292894834157, -45.02974826828028], [168.66283427198476, -45.02980666203558], [168.66275770973652, -45.029744242698584], [168.6628860142242, -45.02966510627511], [168.66294196172086, -45.02971071778539], [168.66290833228047, -45.02973146048377]]]}, "properties": {"building_id": 4735064, "facet_count": 6, "obstruction_count": 1, "panel_count": 4, "kwp": 1.76, "ac_kwh_day_avg": 6.0, "ac_kwh_year": 2175.0, "facet_area_m2": 52.3, "avg_poa_kwh_m2": 1350.0}}, {"type": "Feature", "geometry": {"type": "Polygon", "coordinates": [[[168.66165053991764, -45.029857999859125], [168.6615076607382, -45.029758207492115], [168.66158936271907, -45.02969938584779], [168.66173224190962, -45.029799178112846], [168.66165053991764, -45.029857999859125]]]}, "properties": {"building_id": 4735073, "facet_count": 2, "obstruction_count": 3, "panel_count": 33, "kwp": 14.52, "ac_kwh_day_avg": 40.6, "ac_kwh_year": 14823.0, "facet_area_m2": 133.3, "avg_poa_kwh_m2": 1240.0}}, {"type": "Feature", "geometry": {"type": "Polygon", "coordinates": [[[168.65837141654654, -45.03020806933564], [168.6584273500712, -45.030177837022066], [168.65844520492277, -45.03019444684303], [168.65850202790884, -45.030163733461734], [168.65871522136857, -45.03036206973509], [168.6586159248601, -45.03041574075071], [168.6584978177311, -45.03030586435085], [168.65848435753819, -45.03031313922847], [168.65837141654654, -45.03020806933564]]]}, "properties": {"building_id": 4735085, "facet_count": 6, "obstruction_count": 6, "panel_count": 46, "kwp": 20.24, "ac_kwh_day_avg": 56.6, "ac_kwh_year": 20652.0, "facet_area_m2": 217.2, "avg_poa_kwh_m2": 1216.0}}, {"type": "Feature", "geometry": {"type": "Polygon", "coordinates": [[[168.6590771847701, -45.030215719055526], [168.65903693682338, -45.0301875388812], [168.65911326855675, -45.03013272109381], [168.65913677638207, -45.03014918150625], [168.65915988571788, -45.030132585261875], [168.65924206088934, -45.03019012299299], [168.65914142912604, -45.03026239105814], [168.6591314075188, -45.03025537411497], [168.65910694089266, -45.03027294488152], [168.6590515273254, -45.03023414555114], [168.6590771847701, -45.030215719055526]]]}, "properties": {"building_id": 4735095, "facet_count": 5, "obstruction_count": 5, "panel_count": 25, "kwp": 11.0, "ac_kwh_day_avg": 33.8, "ac_kwh_year": 12323.0, "facet_area_m2": 121.0, "avg_poa_kwh_m2": 1288.0}}, {"type": "Feature", "geometry": {"type": "Polygon", "coordinates": [[[168.65901414168061, -45.03001701465193], [168.6590013490798, -45.03000821871594], [168.6590528376077, -45.02997056218252], [168.6591334256461, -45.03002597091392], [168.65906450552896, -45.03007637557742], [168.65907865204113, -45.03008610165203], [168.6589946385742, -45.030147543932294], [168.65894805680432, -45.03011551635252], [168.65898077927915, -45.03009158512086], [168.6589711166674, -45.03008494101102], [168.65898052794202, -45.03007805829485], [168.65895483171374, -45.03006039017045], [168.65901414168061, -45.03001701465193]]]}, "properties": {"building_id": 4735099, "facet_count": 3, "obstruction_count": 3, "panel_count": 7, "kwp": 3.08, "ac_kwh_day_avg": 9.1, "ac_kwh_year": 3339.0, "facet_area_m2": 71.8, "avg_poa_kwh_m2": 1302.0}}, {"type": "Feature", "geometry": {"type": "Polygon", "coordinates": [[[168.65983752794241, -45.03054774283236], [168.6599173632188, -45.03060283608231], [168.65991922954882, -45.03060412419984], [168.65986717843342, -45.03064205136511], [168.65985986513087, -45.030637003700406], [168.65985332382374, -45.030632490436055], [168.65979018518934, -45.030678496796035], [168.6597223382661, -45.030631675385344], [168.65983752794241, -45.03054774283236]]]}, "properties": {"building_id": 4735106, "facet_count": 2, "obstruction_count": 0, "panel_count": 2, "kwp": 0.88, "ac_kwh_day_avg": 3.0, "ac_kwh_year": 1102.0, "facet_area_m2": 14.5, "avg_poa_kwh_m2": 1447.0}}, {"type": "Feature", "geometry": {"type": "Polygon", "coordinates": [[[168.65884651358434, -45.03007427508463], [168.6587643040434, -45.03001297476351], [168.65885617893633, -45.029951017378984], [168.65893838976248, -45.03001231768283], [168.65884651358434, -45.03007427508463]]]}, "properties": {"building_id": 4735113, "facet_count": 2, "obstruction_count": 1, "panel_count": 26, "kwp": 11.44, "ac_kwh_day_avg": 33.7, "ac_kwh_year": 12315.0, "facet_area_m2": 89.4, "avg_poa_kwh_m2": 1260.0}}, {"type": "Feature", "geometry": {"type": "Polygon", "coordinates": [[[168.65876993952617, -45.02930032884284], [168.65869107045597, -45.02935853980324], [168.65846936118953, -45.02920748567656], [168.65854823025393, -45.029149274869255], [168.65876993952617, -45.02930032884284]]]}, "properties": {"building_id": 4735132, "facet_count": 2, "obstruction_count": 8, "panel_count": 56, "kwp": 24.64, "ac_kwh_day_avg": 78.0, "ac_kwh_year": 28454.0, "facet_area_m2": 205.0, "avg_poa_kwh_m2": 1339.0}}, {"type": "Feature", "geometry": {"type": "Polygon", "coordinates": [[[168.66193052372404, -45.032431007770974], [168.66168523693258, -45.032255644221124], [168.66169375828832, -45.03224965100621], [168.6618220810306, -45.03215940184827], [168.66187111181614, -45.032194455166795], [168.66208880637498, -45.03235009113101], [168.66195196095538, -45.032446333773606], [168.66193052372404, -45.032431007770974]]]}, "properties": {"building_id": 4735215, "facet_count": 9, "obstruction_count": 0, "panel_count": 80, "kwp": 35.2, "ac_kwh_day_avg": 105.3, "ac_kwh_year": 38430.0, "facet_area_m2": 312.4, "avg_poa_kwh_m2": 1301.0}}, {"type": "Feature", "geometry": {"type": "Polygon", "coordinates": [[[168.6583954556572, -45.03140664098167], [168.65843935112972, -45.03138504927375], [168.65842421304308, -45.031369573647694], [168.65852634898107, -45.03131933535115], [168.65855630601897, -45.03134995845251], [168.6585235542612, -45.03136606849393], [168.65854734906057, -45.031390392314215], [168.65843406807417, -45.03144611228263], [168.6584316172894, -45.03144360732785], [168.6583954556572, -45.03140664098167]]]}, "properties": {"building_id": 4735221, "facet_count": 4, "obstruction_count": 2, "panel_count": 8, "kwp": 3.52, "ac_kwh_day_avg": 6.4, "ac_kwh_year": 2321.0, "facet_area_m2": 47.7, "avg_poa_kwh_m2": 898.0}}, {"type": "Feature", "geometry": {"type": "Polygon", "coordinates": [[[168.65843979246452, -45.03166434552546], [168.65867527933187, -45.031905069326456], [168.65846734083533, -45.032007349047745], [168.65818410238234, -45.03171780973671], [168.6583920401874, -45.03161553140582], [168.65843979246452, -45.03166434552546]]]}, "properties": {"building_id": 4735222, "facet_count": 4, "obstruction_count": 9, "panel_count": 204, "kwp": 89.76, "ac_kwh_day_avg": 268.0, "ac_kwh_year": 97812.0, "facet_area_m2": 628.3, "avg_poa_kwh_m2": 1307.0}}, {"type": "Feature", "geometry": {"type": "Polygon", "coordinates": [[[168.65839431610144, -45.031592508414725], [168.65865862267248, -45.031462501975284], [168.65867819112168, -45.03148250592479], [168.65873309791152, -45.03153863369388], [168.65846558998305, -45.03167020893], [168.65845333734373, -45.03165768330794], [168.65843979246452, -45.03166434552546], [168.6583920401874, -45.03161553140582], [168.65840878274923, -45.0316072959307], [168.65839431610144, -45.031592508414725]]]}, "properties": {"building_id": 4735229, "facet_count": 6, "obstruction_count": 5, "panel_count": 40, "kwp": 17.6, "ac_kwh_day_avg": 58.5, "ac_kwh_year": 21339.0, "facet_area_m2": 165.1, "avg_poa_kwh_m2": 1347.0}}, {"type": "Feature", "geometry": {"type": "Polygon", "coordinates": [[[168.66037631197744, -45.032087484311724], [168.6602858230631, -45.032142126728424], [168.66001124412534, -45.03191349544487], [168.66017317395568, -45.03181571304631], [168.66016690805105, -45.031810494634776], [168.6604808153752, -45.03162093712279], [168.66076053956945, -45.0318538518064], [168.66061267069463, -45.031943145023995], [168.66061970106242, -45.03194899834095], [168.66038222098499, -45.03209240376397], [168.66037631197744, -45.032087484311724]]]}, "properties": {"building_id": 4735237, "facet_count": 9, "obstruction_count": 9, "panel_count": 81, "kwp": 35.64, "ac_kwh_day_avg": 106.6, "ac_kwh_year": 38921.0, "facet_area_m2": 658.2, "avg_poa_kwh_m2": 1310.0}}, {"type": "Feature", "geometry": {"type": "Polygon", "coordinates": [[[168.66300612155456, -45.029009881815824], [168.66301791822332, -45.02900167982595], [168.66307565489151, -45.029043435417854], [168.6631287361352, -45.029006525377845], [168.66313794954326, -45.02901318805128], [168.66315079944223, -45.0290042528562], [168.66323328786572, -45.0290639078669], [168.6631560304798, -45.029117626484165], [168.66314743694906, -45.02911141138603], [168.66307197080337, -45.02916388561934], [168.66291779020202, -45.02905238384979], [168.6629927860232, -45.02900023659644], [168.66300612155456, -45.029009881815824]]]}, "properties": {"building_id": 4735254, "facet_count": 5, "obstruction_count": 1, "panel_count": 51, "kwp": 22.44, "ac_kwh_day_avg": 63.9, "ac_kwh_year": 23337.0, "facet_area_m2": 216.0, "avg_poa_kwh_m2": 1259.0}}, {"type": "Feature", "geometry": {"type": "Polygon", "coordinates": [[[168.66149699998593, -45.02901447063891], [168.66156807113236, -45.02903987126034], [168.66153696709813, -45.029083633914084], [168.66158858740036, -45.0291020828942], [168.6615740703504, -45.02912250840038], [168.6616954593739, -45.029165891546604], [168.66173234753683, -45.02923590527354], [168.66166180661997, -45.02933515715936], [168.66163744613738, -45.029326451461245], [168.6615947969716, -45.02938645884633], [168.66130671272373, -45.02928349988153], [168.66136054348866, -45.02920775888955], [168.66131476205894, -45.02919139634343], [168.66134316987242, -45.02915142624871], [168.66130399987196, -45.02913742629141], [168.66138800264795, -45.02901923390484], [168.66140819245547, -45.0290098824321], [168.6614315461515, -45.029010403138784], [168.66148604746718, -45.029029881816264], [168.66149699998593, -45.02901447063891]]]}, "properties": {"building_id": 4735272, "facet_count": 28, "obstruction_count": 1, "panel_count": 43, "kwp": 18.92, "ac_kwh_day_avg": 59.1, "ac_kwh_year": 21576.0, "facet_area_m2": 417.2, "avg_poa_kwh_m2": 1354.0}}, {"type": "Feature", "geometry": {"type": "Polygon", "coordinates": [[[168.66241514544114, -45.029446614293384], [168.662446229058, -45.029426164647276], [168.66243440270108, -45.02941712590689], [168.66258291905245, -45.02931941655694], [168.66263735492603, -45.02936102426541], [168.66262386582528, -45.029369899072165], [168.6626488025548, -45.02938895886757], [168.6626663288762, -45.02937742818427], [168.6627242954036, -45.02942173393665], [168.66257976548533, -45.029516820775115], [168.6625661235101, -45.02950639328258], [168.66252926589033, -45.02953064169748], [168.6625480140648, -45.029544971378144], [168.66249633527568, -45.02957897108619], [168.66249005424953, -45.02957417081497], [168.6624824504569, -45.02956633427827], [168.66247685257417, -45.029557690084324], [168.66247342659221, -45.029548493902446], [168.66247227132158, -45.02953901684929], [168.6624734238633, -45.02952954029585], [168.66247684783414, -45.02952034371688], [168.6624824427028, -45.0295116987449], [168.66249004440144, -45.02950386109174], [168.66241514544114, -45.029446614293384]]]}, "properties": {"building_id": 4735275, "facet_count": 13, "obstruction_count": 2, "panel_count": 23, "kwp": 10.12, "ac_kwh_day_avg": 27.9, "ac_kwh_year": 10199.0, "facet_area_m2": 214.1, "avg_poa_kwh_m2": 1259.0}}, {"type": "Feature", "geometry": {"type": "Polygon", "coordinates": [[[168.66126775675747, -45.02968244957032], [168.6612582093677, -45.02967550487619], [168.66131740098635, -45.029634586569166], [168.6613050753817, -45.02962562142811], [168.66143890329485, -45.02953310670577], [168.66156780816556, -45.02962687253203], [168.66125514977475, -45.02984301191598], [168.66114811663695, -45.02976515645301], [168.66126775675747, -45.02968244957032]]]}, "properties": {"building_id": 4735287, "facet_count": 2, "obstruction_count": 6, "panel_count": 134, "kwp": 58.96, "ac_kwh_day_avg": 174.3, "ac_kwh_year": 63609.0, "facet_area_m2": 440.6, "avg_poa_kwh_m2": 1301.0}}, {"type": "Feature", "geometry": {"type": "Polygon", "coordinates": [[[168.66289586985118, -45.03164428061593], [168.66310976297478, -45.03148464960589], [168.66332027476903, -45.03162647860463], [168.66310638022048, -45.03178610998741], [168.66289586985118, -45.03164428061593]]]}, "properties": {"building_id": 4735292, "facet_count": 6, "obstruction_count": 4, "panel_count": 174, "kwp": 76.56, "ac_kwh_day_avg": 225.4, "ac_kwh_year": 82256.0, "facet_area_m2": 540.4, "avg_poa_kwh_m2": 1289.0}}, {"type": "Feature", "geometry": {"type": "Polygon", "coordinates": [[[168.6628425837847, -45.030135424346796], [168.66300095692046, -45.0302500374493], [168.66293032231968, -45.0302991171588], [168.6629166294519, -45.03028920808249], [168.6628172469794, -45.03035826194843], [168.66283533275043, -45.03037135112001], [168.66277446993678, -45.03041363972973], [168.66261688393976, -45.03029959637844], [168.66267517006892, -45.03025909840675], [168.66270754201372, -45.03028252526562], [168.6628291643142, -45.03019801796841], [168.6627916123833, -45.03017084099687], [168.6628425837847, -45.030135424346796]]]}, "properties": {"building_id": 4735296, "facet_count": 3, "obstruction_count": 16, "panel_count": 93, "kwp": 40.92, "ac_kwh_day_avg": 122.0, "ac_kwh_year": 44538.0, "facet_area_m2": 312.2, "avg_poa_kwh_m2": 1299.0}}, {"type": "Feature", "geometry": {"type": "Polygon", "coordinates": [[[168.6624041571284, -45.02915675712262], [168.66248007142872, -45.02911224186382], [168.66260859677507, -45.02922245834744], [168.66253268114986, -45.0292669736414], [168.6624041571284, -45.02915675712262]]]}, "properties": {"building_id": 4735303, "facet_count": 3, "obstruction_count": 1, "panel_count": 26, "kwp": 11.44, "ac_kwh_day_avg": 32.1, "ac_kwh_year": 11702.0, "facet_area_m2": 109.4, "avg_poa_kwh_m2": 1244.0}}, {"type": "Feature", "geometry": {"type": "Polygon", "coordinates": [[[168.66264972884804, -45.0317303668021], [168.66261006256454, -45.03175819284444], [168.66254548868054, -45.0317119081551], [168.66257616173564, -45.0316903914322], [168.6625314122451, -45.03165831622283], [168.662773090218, -45.0314887822843], [168.66288617663764, -45.03156983985287], [168.66284135314606, -45.031601282954796], [168.6628856548404, -45.03163303673977], [168.6626977947256, -45.03176481953016], [168.66264972884804, -45.0317303668021]]]}, "properties": {"building_id": 4735305, "facet_count": 4, "obstruction_count": 2, "panel_count": 95, "kwp": 41.8, "ac_kwh_day_avg": 116.2, "ac_kwh_year": 42419.0, "facet_area_m2": 346.7, "avg_poa_kwh_m2": 1245.0}}, {"type": "Feature", "geometry": {"type": "Polygon", "coordinates": [[[168.66236249506397, -45.02931769621484], [168.66242568873793, -45.02936007970568], [168.6623027251497, -45.02945227302427], [168.66225019013447, -45.029417038507624], [168.66229875929508, -45.02938062422868], [168.6622880997025, -45.02937347517229], [168.66236249506397, -45.02931769621484]]]}, "properties": {"building_id": 4735313, "facet_count": 1, "obstruction_count": 1, "panel_count": 16, "kwp": 7.04, "ac_kwh_day_avg": 22.0, "ac_kwh_year": 8030.0, "facet_area_m2": 72.2, "avg_poa_kwh_m2": 1367.0}}, {"type": "Feature", "geometry": {"type": "Polygon", "coordinates": [[[168.6591050653811, -45.03106567352825], [168.65914502900577, -45.03108015005865], [168.65902583416675, -45.03126561124021], [168.6589930136476, -45.03123378908199], [168.65892473105433, -45.031269200965696], [168.6589540379539, -45.03129761624172], [168.65891070972722, -45.03132008583233], [168.65892469912185, -45.03133364975279], [168.65885401145323, -45.03137030858184], [168.65855138352256, -45.03107688647036], [168.6592070466489, -45.03074696955746], [168.65921204932147, -45.030751968880836], [168.6593016111762, -45.030706902440315], [168.65932254833297, -45.03072782528397], [168.65927165497197, -45.030807015065044], [168.65921589165234, -45.03083203047196], [168.65923201378217, -45.03085010270679], [168.65917901399155, -45.030873878449825], [168.65921454417662, -45.030913703810285], [168.6591050653811, -45.03106567352825]]]}, "properties": {"building_id": 4735316, "facet_count": 10, "obstruction_count": 0, "panel_count": 410, "kwp": 180.4, "ac_kwh_day_avg": 538.6, "ac_kwh_year": 196584.0, "facet_area_m2": 1219.1, "avg_poa_kwh_m2": 1303.0}}, {"type": "Feature", "geometry": {"type": "Polygon", "coordinates": [[[168.66231047612652, -45.029229378649944], [168.6623798180818, -45.029279686490206], [168.66221792461266, -45.029391895769486], [168.66214858267176, -45.02934158783187], [168.66231047612652, -45.029229378649944]]]}, "properties": {"building_id": 4735318, "facet_count": 3, "obstruction_count": 0, "panel_count": 16, "kwp": 7.04, "ac_kwh_day_avg": 22.3, "ac_kwh_year": 8151.0, "facet_area_m2": 95.4, "avg_poa_kwh_m2": 1337.0}}, {"type": "Feature", "geometry": {"type": "Polygon", "coordinates": [[[168.6632394094992, -45.03240034852835], [168.66321764460895, -45.0323757419473], [168.66319180903602, -45.03238723203616], [168.66317162295087, -45.03236441027767], [168.66318572960637, -45.03235813704733], [168.66315814907304, -45.03232695475055], [168.66318390715344, -45.03231549862879], [168.66316392923412, -45.032292912536796], [168.6632616841193, -45.0322494365641], [168.66329215569618, -45.03228388579268], [168.66327394496133, -45.032291985112884], [168.66329058994853, -45.03231080311481], [168.66327964143488, -45.032315672489595], [168.6632970501461, -45.03233535312262], [168.6633146276543, -45.03232753577214], [168.66333961453265, -45.03235578375732], [168.6632394094992, -45.03240034852835]]]}, "properties": {"building_id": 4735370, "facet_count": 1, "obstruction_count": 2, "panel_count": 18, "kwp": 7.92, "ac_kwh_day_avg": 22.8, "ac_kwh_year": 8325.0, "facet_area_m2": 97.1, "avg_poa_kwh_m2": 1260.0}}, {"type": "Feature", "geometry": {"type": "Polygon", "coordinates": [[[168.66351458514364, -45.03002897866276], [168.66346850814102, -45.02999202559611], [168.66351289941255, -45.029964192665794], [168.66355897642407, -45.030001145714856], [168.66351458514364, -45.03002897866276]]]}, "properties": {"building_id": 4735404, "facet_count": 2, "obstruction_count": 1, "panel_count": 3, "kwp": 1.32, "ac_kwh_day_avg": 3.7, "ac_kwh_year": 1362.0, "facet_area_m2": 21.6, "avg_poa_kwh_m2": 1298.0}}, {"type": "Feature", "geometry": {"type": "Polygon", "coordinates": [[[168.65934859649528, -45.03150821611686], [168.65923288854253, -45.03142836676995], [168.6592013825526, -45.03140662464796], [168.65925601724004, -45.03136681665679], [168.65924143270323, -45.031356751656844], [168.65927847662965, -45.03132975952589], [168.6592981788377, -45.03134335640903], [168.6593696785659, -45.03129126026183], [168.65938330025344, -45.03128133496879], [168.65952539654185, -45.03137939432601], [168.65934859649528, -45.03150821611686]]]}, "properties": {"building_id": 4735609, "facet_count": 4, "obstruction_count": 9, "panel_count": 38, "kwp": 16.72, "ac_kwh_day_avg": 49.9, "ac_kwh_year": 18220.0, "facet_area_m2": 200.3, "avg_poa_kwh_m2": 1310.0}}, {"type": "Feature", "geometry": {"type": "Polygon", "coordinates": [[[168.65984739920063, -45.030788554046055], [168.6599081152893, -45.03074431430834], [168.6600300404223, -45.03065547362376], [168.66022321451933, -45.03078877937075], [168.66015953726176, -45.030835177715886], [168.66022224420308, -45.03087845086573], [168.6601025169081, -45.03096569117892], [168.6599332021933, -45.03084884985871], [168.6598708143083, -45.03080500447403], [168.65984739920063, -45.030788554046055]]]}, "properties": {"building_id": 4735622, "facet_count": 13, "obstruction_count": 3, "panel_count": 27, "kwp": 11.88, "ac_kwh_day_avg": 35.5, "ac_kwh_year": 12955.0, "facet_area_m2": 166.0, "avg_poa_kwh_m2": 1275.0}}, {"type": "Feature", "geometry": {"type": "Polygon", "coordinates": [[[168.66208880637498, -45.03235009113101], [168.66187111181614, -45.032194455166795], [168.661894396246, -45.03217807927736], [168.6620128133425, -45.032094797567304], [168.66207899394064, -45.03214211140754], [168.66209447978278, -45.03213121971339], [168.66217428154062, -45.032188271607495], [168.6621618113636, -45.0321970420027], [168.66223352494956, -45.032248311101796], [168.66208880637498, -45.03235009113101]]]}, "properties": {"building_id": 4735623, "facet_count": 15, "obstruction_count": 12, "panel_count": 41, "kwp": 18.04, "ac_kwh_day_avg": 48.5, "ac_kwh_year": 17709.0, "facet_area_m2": 268.0, "avg_poa_kwh_m2": 1223.0}}, {"type": "Feature", "geometry": {"type": "Polygon", "coordinates": [[[168.6622504927048, -45.02726234566877], [168.66219481012112, -45.02724089869559], [168.6622403446987, -45.02718144557306], [168.66219584956454, -45.02716430685444], [168.66225323687183, -45.027089380415546], [168.66230894150863, -45.02711083630126], [168.66226356345365, -45.02717008476343], [168.66230803644228, -45.02718721451109], [168.6622504927048, -45.02726234566877]]]}, "properties": {"building_id": 5370948, "facet_count": 5, "obstruction_count": 0, "panel_count": 1, "kwp": 0.44, "ac_kwh_day_avg": 1.1, "ac_kwh_year": 404.0, "facet_area_m2": 34.9, "avg_poa_kwh_m2": 1250.0}}, {"type": "Feature", "geometry": {"type": "Polygon", "coordinates": [[[168.662828771609, -45.02851648928965], [168.66251868294177, -45.02829824415378], [168.66260047999745, -45.02823980077312], [168.6629105686935, -45.02845804568766], [168.662828771609, -45.02851648928965]]]}, "properties": {"building_id": 5370967, "facet_count": 1, "obstruction_count": 5, "panel_count": 11, "kwp": 4.84, "ac_kwh_day_avg": 15.0, "ac_kwh_year": 5478.0, "facet_area_m2": 53.4, "avg_poa_kwh_m2": 1357.0}}, {"type": "Feature", "geometry": {"type": "Polygon", "coordinates": [[[168.66377440831263, -45.02744028488166], [168.66371038628552, -45.027484434240286], [168.66351816378565, -45.02734425353198], [168.66358218705372, -45.02730010432849], [168.66377440831263, -45.02744028488166]]]}, "properties": {"building_id": 5370996, "facet_count": 3, "obstruction_count": 0, "panel_count": 24, "kwp": 10.56, "ac_kwh_day_avg": 22.5, "ac_kwh_year": 8199.0, "facet_area_m2": 95.7, "avg_poa_kwh_m2": 948.0}}, {"type": "Feature", "geometry": {"type": "Polygon", "coordinates": [[[168.66330529299654, -45.02717650446864], [168.66336985329073, -45.027132521646436], [168.66355608134748, -45.02726999183686], [168.6634915210254, -45.027313974763445], [168.66330529299654, -45.02717650446864]]]}, "properties": {"building_id": 5371004, "facet_count": 3, "obstruction_count": 0, "panel_count": 20, "kwp": 8.8, "ac_kwh_day_avg": 18.7, "ac_kwh_year": 6832.0, "facet_area_m2": 87.5, "avg_poa_kwh_m2": 974.0}}, {"type": "Feature", "geometry": {"type": "Polygon", "coordinates": [[[168.66275029343774, -45.02567334424691], [168.66275038991492, -45.02568887181666], [168.66275017660382, -45.02573264341282], [168.6626022295029, -45.025732279296165], [168.66260252028925, -45.025672979495965], [168.66275029343774, -45.02567334424691]]]}, "properties": {"building_id": 5371070, "facet_count": 5, "obstruction_count": 2, "panel_count": 10, "kwp": 4.4, "ac_kwh_day_avg": 12.1, "ac_kwh_year": 4405.0, "facet_area_m2": 65.7, "avg_poa_kwh_m2": 1247.0}}, {"type": "Feature", "geometry": {"type": "Polygon", "coordinates": [[[168.66291717194235, -45.02652209303325], [168.6629784679073, -45.0265752427894], [168.66294210670478, -45.02659633075889], [168.6629783463518, -45.02662775436679], [168.6629417261398, -45.02664899361532], [168.66297652565783, -45.02667916787646], [168.66293915262764, -45.02670084387912], [168.66297435952208, -45.02673137211241], [168.6629378733949, -45.026752532743515], [168.6629742536608, -45.026784078727395], [168.66293793205634, -45.026805144796924], [168.6629720717302, -45.02683474663729], [168.6629365320814, -45.02685535905611], [168.6629720476037, -45.02688615468659], [168.6629371531571, -45.02690639286997], [168.6629729224894, -45.02693740790148], [168.66293542446175, -45.026959156562974], [168.66294379770912, -45.0269664165194], [168.6629065254221, -45.0269880333307], [168.66291467469946, -45.02699509932828], [168.66284296582862, -45.027036689045715], [168.6627914543145, -45.0269920240296], [168.6628267737323, -45.02697153920546], [168.6627919468521, -45.02694133955284], [168.66282729677533, -45.0269208369852], [168.66279187307157, -45.02689012041917], [168.66282935516702, -45.026868381100854], [168.66279422572583, -45.026837919683516], [168.66283168251334, -45.026816195604816], [168.6627947555642, -45.02678417507825], [168.66282983847577, -45.02676382798489], [168.66279524865303, -45.02673383539455], [168.6628283094828, -45.026714661726224], [168.66279145878215, -45.026682708013055], [168.66283155213938, -45.02665945491053], [168.6627631363069, -45.02660013071651], [168.66274774899554, -45.026609054838445], [168.66271176080565, -45.026577849569115], [168.6628510576631, -45.026497060994], [168.6628948543547, -45.02653503749292], [168.66291717194235, -45.02652209303325]]]}, "properties": {"building_id": 5371072, "facet_count": 4, "obstruction_count": 8, "panel_count": 78, "kwp": 34.32, "ac_kwh_day_avg": 99.6, "ac_kwh_year": 36342.0, "facet_area_m2": 435.8, "avg_poa_kwh_m2": 1282.0}}, {"type": "Feature", "geometry": {"type": "Polygon", "coordinates": [[[168.66184922909, -45.027512664495966], [168.66181909155955, -45.02752084258686], [168.66182606507758, -45.02753376556212], [168.6617412640417, -45.02755677869605], [168.66171756358247, -45.02751286018644], [168.66175130281718, -45.02750370386381], [168.6617204106159, -45.02744645888578], [168.66176970585926, -45.02743308128843], [168.66176142749404, -45.02741774204847], [168.66180538828687, -45.027405812361444], [168.66179827685434, -45.0273926320827], [168.6618470056553, -45.027379408430896], [168.66183840343604, -45.02736346724661], [168.66188476438367, -45.027350886217306], [168.66187789226498, -45.02733814984312], [168.661926532894, -45.02732494980723], [168.66191903713064, -45.02731106086265], [168.66196930814803, -45.02729741785007], [168.66202104881324, -45.02739329748131], [168.66197529302346, -45.02740571525731], [168.66198262396404, -45.02741929996245], [168.66196433587473, -45.0274242634694], [168.6619681711063, -45.027431370598165], [168.6619400177603, -45.027439011203725], [168.66194380508335, -45.02744603009176], [168.6619245372495, -45.02745125876986], [168.66192864974602, -45.02745887875807], [168.6618992521852, -45.027466857283414], [168.66190324654062, -45.02747426033147], [168.66188391517753, -45.02747950638908], [168.66188765592338, -45.027486436187885], [168.66185928479916, -45.02749413599954], [168.6618632847325, -45.02750154916337], [168.6618457923931, -45.02750629628367], [168.66184922909, -45.027512664495966]]]}, "properties": {"building_id": 5371104, "facet_count": 1, "obstruction_count": 12, "panel_count": 91, "kwp": 40.04, "ac_kwh_day_avg": 119.5, "ac_kwh_year": 43632.0, "facet_area_m2": 282.3, "avg_poa_kwh_m2": 1306.0}}, {"type": "Feature", "geometry": {"type": "Polygon", "coordinates": [[[168.6620035884969, -45.02747127722195], [168.6620265816422, -45.02748851412081], [168.6619891897785, -45.02751359721319], [168.66196619663555, -45.02749636030688], [168.6620035884969, -45.02747127722195]]]}, "properties": {"building_id": 5371106, "facet_count": 1, "obstruction_count": 0, "panel_count": 0, "kwp": 0, "ac_kwh_day_avg": 0, "ac_kwh_year": 0, "facet_area_m2": 6.9, "avg_poa_kwh_m2": 1248.0}}, {"type": "Feature", "geometry": {"type": "Polygon", "coordinates": [[[168.66399026070067, -45.02739663327897], [168.66416796496958, -45.02754112917786], [168.66407353424717, -45.0275995315183], [168.6638958300575, -45.027455035475285], [168.66399026070067, -45.02739663327897]]]}, "properties": {"building_id": 5371107, "facet_count": 4, "obstruction_count": 2, "panel_count": 43, "kwp": 18.92, "ac_kwh_day_avg": 49.1, "ac_kwh_year": 17925.0, "facet_area_m2": 168.8, "avg_poa_kwh_m2": 1143.0}}, {"type": "Feature", "geometry": {"type": "Polygon", "coordinates": [[[168.66331903190928, -45.02702033554819], [168.6634102680638, -45.02695846719049], [168.66359287304567, -45.02709388748087], [168.66350163685064, -45.027155755983124], [168.66331903190928, -45.02702033554819]]]}, "properties": {"building_id": 5371110, "facet_count": 6, "obstruction_count": 0, "panel_count": 24, "kwp": 10.56, "ac_kwh_day_avg": 30.3, "ac_kwh_year": 11074.0, "facet_area_m2": 107.6, "avg_poa_kwh_m2": 1248.0}}, {"type": "Feature", "geometry": {"type": "Polygon", "coordinates": [[[168.6644464831807, -45.02867438691399], [168.66450564942159, -45.02871785598222], [168.66449019589675, -45.028728683849685], [168.66450488070413, -45.02873922279065], [168.66446428197943, -45.02876766935982], [168.66450432567026, -45.028796407864355], [168.6644416815936, -45.02884030037537], [168.66432772514798, -45.02875851539918], [168.6643472114923, -45.028744862543846], [168.66431054411646, -45.028718546991335], [168.6644009681353, -45.02865518774632], [168.6644369889218, -45.02868103938377], [168.6644464831807, -45.02867438691399]]]}, "properties": {"building_id": 5371114, "facet_count": 1, "obstruction_count": 0, "panel_count": 55, "kwp": 24.2, "ac_kwh_day_avg": 68.4, "ac_kwh_year": 24979.0, "facet_area_m2": 165.5, "avg_poa_kwh_m2": 1237.0}}, {"type": "Feature", "geometry": {"type": "Polygon", "coordinates": [[[168.6663493558024, -45.029014447619694], [168.6662370169737, -45.02892954478844], [168.6663172493245, -45.028876161326444], [168.66637982021354, -45.0289234515596], [168.66639355712803, -45.02891431207007], [168.6665454524785, -45.029029109658175], [168.6664748183064, -45.0290674316199], [168.666447948722, -45.02904712443393], [168.66642862580537, -45.02905998089293], [168.6663594717914, -45.02900771621013], [168.6663493558024, -45.029014447619694]]]}, "properties": {"building_id": 5371192, "facet_count": 1, "obstruction_count": 2, "panel_count": 31, "kwp": 13.64, "ac_kwh_day_avg": 40.7, "ac_kwh_year": 14864.0, "facet_area_m2": 173.7, "avg_poa_kwh_m2": 1306.0}}, {"type": "Feature", "geometry": {"type": "Polygon", "coordinates": [[[168.6663699202197, -45.0288437927332], [168.66644293239156, -45.028787043430405], [168.66653650888478, -45.028847584781886], [168.66654396976872, -45.02884178583555], [168.66658500518713, -45.02886833513799], [168.666617192715, -45.02884331734268], [168.6667207394647, -45.02891030845378], [168.66659839263733, -45.02900540382341], [168.66655948227134, -45.02898022978675], [168.66655153715928, -45.028986405508775], [168.66648917608475, -45.02894605931209], [168.66650680739485, -45.02893235536741], [168.6663699202197, -45.0288437927332]]]}, "properties": {"building_id": 5371193, "facet_count": 6, "obstruction_count": 4, "panel_count": 51, "kwp": 22.44, "ac_kwh_day_avg": 62.9, "ac_kwh_year": 22964.0, "facet_area_m2": 249.3, "avg_poa_kwh_m2": 1238.0}}, {"type": "Feature", "geometry": {"type": "Polygon", "coordinates": [[[168.6631439430084, -45.02778435851744], [168.66317052492775, -45.02776614630514], [168.66321610227536, -45.02779140682253], [168.66318194964654, -45.02781480326446], [168.66319513633175, -45.02782448330804], [168.66311152841027, -45.02788176088894], [168.66306414926547, -45.0278814390605], [168.66305229338099, -45.027889806238214], [168.66307739230277, -45.027907689262754], [168.6630020109286, -45.02796089313289], [168.66293562009272, -45.02791358981959], [168.66293344681833, -45.02791041947731], [168.66293206160154, -45.027907034267685], [168.66293150534233, -45.02790353116707], [168.66293179448382, -45.027900011622435], [168.66293292001785, -45.02789657791271], [168.6629348490227, -45.02789332960654], [168.66294165205434, -45.02788852758205], [168.66295951085866, -45.027901251625345], [168.6629894880928, -45.027880092691426], [168.6629665210876, -45.02786372926701], [168.66300542267084, -45.02783627278153], [168.66303521545657, -45.02785749947575], [168.66303417402275, -45.027812960748356], [168.6630903784432, -45.02781196831737], [168.66313754024674, -45.027779658971966], [168.6631439430084, -45.02778435851744]]]}, "properties": {"building_id": 5372563, "facet_count": 2, "obstruction_count": 3, "panel_count": 28, "kwp": 12.32, "ac_kwh_day_avg": 36.7, "ac_kwh_year": 13397.0, "facet_area_m2": 98.0, "avg_poa_kwh_m2": 1301.0}}, {"type": "Feature", "geometry": {"type": "Polygon", "coordinates": [[[168.6622149439, -45.02868307826649], [168.6621507481111, -45.028661703389005], [168.66217441939267, -45.02862595296373], [168.6620902821667, -45.02859793733246], [168.662049637472, -45.02856910668953], [168.66213245338437, -45.0285103963563], [168.66216707425912, -45.028534954977786], [168.6621332190204, -45.02855895564569], [168.6622163854444, -45.028586648041085], [168.66220343046317, -45.02860621397851], [168.66225456542986, -45.028623239890514], [168.6622149439, -45.02868307826649]]]}, "properties": {"building_id": 4734697, "facet_count": 4, "obstruction_count": 1, "panel_count": 20, "kwp": 8.8, "ac_kwh_day_avg": 26.3, "ac_kwh_year": 9586.0, "facet_area_m2": 104.1, "avg_poa_kwh_m2": 1302.0}}, {"type": "Feature", "geometry": {"type": "Polygon", "coordinates": [[[168.66574758088635, -45.02780865908807], [168.6658355338306, -45.027867190413986], [168.66583048238175, -45.02787100779009], [168.66585254883788, -45.02788569354657], [168.66585847262746, -45.027881217992196], [168.66589020795706, -45.02790233685972], [168.66587935516492, -45.02791053812936], [168.66588321786452, -45.02791310831109], [168.6657825620208, -45.02798916935683], [168.66579499724898, -45.02799744503472], [168.6657581184573, -45.028025312459604], [168.66570990754607, -45.02799322930381], [168.6657205206143, -45.02798521067565], [168.66570108160354, -45.027972273948464], [168.66569481038718, -45.02797701264236], [168.66561069955404, -45.02792103801339], [168.66562808610283, -45.02790790011863], [168.6656120251244, -45.02789721177296], [168.66563973400963, -45.02787627375077], [168.66564950188206, -45.0278827736655], [168.66574758088635, -45.02780865908807]]]}, "properties": {"building_id": 4734761, "facet_count": 8, "obstruction_count": 3, "panel_count": 18, "kwp": 7.92, "ac_kwh_day_avg": 19.7, "ac_kwh_year": 7185.0, "facet_area_m2": 116.4, "avg_poa_kwh_m2": 1105.0}}, {"type": "Feature", "geometry": {"type": "Polygon", "coordinates": [[[168.66207699889074, -45.02513004645141], [168.6619897978165, -45.0251203608413], [168.66203490589223, -45.024916101332806], [168.6621221066683, -45.024925786897136], [168.66207699889074, -45.02513004645141]]]}, "properties": {"building_id": 4734766, "facet_count": 1, "obstruction_count": 3, "panel_count": 36, "kwp": 15.84, "ac_kwh_day_avg": 47.3, "ac_kwh_year": 17261.0, "facet_area_m2": 122.9, "avg_poa_kwh_m2": 1306.0}}, {"type": "Feature", "geometry": {"type": "Polygon", "coordinates": [[[168.66211094879822, -45.02523475772123], [168.6620470678126, -45.025228950049176], [168.6620514913347, -45.02520447748018], [168.66204426638708, -45.0252038208445], [168.66205362140033, -45.02515207114054], [168.66213926785457, -45.025159857550555], [168.6621265150565, -45.02523040986112], [168.66211197316366, -45.0252290876967], [168.66211094879822, -45.02523475772123]]]}, "properties": {"building_id": 4734767, "facet_count": 4, "obstruction_count": 1, "panel_count": 5, "kwp": 2.2, "ac_kwh_day_avg": 6.4, "ac_kwh_year": 2340.0, "facet_area_m2": 42.1, "avg_poa_kwh_m2": 1272.0}}, {"type": "Feature", "geometry": {"type": "Polygon", "coordinates": [[[168.66391750862596, -45.02835270973722], [168.66388017319832, -45.02837881191213], [168.66383344579415, -45.028345200958704], [168.6638041119757, -45.02836570854792], [168.66368253535938, -45.02827825710723], [168.66380541125184, -45.02819235343674], [168.66391586131857, -45.028271801893254], [168.6638596559111, -45.02831109598753], [168.66391750862596, -45.02835270973722]]]}, "properties": {"building_id": 4734779, "facet_count": 2, "obstruction_count": 5, "panel_count": 55, "kwp": 24.2, "ac_kwh_day_avg": 72.7, "ac_kwh_year": 26547.0, "facet_area_m2": 176.6, "avg_poa_kwh_m2": 1321.0}}, {"type": "Feature", "geometry": {"type": "Polygon", "coordinates": [[[168.665272610257, -45.02752146446808], [168.6653653734636, -45.02748202414053], [168.66546848330097, -45.02760398070556], [168.6654601482738, -45.027607524671865], [168.66548638132653, -45.02763855345998], [168.66549446717417, -45.0276351152408], [168.6655148010147, -45.02765916467147], [168.66550525546526, -45.027663222528346], [168.66550977290024, -45.02766856590046], [168.66537879027325, -45.027724256123975], [168.66538722265236, -45.027734231321666], [168.66534183309645, -45.027753529231184], [168.66530876741024, -45.02771441882869], [168.6653237560227, -45.0277080465415], [168.66531028298195, -45.027692110335856], [168.66530085407135, -45.02769611949982], [168.66526194263983, -45.02765009566937], [168.66526907489674, -45.02764706409668], [168.66519408597452, -45.027558367556395], [168.66521410181468, -45.02754985766979], [168.66520290682735, -45.02753661503291], [168.66526360225936, -45.027510809333016], [168.665272610257, -45.02752146446808]]]}, "properties": {"building_id": 4734805, "facet_count": 7, "obstruction_count": 0, "panel_count": 18, "kwp": 7.92, "ac_kwh_day_avg": 22.3, "ac_kwh_year": 8131.0, "facet_area_m2": 157.9, "avg_poa_kwh_m2": 1229.0}}, {"type": "Feature", "geometry": {"type": "Polygon", "coordinates": [[[168.662627383336, -45.02641200661001], [168.662666211724, -45.026403298263915], [168.66269040350568, -45.02645448114396], [168.6626515750861, -45.026463189497626], [168.662627383336, -45.02641200661001]]]}, "properties": {"building_id": 4734810, "facet_count": 1, "obstruction_count": 0, "panel_count": 3, "kwp": 1.32, "ac_kwh_day_avg": 3.7, "ac_kwh_year": 1362.0, "facet_area_m2": 13.7, "avg_poa_kwh_m2": 1237.0}}, {"type": "Feature", "geometry": {"type": "Polygon", "coordinates": [[[168.6626801954474, -45.02584924968833], [168.66277259869446, -45.02584782361851], [168.6627745922954, -45.0259127770941], [168.66257900495654, -45.02591579595548], [168.66257717428795, -45.02585614089543], [168.66268035816705, -45.02585454809907], [168.6626801954474, -45.02584924968833]]]}, "properties": {"building_id": 4734812, "facet_count": 1, "obstruction_count": 1, "panel_count": 25, "kwp": 11.0, "ac_kwh_day_avg": 32.8, "ac_kwh_year": 11987.0, "facet_area_m2": 91.0, "avg_poa_kwh_m2": 1306.0}}, {"type": "Feature", "geometry": {"type": "Polygon", "coordinates": [[[168.66194985850422, -45.02769670329601], [168.6619470871311, -45.02774176126959], [168.66193205575232, -45.027741296339116], [168.6619314348105, -45.02775138004366], [168.66188384070142, -45.027749908100525], [168.6618897586251, -45.027653661736096], [168.66192050012108, -45.027654612936374], [168.66192008359076, -45.0276613917202], [168.66193701746644, -45.02767702434625], [168.66193583395838, -45.02769626948171], [168.66194985850422, -45.02769670329601]]]}, "properties": {"building_id": 4734818, "facet_count": 1, "obstruction_count": 0, "panel_count": 12, "kwp": 5.28, "ac_kwh_day_avg": 15.8, "ac_kwh_year": 5754.0, "facet_area_m2": 37.8, "avg_poa_kwh_m2": 1306.0}}, {"type": "Feature", "geometry": {"type": "Polygon", "coordinates": [[[168.66174981315444, -45.02703134614274], [168.66176418300012, -45.026660280986746], [168.6618641631246, -45.02666222807474], [168.6618509071243, -45.02700454394805], [168.66180027317492, -45.02703232858799], [168.66174981315444, -45.02703134614274]]]}, "properties": {"building_id": 4734821, "facet_count": 3, "obstruction_count": 14, "panel_count": 81, "kwp": 35.64, "ac_kwh_day_avg": 105.4, "ac_kwh_year": 38485.0, "facet_area_m2": 270.2, "avg_poa_kwh_m2": 1298.0}}, {"type": "Feature", "geometry": {"type": "Polygon", "coordinates": [[[168.6617990187303, -45.02662292471022], [168.66180778817645, -45.026530897135494], [168.661906365996, -45.026535621015206], [168.66189759670638, -45.02662764860344], [168.6617990187303, -45.02662292471022]]]}, "properties": {"building_id": 4734823, "facet_count": 1, "obstruction_count": 3, "panel_count": 22, "kwp": 9.68, "ac_kwh_day_avg": 28.6, "ac_kwh_year": 10445.0, "facet_area_m2": 74.2, "avg_poa_kwh_m2": 1293.0}}, {"type": "Feature", "geometry": {"type": "Polygon", "coordinates": [[[168.66213483666772, -45.026336312445316], [168.6621531042829, -45.02624990341125], [168.66233482033587, -45.02626922316382], [168.66231041434654, -45.02638467012619], [168.66218501885157, -45.02637133834655], [168.66219115755044, -45.0263423004664], [168.66213483666772, -45.026336312445316]]]}, "properties": {"building_id": 4734825, "facet_count": 3, "obstruction_count": 5, "panel_count": 36, "kwp": 15.84, "ac_kwh_day_avg": 47.5, "ac_kwh_year": 17348.0, "facet_area_m2": 156.8, "avg_poa_kwh_m2": 1292.0}}, {"type": "Feature", "geometry": {"type": "Polygon", "coordinates": [[[168.6620115409578, -45.02599312691699], [168.6620660494026, -45.02599555612985], [168.66206394204653, -45.02601933730765], [168.6620094335793, -45.02601690809331], [168.6620115409578, -45.02599312691699]]]}, "properties": {"building_id": 4734829, "facet_count": 0, "obstruction_count": 0, "panel_count": 0, "kwp": 0, "ac_kwh_day_avg": 0, "ac_kwh_year": 0, "facet_area_m2": 0, "avg_poa_kwh_m2": 0}}, {"type": "Feature", "geometry": {"type": "Polygon", "coordinates": [[[168.66191045696291, -45.02578776624504], [168.66192049233504, -45.025707419994035], [168.66189213256308, -45.02570563854166], [168.66190194516216, -45.0256270787932], [168.66205653782012, -45.02563678972376], [168.6620366902313, -45.025795695762106], [168.66191045696291, -45.02578776624504]]]}, "properties": {"building_id": 4734832, "facet_count": 1, "obstruction_count": 2, "panel_count": 72, "kwp": 31.68, "ac_kwh_day_avg": 94.3, "ac_kwh_year": 34430.0, "facet_area_m2": 182.8, "avg_poa_kwh_m2": 1303.0}}, {"type": "Feature", "geometry": {"type": "Polygon", "coordinates": [[[168.66421899758106, -45.028822840122544], [168.6642449026849, -45.028842326184716], [168.66425830526236, -45.02883336507656], [168.66434316370692, -45.028897194492586], [168.66411324284365, -45.02905090448459], [168.66402563754386, -45.02898500889587], [168.66417510181938, -45.02888508754451], [168.66415194356318, -45.02886766836498], [168.66421899758106, -45.028822840122544]]]}, "properties": {"building_id": 4734955, "facet_count": 4, "obstruction_count": 5, "panel_count": 62, "kwp": 27.28, "ac_kwh_day_avg": 80.0, "ac_kwh_year": 29201.0, "facet_area_m2": 236.9, "avg_poa_kwh_m2": 1280.0}}, {"type": "Feature", "geometry": {"type": "Polygon", "coordinates": [[[168.6639948882044, -45.028726304720905], [168.6640034215572, -45.028732795624705], [168.66399183631754, -45.02874045394312], [168.66400051488773, -45.028747055693344], [168.6638730999207, -45.02883127998586], [168.66378022040357, -45.02876062321073], [168.6639054986327, -45.02867781205629], [168.66391623097118, -45.02868597635177], [168.66395083703077, -45.028663100145096], [168.66401577232932, -45.02871249984942], [168.6639948882044, -45.028726304720905]]]}, "properties": {"building_id": 4735011, "facet_count": 1, "obstruction_count": 5, "panel_count": 51, "kwp": 22.44, "ac_kwh_day_avg": 64.0, "ac_kwh_year": 23359.0, "facet_area_m2": 160.9, "avg_poa_kwh_m2": 1248.0}}, {"type": "Feature", "geometry": {"type": "Polygon", "coordinates": [[[168.66520706231526, -45.02892673152812], [168.66524338682163, -45.028901941659974], [168.66526418647692, -45.028917267100745], [168.66528831050346, -45.028900802714595], [168.66531375514904, -45.02891955087045], [168.66531860194732, -45.0289162424444], [168.6653624509658, -45.02894855237682], [168.66534473176534, -45.02896064506202], [168.6653650673097, -45.028975628766915], [168.6653879290686, -45.02896002645154], [168.66545270415546, -45.029007754788864], [168.66542765263432, -45.029024850981294], [168.6654179333634, -45.02901768945609], [168.66535200364538, -45.02906268358558], [168.66530470590075, -45.02902783359384], [168.66528662661526, -45.02904017183148], [168.66523480787805, -45.02900198931959], [168.66522590677772, -45.029008063780665], [168.66517550088216, -45.02897092337837], [168.66522302218624, -45.0289384909123], [168.66520706231526, -45.02892673152812]]]}, "properties": {"building_id": 4735013, "facet_count": 2, "obstruction_count": 2, "panel_count": 6, "kwp": 2.64, "ac_kwh_day_avg": 7.9, "ac_kwh_year": 2877.0, "facet_area_m2": 51.0, "avg_poa_kwh_m2": 1310.0}}, {"type": "Feature", "geometry": {"type": "Polygon", "coordinates": [[[168.66401487396462, -45.02837191203171], [168.66410233952732, -45.02830802189772], [168.6642179171406, -45.02838759128663], [168.6640992478323, -45.02847427294378], [168.6640125859794, -45.02841461103845], [168.6640437885196, -45.02839181868156], [168.66401487396462, -45.02837191203171]]]}, "properties": {"building_id": 4735046, "facet_count": 1, "obstruction_count": 0, "panel_count": 49, "kwp": 21.56, "ac_kwh_day_avg": 64.4, "ac_kwh_year": 23494.0, "facet_area_m2": 147.1, "avg_poa_kwh_m2": 1306.0}}, {"type": "Feature", "geometry": {"type": "Polygon", "coordinates": [[[168.66507197164086, -45.02891107543302], [168.66499245922822, -45.028846775631116], [168.66502094832538, -45.02882905950733], [168.66495826036956, -45.028778364954704], [168.6650345574164, -45.02873092072195], [168.6651140110979, -45.02879517325195], [168.6650805282247, -45.0288159932837], [168.66514327489426, -45.028866735911194], [168.66507197164086, -45.02891107543302]]]}, "properties": {"building_id": 4735108, "facet_count": 5, "obstruction_count": 4, "panel_count": 13, "kwp": 5.72, "ac_kwh_day_avg": 17.9, "ac_kwh_year": 6523.0, "facet_area_m2": 86.5, "avg_poa_kwh_m2": 1271.0}}, {"type": "Feature", "geometry": {"type": "Polygon", "coordinates": [[[168.66537299887614, -45.0285906837449], [168.6654353875607, -45.02863546106751], [168.66531264749568, -45.02872145907459], [168.66523845403145, -45.028668209216505], [168.66530249439452, -45.02862333927186], [168.66531429951633, -45.02863181195842], [168.66537299887614, -45.0285906837449]]]}, "properties": {"building_id": 4735119, "facet_count": 3, "obstruction_count": 0, "panel_count": 1, "kwp": 0.44, "ac_kwh_day_avg": 1.6, "ac_kwh_year": 575.0, "facet_area_m2": 15.3, "avg_poa_kwh_m2": 1440.0}}, {"type": "Feature", "geometry": {"type": "Polygon", "coordinates": [[[168.66510288163772, -45.028703511232585], [168.66507412603502, -45.02872220114979], [168.66502858667462, -45.02868696781771], [168.66505734100699, -45.02866827786368], [168.66510288163772, -45.028703511232585]]]}, "properties": {"building_id": 4735134, "facet_count": 1, "obstruction_count": 0, "panel_count": 0, "kwp": 0, "ac_kwh_day_avg": 0, "ac_kwh_year": 0, "facet_area_m2": 5.4, "avg_poa_kwh_m2": 931.0}}, {"type": "Feature", "geometry": {"type": "Polygon", "coordinates": [[[168.66341222469225, -45.02845953862436], [168.663467521029, -45.02841756810922], [168.6635483531927, -45.02847112140762], [168.66348896399498, -45.02851619944421], [168.66350589007524, -45.02852741340522], [168.66344840775594, -45.02857104444365], [168.66339225743695, -45.02853384404113], [168.6633986922687, -45.02852895956705], [168.66334108421844, -45.02849079268809], [168.6633962258368, -45.028448938747346], [168.66341222469225, -45.02845953862436]]]}, "properties": {"building_id": 4735139, "facet_count": 1, "obstruction_count": 0, "panel_count": 44, "kwp": 19.36, "ac_kwh_day_avg": 57.8, "ac_kwh_year": 21097.0, "facet_area_m2": 128.4, "avg_poa_kwh_m2": 1306.0}}, {"type": "Feature", "geometry": {"type": "Polygon", "coordinates": [[[168.66453028241034, -45.02785612333891], [168.66459529412768, -45.027904119342125], [168.66455843864392, -45.02792922435344], [168.6646816989741, -45.02802022336568], [168.6646576781642, -45.028036585381955], [168.66467379824917, -45.02804848621366], [168.66462714694984, -45.02808026355307], [168.6646080626225, -45.028066174448774], [168.66458770226598, -45.02808004330212], [168.6645368164876, -45.028042476626055], [168.6645440026555, -45.028037581859856], [168.66444293230606, -45.02795925534102], [168.664495361213, -45.02792354280919], [168.66446200771085, -45.02790262907166], [168.66453028241034, -45.02785612333891]]]}, "properties": {"building_id": 4735140, "facet_count": 5, "obstruction_count": 5, "panel_count": 36, "kwp": 15.84, "ac_kwh_day_avg": 45.7, "ac_kwh_year": 16664.0, "facet_area_m2": 175.0, "avg_poa_kwh_m2": 1257.0}}, {"type": "Feature", "geometry": {"type": "Polygon", "coordinates": [[[168.66399906634234, -45.028547877627126], [168.66391322331748, -45.02848937293169], [168.66399382248142, -45.02842990177339], [168.66407966550864, -45.028488406408265], [168.66399906634234, -45.028547877627126]]]}, "properties": {"building_id": 4735150, "facet_count": 2, "obstruction_count": 3, "panel_count": 16, "kwp": 7.04, "ac_kwh_day_avg": 21.1, "ac_kwh_year": 7714.0, "facet_area_m2": 74.2, "avg_poa_kwh_m2": 1290.0}}, {"type": "Feature", "geometry": {"type": "Polygon", "coordinates": [[[168.6628325758541, -45.02780437024419], [168.66273728606313, -45.027732086076185], [168.6628947520233, -45.027627694457145], [168.66299004312492, -45.02769997854343], [168.6628325758541, -45.02780437024419]]]}, "properties": {"building_id": 4735153, "facet_count": 1, "obstruction_count": 4, "panel_count": 56, "kwp": 24.64, "ac_kwh_day_avg": 69.7, "ac_kwh_year": 25433.0, "facet_area_m2": 166.7, "avg_poa_kwh_m2": 1237.0}}, {"type": "Feature", "geometry": {"type": "Polygon", "coordinates": [[[168.66431907526896, -45.02815861382208], [168.6643129086422, -45.02813363843879], [168.66437580727202, -45.02812582810046], [168.66438197392594, -45.02815080348138], [168.66431907526896, -45.02815861382208]]]}, "properties": {"building_id": 4735158, "facet_count": 1, "obstruction_count": 0, "panel_count": 2, "kwp": 0.88, "ac_kwh_day_avg": 2.5, "ac_kwh_year": 895.0, "facet_area_m2": 11.4, "avg_poa_kwh_m2": 1219.0}}, {"type": "Feature", "geometry": {"type": "Polygon", "coordinates": [[[168.6643943227685, -45.02817586097324], [168.66438521212945, -45.02814454430032], [168.6644320936113, -45.02813768653591], [168.66444120427548, -45.02816900320603], [168.6643943227685, -45.02817586097324]]]}, "properties": {"building_id": 4735170, "facet_count": 1, "obstruction_count": 0, "panel_count": 1, "kwp": 0.44, "ac_kwh_day_avg": 1.0, "ac_kwh_year": 375.0, "facet_area_m2": 8.4, "avg_poa_kwh_m2": 1021.0}}, {"type": "Feature", "geometry": {"type": "Polygon", "coordinates": [[[168.66309886195484, -45.02745052893916], [168.66307060552265, -45.027429718990795], [168.663101370715, -45.027408711531976], [168.66312962714917, -45.0274295214728], [168.66309886195484, -45.02745052893916]]]}, "properties": {"building_id": 4735182, "facet_count": 1, "obstruction_count": 0, "panel_count": 1, "kwp": 0.44, "ac_kwh_day_avg": 1.3, "ac_kwh_year": 458.0, "facet_area_m2": 8.8, "avg_poa_kwh_m2": 1248.0}}, {"type": "Feature", "geometry": {"type": "Polygon", "coordinates": [[[168.66257150836535, -45.025312630698515], [168.6626011117504, -45.025304851570496], [168.66259149193047, -45.02528643940511], [168.66267537015312, -45.02526439963253], [168.66268395883228, -45.02528083804605], [168.66271768057806, -45.02527197693215], [168.66271151676665, -45.025260180350884], [168.6627533897672, -45.02524917816674], [168.66277753149612, -45.02529538443833], [168.66273765674705, -45.025305862238305], [168.66275141584296, -45.02533219513329], [168.66263820991648, -45.025361942679886], [168.6626321460372, -45.025350335336135], [168.66259615003636, -45.02535979403049], [168.66257150836535, -45.025312630698515]]]}, "properties": {"building_id": 4735250, "facet_count": 1, "obstruction_count": 2, "panel_count": 31, "kwp": 13.64, "ac_kwh_day_avg": 38.3, "ac_kwh_year": 13985.0, "facet_area_m2": 104.9, "avg_poa_kwh_m2": 1229.0}}, {"type": "Feature", "geometry": {"type": "Polygon", "coordinates": [[[168.66266019180156, -45.02457672023675], [168.66266086313482, -45.02452784923689], [168.6628147350505, -45.02452891238802], [168.6628124989057, -45.024691822086574], [168.6628235680894, -45.02469189849101], [168.662822532128, -45.02476731843658], [168.66263775331663, -45.02476604246179], [168.66263876864753, -45.024692072839834], [168.66271368005567, -45.024692589984596], [168.66271526480082, -45.02457710093962], [168.66266019180156, -45.02457672023675]]]}, "properties": {"building_id": 4735253, "facet_count": 8, "obstruction_count": 6, "panel_count": 54, "kwp": 23.76, "ac_kwh_day_avg": 75.2, "ac_kwh_year": 27458.0, "facet_area_m2": 173.0, "avg_poa_kwh_m2": 1430.0}}, {"type": "Feature", "geometry": {"type": "Polygon", "coordinates": [[[168.66279387576142, -45.02494720865708], [168.66284420701368, -45.02494174847758], [168.6628509228133, -45.025023579264584], [168.66269234953404, -45.025040782174486], [168.66269671934523, -45.02506103979838], [168.66263162618682, -45.02506810136301], [168.66260985086808, -45.02496714910531], [168.66270222127972, -45.02495712862573], [168.6626944916705, -45.02492129949263], [168.66278614153242, -45.024911355949484], [168.66279387576142, -45.02494720865708]]]}, "properties": {"building_id": 4735258, "facet_count": 4, "obstruction_count": 3, "panel_count": 43, "kwp": 18.92, "ac_kwh_day_avg": 52.2, "ac_kwh_year": 19058.0, "facet_area_m2": 164.4, "avg_poa_kwh_m2": 1232.0}}, {"type": "Feature", "geometry": {"type": "Polygon", "coordinates": [[[168.66222843354888, -45.0252044587784], [168.6622285792429, -45.02519488359626], [168.6623125209318, -45.025195525003646], [168.66230983817022, -45.02537216719684], [168.66219468436998, -45.02537128771489], [168.66219722185497, -45.02520421982214], [168.66222843354888, -45.0252044587784]]]}, "properties": {"building_id": 4735262, "facet_count": 4, "obstruction_count": 7, "panel_count": 48, "kwp": 21.12, "ac_kwh_day_avg": 59.2, "ac_kwh_year": 21604.0, "facet_area_m2": 163.5, "avg_poa_kwh_m2": 1224.0}}, {"type": "Feature", "geometry": {"type": "Polygon", "coordinates": [[[168.6630496911153, -45.02756110628767], [168.66314214518715, -45.02749439735356], [168.6631868979578, -45.027525587570594], [168.6632040911196, -45.02751318264524], [168.66326632220893, -45.02755655574605], [168.66309218374528, -45.027682202567156], [168.6630217326134, -45.02763310017298], [168.66308622249585, -45.027586568196234], [168.6630496911153, -45.02756110628767]]]}, "properties": {"building_id": 4735263, "facet_count": 3, "obstruction_count": 1, "panel_count": 38, "kwp": 16.72, "ac_kwh_day_avg": 49.9, "ac_kwh_year": 18220.0, "facet_area_m2": 166.0, "avg_poa_kwh_m2": 1318.0}}, {"type": "Feature", "geometry": {"type": "Polygon", "coordinates": [[[168.66350328964626, -45.02795124046133], [168.66359953150953, -45.02802025290561], [168.6633789469574, -45.02817494493104], [168.6632693891974, -45.02809638237997], [168.6633689036487, -45.02802659587261], [168.66338221964935, -45.02803614488536], [168.66350328964626, -45.02795124046133]]]}, "properties": {"building_id": 4735271, "facet_count": 6, "obstruction_count": 11, "panel_count": 55, "kwp": 24.2, "ac_kwh_day_avg": 69.4, "ac_kwh_year": 25349.0, "facet_area_m2": 253.4, "avg_poa_kwh_m2": 1258.0}}, {"type": "Feature", "geometry": {"type": "Polygon", "coordinates": [[[168.66332194498224, -45.02765990622112], [168.66339180078862, -45.02769676796694], [168.66333724536042, -45.02774875852286], [168.6633016944302, -45.02772999841201], [168.66325173820698, -45.02777760631416], [168.66316049126297, -45.02772945616052], [168.66321350117454, -45.02767893795184], [168.66323053164413, -45.02768792432254], [168.66324617134464, -45.027673018882524], [168.66328608473947, -45.02769408098751], [168.66332194498224, -45.02765990622112]]]}, "properties": {"building_id": 4735282, "facet_count": 3, "obstruction_count": 2, "panel_count": 20, "kwp": 8.8, "ac_kwh_day_avg": 25.7, "ac_kwh_year": 9374.0, "facet_area_m2": 97.8, "avg_poa_kwh_m2": 1238.0}}, {"type": "Feature", "geometry": {"type": "Polygon", "coordinates": [[[168.66230992199303, -45.02824136311757], [168.66223899654284, -45.02818947050451], [168.6623099761118, -45.02814068520434], [168.66244553040832, -45.028239862971574], [168.6622826481262, -45.028351815590554], [168.66221801811463, -45.0283045293554], [168.66230992199303, -45.02824136311757]]]}, "properties": {"building_id": 4735284, "facet_count": 4, "obstruction_count": 4, "panel_count": 40, "kwp": 17.6, "ac_kwh_day_avg": 50.2, "ac_kwh_year": 18325.0, "facet_area_m2": 175.0, "avg_poa_kwh_m2": 1247.0}}, {"type": "Feature", "geometry": {"type": "Polygon", "coordinates": [[[168.66220384452726, -45.025502129703646], [168.66229325818938, -45.02550556470747], [168.66229133111275, -45.02553078132278], [168.66235402128277, -45.025533190333235], [168.6623460128896, -45.02563800711631], [168.66227452110726, -45.025635259561675], [168.662276463412, -45.0256098418837], [168.66219585248425, -45.025606743655615], [168.66220384452726, -45.025502129703646]]]}, "properties": {"building_id": 4735288, "facet_count": 4, "obstruction_count": 3, "panel_count": 31, "kwp": 13.64, "ac_kwh_day_avg": 40.5, "ac_kwh_year": 14775.0, "facet_area_m2": 123.6, "avg_poa_kwh_m2": 1297.0}}, {"type": "Feature", "geometry": {"type": "Polygon", "coordinates": [[[168.66692925724925, -45.02834640460172], [168.66695006745857, -45.02836347470405], [168.6668876120845, -45.02840176215272], [168.6667258798418, -45.02826909497021], [168.6668073273293, -45.02821916457292], [168.66694825069166, -45.02833476159155], [168.66692925724925, -45.02834640460172]]]}, "properties": {"building_id": 4735307, "facet_count": 4, "obstruction_count": 2, "panel_count": 29, "kwp": 12.76, "ac_kwh_day_avg": 35.5, "ac_kwh_year": 12955.0, "facet_area_m2": 126.0, "avg_poa_kwh_m2": 1240.0}}, {"type": "Feature", "geometry": {"type": "Polygon", "coordinates": [[[168.66302829125945, -45.02877495652092], [168.66306642040726, -45.02875103988094], [168.66303752052104, -45.02872787125169], [168.66311093211377, -45.02868182364435], [168.66318551387732, -45.02874161535922], [168.66323365797496, -45.02871141648663], [168.66328974751806, -45.02875638419611], [168.66316237873525, -45.02883627593296], [168.6631467073725, -45.02882371256365], [168.66309273141593, -45.02885756843336], [168.66304487728948, -45.028819203592995], [168.6630665372535, -45.028805617454836], [168.66302829125945, -45.02877495652092]]]}, "properties": {"building_id": 4735314, "facet_count": 14, "obstruction_count": 1, "panel_count": 21, "kwp": 9.24, "ac_kwh_day_avg": 21.7, "ac_kwh_year": 7920.0, "facet_area_m2": 162.6, "avg_poa_kwh_m2": 1137.0}}, {"type": "Feature", "geometry": {"type": "Polygon", "coordinates": [[[168.66225702557455, -45.02885422778615], [168.6622974401115, -45.02889546411815], [168.66229824050805, -45.02892781410356], [168.66225232803515, -45.02893879742573], [168.66225480428915, -45.02894400293798], [168.66211114935243, -45.02897836954753], [168.66205041128907, -45.02885069761845], [168.66215901326382, -45.028824717392425], [168.6621877132789, -45.02888504479], [168.66222746539717, -45.02887553472423], [168.66225702557455, -45.02885422778615]]]}, "properties": {"building_id": 4735317, "facet_count": 4, "obstruction_count": 3, "panel_count": 39, "kwp": 17.16, "ac_kwh_day_avg": 49.1, "ac_kwh_year": 17933.0, "facet_area_m2": 141.4, "avg_poa_kwh_m2": 1263.0}}, {"type": "Feature", "geometry": {"type": "Polygon", "coordinates": [[[168.66262580039583, -45.028105816734765], [168.66262993129325, -45.028116567358694], [168.66261036923572, -45.02812034735362], [168.66261395832635, -45.02812968566758], [168.6625645101342, -45.02813924100437], [168.6625150208908, -45.02801045082576], [168.66259482778702, -45.02799502922476], [168.66261109573117, -45.028037366658296], [168.662652274613, -45.028029408650085], [168.66267777606657, -45.02809577332034], [168.66262580039583, -45.028105816734765]]]}, "properties": {"building_id": 4735331, "facet_count": 2, "obstruction_count": 0, "panel_count": 25, "kwp": 11.0, "ac_kwh_day_avg": 31.1, "ac_kwh_year": 11338.0, "facet_area_m2": 106.4, "avg_poa_kwh_m2": 1264.0}}, {"type": "Feature", "geometry": {"type": "Polygon", "coordinates": [[[168.66204846736505, -45.02534908240884], [168.6620710382779, -45.02535014841619], [168.66206917927784, -45.025369934969746], [168.6619572025439, -45.025364645495536], [168.6619684436183, -45.0252449626935], [168.66208076412087, -45.02525026883993], [168.66207528625043, -45.02530858715279], [168.66205237255127, -45.025307505400534], [168.66204846736505, -45.02534908240884]]]}, "properties": {"building_id": 4735333, "facet_count": 4, "obstruction_count": 1, "panel_count": 22, "kwp": 9.68, "ac_kwh_day_avg": 28.3, "ac_kwh_year": 10328.0, "facet_area_m2": 88.0, "avg_poa_kwh_m2": 1280.0}}, {"type": "Feature", "geometry": {"type": "Polygon", "coordinates": [[[168.66221050376086, -45.02499454880719], [168.66222518276265, -45.02492343245238], [168.66232567300696, -45.02493386393798], [168.66231099412533, -45.02500498031027], [168.66221050376086, -45.02499454880719]]]}, "properties": {"building_id": 4735349, "facet_count": 3, "obstruction_count": 2, "panel_count": 5, "kwp": 2.2, "ac_kwh_day_avg": 5.1, "ac_kwh_year": 1870.0, "facet_area_m2": 42.0, "avg_poa_kwh_m2": 1112.0}}, {"type": "Feature", "geometry": {"type": "Polygon", "coordinates": [[[168.66667501749794, -45.028156128759264], [168.66662725042548, -45.02816496493313], [168.66658387966558, -45.02804706228566], [168.6666976325749, -45.02802601956094], [168.66675450575892, -45.028180626055615], [168.66668851944422, -45.02819283274801], [168.66667501749794, -45.028156128759264]]]}, "properties": {"building_id": 4735364, "facet_count": 6, "obstruction_count": 3, "panel_count": 9, "kwp": 3.96, "ac_kwh_day_avg": 11.7, "ac_kwh_year": 4254.0, "facet_area_m2": 89.3, "avg_poa_kwh_m2": 1246.0}}, {"type": "Feature", "geometry": {"type": "Polygon", "coordinates": [[[168.66191667420114, -45.02837626325024], [168.6618830123726, -45.028322395751125], [168.66190211567803, -45.02831639295659], [168.66188383610506, -45.02828713964491], [168.66201620167942, -45.02824554455087], [168.6620823252129, -45.02835136049277], [168.66195095290627, -45.02839264329058], [168.66193677099733, -45.02836994808562], [168.66191667420114, -45.02837626325024]]]}, "properties": {"building_id": 4735365, "facet_count": 2, "obstruction_count": 3, "panel_count": 42, "kwp": 18.48, "ac_kwh_day_avg": 52.0, "ac_kwh_year": 18978.0, "facet_area_m2": 142.5, "avg_poa_kwh_m2": 1221.0}}, {"type": "Feature", "geometry": {"type": "Polygon", "coordinates": [[[168.66450338869006, -45.02827080069559], [168.66461660743897, -45.02819264405528], [168.66494371254439, -45.02843093061122], [168.66483049372184, -45.028509087573475], [168.66450338869006, -45.02827080069559]]]}, "properties": {"building_id": 4735410, "facet_count": 2, "obstruction_count": 18, "panel_count": 85, "kwp": 37.4, "ac_kwh_day_avg": 110.1, "ac_kwh_year": 40197.0, "facet_area_m2": 382.1, "avg_poa_kwh_m2": 1264.0}}, {"type": "Feature", "geometry": {"type": "Polygon", "coordinates": [[[168.66545925000025, -45.02878610593212], [168.66551922103147, -45.02874318784264], [168.6655795345809, -45.02878556946155], [168.66558945105066, -45.02877847225803], [168.66563867285112, -45.02881305862234], [168.6655757425676, -45.02885809491965], [168.66551184289372, -45.02881319413046], [168.665504885669, -45.02881817318386], [168.66545925000025, -45.02878610593212]]]}, "properties": {"building_id": 4735632, "facet_count": 3, "obstruction_count": 0, "panel_count": 4, "kwp": 1.76, "ac_kwh_day_avg": 5.6, "ac_kwh_year": 2042.0, "facet_area_m2": 29.2, "avg_poa_kwh_m2": 1288.0}}, {"type": "Feature", "geometry": {"type": "Polygon", "coordinates": [[[168.66536685904904, -45.02878895245572], [168.6654314152358, -45.02874591801114], [168.66546825706305, -45.028773710746016], [168.6654037021353, -45.02881674525933], [168.66536685904904, -45.02878895245572]]]}, "properties": {"building_id": 4735635, "facet_count": 1, "obstruction_count": 0, "panel_count": 0, "kwp": 0, "ac_kwh_day_avg": 0, "ac_kwh_year": 0, "facet_area_m2": 5.0, "avg_poa_kwh_m2": 1306.0}}, {"type": "Feature", "geometry": {"type": "Polygon", "coordinates": [[[168.66515103568437, -45.028795419119504], [168.66518417726488, -45.02877389114122], [168.66523269422765, -45.02881144941092], [168.6651995539073, -45.02883297745122], [168.66515103568437, -45.028795419119504]]]}, "properties": {"building_id": 4735643, "facet_count": 2, "obstruction_count": 0, "panel_count": 1, "kwp": 0.44, "ac_kwh_day_avg": 1.5, "ac_kwh_year": 546.0, "facet_area_m2": 15.0, "avg_poa_kwh_m2": 1292.0}}, {"type": "Feature", "geometry": {"type": "Polygon", "coordinates": [[[168.67023749019106, -45.03330172086338], [168.67039054924098, -45.033344679111494], [168.67037667153167, -45.03336954005003], [168.6704769370898, -45.03339768051608], [168.6704605502909, -45.03342703533211], [168.6704782779489, -45.033432010673124], [168.67045495966613, -45.033473782290024], [168.67033144172404, -45.03343911531429], [168.67034074302475, -45.03342245232002], [168.67025787196903, -45.033399193437475], [168.6702811391349, -45.03335751173855], [168.67021647688895, -45.033339363495294], [168.67023749019106, -45.03330172086338]]]}, "properties": {"building_id": 5370930, "facet_count": 1, "obstruction_count": 3, "panel_count": 33, "kwp": 14.52, "ac_kwh_day_avg": 41.1, "ac_kwh_year": 14991.0, "facet_area_m2": 139.5, "avg_poa_kwh_m2": 1238.0}}, {"type": "Feature", "geometry": {"type": "Polygon", "coordinates": [[[168.66691571016193, -45.0348273878561], [168.66621654771834, -45.03481294092159], [168.66622371215317, -45.034638623309064], [168.66692287374244, -45.034653070167565], [168.66691571016193, -45.0348273878561]]]}, "properties": {"building_id": 5371183, "facet_count": 7, "obstruction_count": 25, "panel_count": 348, "kwp": 153.12, "ac_kwh_day_avg": 451.1, "ac_kwh_year": 164636.0, "facet_area_m2": 1005.2, "avg_poa_kwh_m2": 1279.0}}, {"type": "Feature", "geometry": {"type": "Polygon", "coordinates": [[[168.66916071241292, -45.035079032078215], [168.6691224471966, -45.03512278396448], [168.66897075832748, -45.03505608586023], [168.66897362647921, -45.035052807422566], [168.6686896219906, -45.03492792889478], [168.66868586059178, -45.03486372306779], [168.66872713710802, -45.03486250719056], [168.66880023551437, -45.03489464890859], [168.66879644736804, -45.03489897981424], [168.6691387764471, -45.0350495033017], [168.66912621684602, -45.03506386394089], [168.66916071241292, -45.035079032078215]]]}, "properties": {"building_id": 5371184, "facet_count": 3, "obstruction_count": 8, "panel_count": 39, "kwp": 17.16, "ac_kwh_day_avg": 44.3, "ac_kwh_year": 16159.0, "facet_area_m2": 204.4, "avg_poa_kwh_m2": 1129.0}}, {"type": "Feature", "geometry": {"type": "Polygon", "coordinates": [[[168.66946852010147, -45.034429778281535], [168.66950810866615, -45.03438590911596], [168.66954126636998, -45.03440095249676], [168.66950167781857, -45.034444821674356], [168.66946852010147, -45.034429778281535]]]}, "properties": {"building_id": 5371185, "facet_count": 1, "obstruction_count": 0, "panel_count": 2, "kwp": 0.88, "ac_kwh_day_avg": 2.6, "ac_kwh_year": 959.0, "facet_area_m2": 15.3, "avg_poa_kwh_m2": 1306.0}}, {"type": "Feature", "geometry": {"type": "Polygon", "coordinates": [[[168.66957444475963, -45.03546879733953], [168.66959681611547, -45.03544206451247], [168.66966360044378, -45.03547016250104], [168.6696412303721, -45.035496895390004], [168.66957444475963, -45.03546879733953]]]}, "properties": {"building_id": 5371186, "facet_count": 1, "obstruction_count": 0, "panel_count": 1, "kwp": 0.44, "ac_kwh_day_avg": 1.4, "ac_kwh_year": 502.0, "facet_area_m2": 10.9, "avg_poa_kwh_m2": 1367.0}}, {"type": "Feature", "geometry": {"type": "Polygon", "coordinates": [[[168.66671742857247, -45.03156042836835], [168.6667748620229, -45.031519563762366], [168.66686722606087, -45.03158483608637], [168.6668097931295, -45.031625700619], [168.66671742857247, -45.03156042836835]]]}, "properties": {"building_id": 5371207, "facet_count": 2, "obstruction_count": 1, "panel_count": 0, "kwp": 0, "ac_kwh_day_avg": 0, "ac_kwh_year": 0, "facet_area_m2": 16.7, "avg_poa_kwh_m2": 1306.0}}, {"type": "Feature", "geometry": {"type": "Polygon", "coordinates": [[[168.66875914812843, -45.0314395498792], [168.6688508893972, -45.0313848432497], [168.66894812050094, -45.03146682958386], [168.66893788124088, -45.03147293540146], [168.66906002800528, -45.03157593112945], [168.6690242845759, -45.03159724525135], [168.6690517545463, -45.03162040844218], [168.66897564937048, -45.03166579024135], [168.6689490486091, -45.03164335990084], [168.66893565763573, -45.03165134500576], [168.6689005130189, -45.03162171046446], [168.6689035458169, -45.03160151741313], [168.6689322891609, -45.0315849190146], [168.6688558833103, -45.03151706960665], [168.66881286226428, -45.031541011401565], [168.66875535641148, -45.03148898940312], [168.66875914812843, -45.0314395498792]]]}, "properties": {"building_id": 5371208, "facet_count": 10, "obstruction_count": 5, "panel_count": 38, "kwp": 16.72, "ac_kwh_day_avg": 49.2, "ac_kwh_year": 17969.0, "facet_area_m2": 209.9, "avg_poa_kwh_m2": 1293.0}}, {"type": "Feature", "geometry": {"type": "Polygon", "coordinates": [[[168.66997695782382, -45.03293844413722], [168.6700270196591, -45.032904287792576], [168.67002135671328, -45.03290011544511], [168.67009840290564, -45.03284754809575], [168.67016450083273, -45.03289625747529], [168.67011003000397, -45.0329334222736], [168.67019160039132, -45.03297958490059], [168.6700908135077, -45.03306912780268], [168.6700130342426, -45.033025111135984], [168.6700516406608, -45.032990811294674], [168.67003759347298, -45.03298045932951], [168.67000832813454, -45.03300042650071], [168.66995631220846, -45.032962095535375], [168.6699836982433, -45.032943410875134], [168.66997695782382, -45.03293844413722]]]}, "properties": {"building_id": 5371215, "facet_count": 6, "obstruction_count": 2, "panel_count": 10, "kwp": 4.4, "ac_kwh_day_avg": 12.3, "ac_kwh_year": 4487.0, "facet_area_m2": 129.6, "avg_poa_kwh_m2": 1261.0}}, {"type": "Feature", "geometry": {"type": "Polygon", "coordinates": [[[168.66991333158904, -45.03497178965198], [168.66995764219837, -45.034989268966406], [168.66994029343047, -45.03501138003855], [168.6698959828099, -45.0349939007172], [168.66991333158904, -45.03497178965198]]]}, "properties": {"building_id": 5372796, "facet_count": 1, "obstruction_count": 0, "panel_count": 1, "kwp": 0.44, "ac_kwh_day_avg": 1.4, "ac_kwh_year": 505.0, "facet_area_m2": 9.1, "avg_poa_kwh_m2": 1376.0}}, {"type": "Feature", "geometry": {"type": "Polygon", "coordinates": [[[168.6700650819059, -45.03575994273239], [168.67001235773702, -45.0357599633472], [168.67001234054865, -45.035737778770375], [168.67006506479402, -45.03573775829723], [168.6700650819059, -45.03575994273239]]]}, "properties": {"building_id": 5372798, "facet_count": 1, "obstruction_count": 0, "panel_count": 1, "kwp": 0.44, "ac_kwh_day_avg": 1.2, "ac_kwh_year": 447.0, "facet_area_m2": 6.9, "avg_poa_kwh_m2": 1219.0}}, {"type": "Feature", "geometry": {"type": "Polygon", "coordinates": [[[168.67210541106363, -45.03364098434393], [168.67206842663762, -45.03363688848337], [168.67207544611867, -45.03360502060468], [168.67211243066285, -45.033609116563795], [168.67210541106363, -45.03364098434393]]]}, "properties": {"building_id": 5372799, "facet_count": 1, "obstruction_count": 0, "panel_count": 1, "kwp": 0.44, "ac_kwh_day_avg": 1.2, "ac_kwh_year": 454.0, "facet_area_m2": 6.0, "avg_poa_kwh_m2": 1237.0}}, {"type": "Feature", "geometry": {"type": "Polygon", "coordinates": [[[168.67265424191157, -45.034083903963605], [168.67261079085077, -45.03406768003483], [168.6726343060123, -45.034036016055516], [168.67267775698267, -45.034052239815566], [168.67265424191157, -45.034083903963605]]]}, "properties": {"building_id": 5372801, "facet_count": 1, "obstruction_count": 0, "panel_count": 1, "kwp": 0.44, "ac_kwh_day_avg": 0.9, "ac_kwh_year": 330.0, "facet_area_m2": 7.4, "avg_poa_kwh_m2": 900.0}}, {"type": "Feature", "geometry": {"type": "Polygon", "coordinates": [[[168.67262878273172, -45.03255629515652], [168.67262683779566, -45.032604686053226], [168.67252266454176, -45.032602581645016], [168.67252039924784, -45.032659010897504], [168.67267305107572, -45.03266208818852], [168.6726667513663, -45.032819374611364], [168.67251700999725, -45.03281636353635], [168.67251756708166, -45.032802241172405], [168.6724297310538, -45.03280052332863], [168.6724323223033, -45.03273370553141], [168.67238516814737, -45.03273279078736], [168.67239088215686, -45.032583976382796], [168.6725088900524, -45.03258625192011], [168.67251012410128, -45.032554014446504], [168.67262878273172, -45.03255629515652]]]}, "properties": {"building_id": 5373425, "facet_count": 2, "obstruction_count": 2, "panel_count": 151, "kwp": 66.44, "ac_kwh_day_avg": 198.4, "ac_kwh_year": 72400.0, "facet_area_m2": 426.3, "avg_poa_kwh_m2": 1305.0}}, {"type": "Feature", "geometry": {"type": "Polygon", "coordinates": [[[168.67101088578502, -45.03286610893528], [168.67105089216224, -45.032895494565885], [168.67102377677242, -45.03291405556427], [168.67098377032454, -45.032884670092066], [168.67101088578502, -45.03286610893528]]]}, "properties": {"building_id": 5373426, "facet_count": 1, "obstruction_count": 0, "panel_count": 0, "kwp": 0, "ac_kwh_day_avg": 0, "ac_kwh_year": 0, "facet_area_m2": 6.7, "avg_poa_kwh_m2": 1051.0}}, {"type": "Feature", "geometry": {"type": "Polygon", "coordinates": [[[168.66919161898795, -45.0326505562937], [168.66916497427604, -45.0326342828489], [168.66919688395575, -45.032608013655484], [168.66922352872575, -45.03262428723135], [168.66919161898795, -45.0326505562937]]]}, "properties": {"building_id": 5373433, "facet_count": 1, "obstruction_count": 0, "panel_count": 1, "kwp": 0.44, "ac_kwh_day_avg": 1.3, "ac_kwh_year": 463.0, "facet_area_m2": 8.7, "avg_poa_kwh_m2": 1260.0}}, {"type": "Feature", "geometry": {"type": "Polygon", "coordinates": [[[168.66941735928822, -45.03282391619998], [168.66944243057046, -45.03284353174977], [168.66951073183722, -45.032897990819585], [168.66941173619497, -45.03296041329714], [168.66944957797173, -45.03299059084261], [168.66938502517868, -45.03303128578057], [168.6692824052181, -45.03294943364598], [168.66930710540615, -45.03293386697088], [168.66929399494188, -45.03292340367173], [168.66924035770563, -45.03295718295606], [168.6692026662209, -45.03292708789119], [168.669262816651, -45.03288921436614], [168.6692852151444, -45.032907102392564], [168.66941735928822, -45.03282391619998]]]}, "properties": {"building_id": 5373434, "facet_count": 1, "obstruction_count": 6, "panel_count": 57, "kwp": 25.08, "ac_kwh_day_avg": 74.9, "ac_kwh_year": 27330.0, "facet_area_m2": 214.9, "avg_poa_kwh_m2": 1306.0}}, {"type": "Feature", "geometry": {"type": "Polygon", "coordinates": [[[168.6694449135946, -45.03284187657777], [168.66941939824488, -45.03282253879159], [168.66940742656766, -45.03281318507693], [168.66945583109617, -45.03278204520478], [168.6694928931664, -45.03281101312725], [168.6694449135946, -45.03284187657777]]]}, "properties": {"building_id": 5373435, "facet_count": 1, "obstruction_count": 0, "panel_count": 1, "kwp": 0.44, "ac_kwh_day_avg": 1.3, "ac_kwh_year": 479.0, "facet_area_m2": 10.2, "avg_poa_kwh_m2": 1306.0}}, {"type": "Feature", "geometry": {"type": "Polygon", "coordinates": [[[168.66956725216622, -45.032938981374606], [168.66953807732713, -45.0329187005557], [168.66959007074968, -45.032881094151215], [168.66961924547013, -45.0329013747473], [168.66956725216622, -45.032938981374606]]]}, "properties": {"building_id": 5373436, "facet_count": 1, "obstruction_count": 0, "panel_count": 1, "kwp": 0.44, "ac_kwh_day_avg": 1.3, "ac_kwh_year": 458.0, "facet_area_m2": 11.8, "avg_poa_kwh_m2": 1248.0}}, {"type": "Feature", "geometry": {"type": "Polygon", "coordinates": [[[168.6676566109253, -45.03276608843192], [168.66764510643083, -45.032758448762145], [168.66759382057714, -45.032797276330825], [168.6674308512786, -45.03268904294524], [168.6675754642563, -45.03257956087607], [168.66765184872565, -45.03263029112941], [168.6676426947197, -45.03263722124863], [168.66774078270242, -45.03270236469167], [168.6676566109253, -45.03276608843192]]]}, "properties": {"building_id": 4725492, "facet_count": 3, "obstruction_count": 11, "panel_count": 53, "kwp": 23.32, "ac_kwh_day_avg": 69.6, "ac_kwh_year": 25412.0, "facet_area_m2": 246.0, "avg_poa_kwh_m2": 1309.0}}, {"type": "Feature", "geometry": {"type": "Polygon", "coordinates": [[[168.6672609720776, -45.03259104379135], [168.6672270784879, -45.03256590674767], [168.66727697191004, -45.03253208098356], [168.66739457970496, -45.032619302977835], [168.6672494661871, -45.03271768355302], [168.66716575328144, -45.03265559853047], [168.6672609720776, -45.03259104379135]]]}, "properties": {"building_id": 4725493, "facet_count": 6, "obstruction_count": 5, "panel_count": 26, "kwp": 11.44, "ac_kwh_day_avg": 32.7, "ac_kwh_year": 11919.0, "facet_area_m2": 126.4, "avg_poa_kwh_m2": 1269.0}}, {"type": "Feature", "geometry": {"type": "Polygon", "coordinates": [[[168.6683186427813, -45.032828514330475], [168.66837245160704, -45.03286596807828], [168.66832568077396, -45.03289975365071], [168.6683184479477, -45.0328947194921], [168.66823606510508, -45.03295422943909], [168.6680556432791, -45.03282864690371], [168.66818386635512, -45.03273602377594], [168.66823921035254, -45.03277454594015], [168.66825969389825, -45.03275974926377], [168.66832497963168, -45.03282393642093], [168.6683186427813, -45.032828514330475]]]}, "properties": {"building_id": 4725497, "facet_count": 1, "obstruction_count": 4, "panel_count": 84, "kwp": 36.96, "ac_kwh_day_avg": 110.3, "ac_kwh_year": 40276.0, "facet_area_m2": 271.7, "avg_poa_kwh_m2": 1306.0}}, {"type": "Feature", "geometry": {"type": "Polygon", "coordinates": [[[168.6685650806651, -45.033503013935984], [168.66855238286215, -45.033511966322514], [168.66857852652012, -45.03353060977397], [168.66852166453083, -45.033570700383976], [168.66847679890054, -45.03353870502707], [168.66841602114764, -45.033581556199906], [168.6683678368817, -45.03354719411865], [168.66835574381258, -45.033555720268716], [168.66815614811784, -45.03341338319708], [168.668251963174, -45.03334583015309], [168.6682635719438, -45.03335410835747], [168.66846055726938, -45.033215225764415], [168.6685803478822, -45.03330065167612], [168.6684173108421, -45.033415601203174], [168.66847015089175, -45.03345328274503], [168.6684828192153, -45.03344435085199], [168.6685650806651, -45.033503013935984]]]}, "properties": {"building_id": 4725500, "facet_count": 13, "obstruction_count": 25, "panel_count": 148, "kwp": 65.12, "ac_kwh_day_avg": 178.4, "ac_kwh_year": 65109.0, "facet_area_m2": 565.8, "avg_poa_kwh_m2": 1227.0}}, {"type": "Feature", "geometry": {"type": "Polygon", "coordinates": [[[168.66852342501085, -45.033996406726445], [168.66840698457437, -45.03399861281624], [168.66840459314466, -45.033935131476305], [168.66852103345173, -45.03393292538405], [168.66852342501085, -45.033996406726445]]]}, "properties": {"building_id": 4725501, "facet_count": 2, "obstruction_count": 2, "panel_count": 17, "kwp": 7.48, "ac_kwh_day_avg": 23.3, "ac_kwh_year": 8519.0, "facet_area_m2": 61.1, "avg_poa_kwh_m2": 1306.0}}, {"type": "Feature", "geometry": {"type": "Polygon", "coordinates": [[[168.6679488931953, -45.033944490055944], [168.66796717376482, -45.03394070545036], [168.66796257221588, -45.03392952935286], [168.66802955650425, -45.03391566365608], [168.6680337481728, -45.03392584656784], [168.66805564122785, -45.033921314348696], [168.66819185331678, -45.03425214434095], [168.6680868603063, -45.034273878153975], [168.66797759943412, -45.03400850607978], [168.66786456794992, -45.034031903808014], [168.6680140657483, -45.03439500483054], [168.66788204728954, -45.034422333178945], [168.66784660462045, -45.03433625041591], [168.66787386824572, -45.03433060716413], [168.6677543531844, -45.034040324895926], [168.66768782137314, -45.034054096904036], [168.66766771308554, -45.03400525891905], [168.66770749470092, -45.033997023628096], [168.66770397740942, -45.03398848397609], [168.66789569748823, -45.03394879761213], [168.66790188544678, -45.03396382650299], [168.6679525367619, -45.03395334146411], [168.6679488931953, -45.033944490055944]]]}, "properties": {"building_id": 4725507, "facet_count": 37, "obstruction_count": 11, "panel_count": 19, "kwp": 8.36, "ac_kwh_day_avg": 21.5, "ac_kwh_year": 7851.0, "facet_area_m2": 320.9, "avg_poa_kwh_m2": 1197.0}}, {"type": "Feature", "geometry": {"type": "Polygon", "coordinates": [[[168.6677898040391, -45.03439025632406], [168.66773915378278, -45.03440058739789], [168.66774433642195, -45.034413363621674], [168.66766811159076, -45.03442890967525], [168.6674982109181, -45.03401008243634], [168.66757278866604, -45.0339948717786], [168.66757845388145, -45.03400883749886], [168.66763075162996, -45.03399817122901], [168.6677898040391, -45.03439025632406]]]}, "properties": {"building_id": 4725508, "facet_count": 6, "obstruction_count": 18, "panel_count": 121, "kwp": 53.24, "ac_kwh_day_avg": 162.0, "ac_kwh_year": 59144.0, "facet_area_m2": 409.4, "avg_poa_kwh_m2": 1335.0}}, {"type": "Feature", "geometry": {"type": "Polygon", "coordinates": [[[168.66759091231904, -45.03373388174017], [168.66756721136778, -45.0337170871735], [168.66755759150163, -45.03372391316084], [168.66737754733967, -45.03359633018507], [168.6672923519125, -45.03365677766047], [168.66739766036198, -45.033731401185975], [168.6673248454069, -45.03378306440442], [168.6672226626639, -45.033710656164075], [168.66712802938827, -45.03377780046384], [168.66713769766213, -45.0338056993744], [168.66693323745793, -45.033841325512455], [168.66691994030285, -45.0338029571602], [168.6668883158471, -45.03380846771919], [168.66688589340376, -45.033808889641634], [168.66685401441438, -45.03378630009237], [168.66684069995014, -45.033795747354965], [168.66643038134188, -45.03350498321289], [168.66641691401654, -45.03351453803851], [168.66634202785315, -45.03346147031639], [168.66652658477756, -45.033330525442075], [168.66659889006837, -45.03338176206265], [168.66664796335294, -45.033346943995554], [168.66657961522677, -45.03329851070265], [168.6669541027685, -45.03303280480077], [168.6670302036641, -45.033086732067474], [168.66701174488745, -45.033099828513706], [168.66741228906665, -45.033383663865415], [168.66748671193878, -45.03333085814996], [168.66780315182777, -45.03355509132497], [168.66779051104555, -45.03356406019645], [168.66781039700604, -45.03357815138656], [168.6677972477432, -45.03358748171399], [168.6677996797651, -45.03360767448299], [168.66779714202085, -45.03362786111136], [168.6677897136255, -45.0336474315764], [168.66777761832316, -45.03366579395406], [168.66776122053142, -45.03368239317298], [168.66774101638893, -45.03369672867807], [168.66771761634934, -45.03370836637202], [168.66769172870121, -45.03371695509271], [168.66766413357104, -45.033722234627504], [168.66763566558404, -45.033724046756724], [168.66760718594583, -45.03372233509308], [168.66759091231904, -45.03373388174017]], [[168.66662577234953, -45.0334072835881], [168.66698020644682, -45.033656183831845], [168.66706785991826, -45.03364038762161], [168.66723484111594, -45.03352083515062], [168.6672530494404, -45.033533622208886], [168.6673683400399, -45.03345107756541], [168.6672394049013, -45.03336053448213], [168.66714725521567, -45.03342591881113], [168.66687941318077, -45.03323782483387], [168.6668285458632, -45.03327424375453], [168.66688812391666, -45.0333160826952], [168.6667489769326, -45.033415706650175], [168.66668083964726, -45.033367857555056], [168.66662577234953, -45.0334072835881]]]}, "properties": {"building_id": 4725584, "facet_count": 29, "obstruction_count": 46, "panel_count": 474, "kwp": 208.56, "ac_kwh_day_avg": 624.6, "ac_kwh_year": 227995.0, "facet_area_m2": 2117.5, "avg_poa_kwh_m2": 1304.0}}, {"type": "Feature", "geometry": {"type": "Polygon", "coordinates": [[[168.66883537745258, -45.03516340174353], [168.66884911578072, -45.035146968677765], [168.6689916599213, -45.03520688133264], [168.66892537318944, -45.0352861701813], [168.66871343103972, -45.03519708741802], [168.66876597826987, -45.035134232605515], [168.66883537745258, -45.03516340174353]]]}, "properties": {"building_id": 4725585, "facet_count": 8, "obstruction_count": 3, "panel_count": 2, "kwp": 0.88, "ac_kwh_day_avg": 2.4, "ac_kwh_year": 894.0, "facet_area_m2": 68.9, "avg_poa_kwh_m2": 1279.0}}, {"type": "Feature", "geometry": {"type": "Polygon", "coordinates": [[[168.66821214132122, -45.0352326089242], [168.66805112976712, -45.03526518470715], [168.66804455988628, -45.035248857641044], [168.66800605649217, -45.035256648322765], [168.66797358829186, -45.03517596726052], [168.66796491528163, -45.03517772158962], [168.66794715087343, -45.035133575405524], [168.6682221826108, -45.03507793103447], [168.66823778292405, -45.03511669822004], [168.66821743454784, -45.03516363949996], [168.66823557650568, -45.03520872268365], [168.66820501782277, -45.03521490514309], [168.66821214132122, -45.0352326089242]]]}, "properties": {"building_id": 4725588, "facet_count": 3, "obstruction_count": 0, "panel_count": 119, "kwp": 52.36, "ac_kwh_day_avg": 146.3, "ac_kwh_year": 53407.0, "facet_area_m2": 305.6, "avg_poa_kwh_m2": 1224.0}}, {"type": "Feature", "geometry": {"type": "Polygon", "coordinates": [[[168.66765015567424, -45.03535503286808], [168.66768870454146, -45.03544950468468], [168.66756946526098, -45.03547396515358], [168.66749412267532, -45.03528931902779], [168.66755420892977, -45.03527699360958], [168.66759100425799, -45.03536716702002], [168.66765015567424, -45.03535503286808]]]}, "properties": {"building_id": 4725593, "facet_count": 3, "obstruction_count": 4, "panel_count": 39, "kwp": 17.16, "ac_kwh_day_avg": 50.6, "ac_kwh_year": 18467.0, "facet_area_m2": 147.4, "avg_poa_kwh_m2": 1295.0}}, {"type": "Feature", "geometry": {"type": "Polygon", "coordinates": [[[168.66675964256157, -45.03520344609822], [168.66686990162628, -45.03518212974185], [168.66687508867432, -45.03519561822224], [168.66691841381248, -45.03518724245277], [168.666935662854, -45.03523209926088], [168.6669506560088, -45.035229200767006], [168.6669706933588, -45.03528130746733], [168.6668883667484, -45.03529722417728], [168.66688302040887, -45.03528332365679], [168.66686593231478, -45.035286626807135], [168.66685826480654, -45.03526668689477], [168.66678910317603, -45.03528005774227], [168.66675964256157, -45.03520344609822]]]}, "properties": {"building_id": 4725594, "facet_count": 3, "obstruction_count": 1, "panel_count": 28, "kwp": 12.32, "ac_kwh_day_avg": 37.1, "ac_kwh_year": 13531.0, "facet_area_m2": 122.8, "avg_poa_kwh_m2": 1306.0}}, {"type": "Feature", "geometry": {"type": "Polygon", "coordinates": [[[168.66677333292662, -45.035604357408545], [168.6667651139203, -45.035582862602126], [168.66673903991844, -45.035587874768325], [168.6667085392841, -45.03550810892017], [168.66688606759135, -45.035473979944605], [168.66690955031248, -45.035535392359165], [168.66687921330313, -45.0355412246128], [168.6668944517591, -45.03558107285682], [168.66677333292662, -45.035604357408545]]]}, "properties": {"building_id": 4725597, "facet_count": 3, "obstruction_count": 2, "panel_count": 38, "kwp": 16.72, "ac_kwh_day_avg": 52.2, "ac_kwh_year": 19051.0, "facet_area_m2": 142.2, "avg_poa_kwh_m2": 1345.0}}, {"type": "Feature", "geometry": {"type": "Polygon", "coordinates": [[[168.66756528932544, -45.035643078104584], [168.66758321216471, -45.0356877965876], [168.66747664259697, -45.03570927007146], [168.66747179773958, -45.03569718091736], [168.66740057595422, -45.035711532456574], [168.6673885062471, -45.035681420548826], [168.66735795046765, -45.035687576785016], [168.66735513184895, -45.03568054269113], [168.6672263618673, -45.035706488631064], [168.66722226783057, -45.035696274294516], [168.66713978465086, -45.035712894584506], [168.66713729389465, -45.035706679517695], [168.66705074192845, -45.03572411908771], [168.66704704953403, -45.03571490662005], [168.66694767488616, -45.035734930139185], [168.66694383615368, -45.03572535292972], [168.6668542221118, -45.03574341050555], [168.66685013663894, -45.03573321808572], [168.66677727614262, -45.03574789852258], [168.66674943356725, -45.03567842927977], [168.66694034421243, -45.0356399623253], [168.66695083499135, -45.03566613624377], [168.66731016024198, -45.035593733001264], [168.66730228624797, -45.0355740868344], [168.6673654179945, -45.03556136596762], [168.66735532228063, -45.03553617750799], [168.66739751192134, -45.03552767647893], [168.6673920804682, -45.035514127422324], [168.66743646048238, -45.03550518482252], [168.6674440770625, -45.03552418926302], [168.6675052555415, -45.03551186217584], [168.66753971991713, -45.035597854743656], [168.66758536087, -45.0355886575476], [168.66757614632166, -45.035565666654556], [168.66778102735245, -45.03552438326113], [168.66781073495693, -45.03559850329809], [168.66760653050883, -45.035639650425885], [168.66760472009506, -45.03563513287953], [168.66756528932544, -45.035643078104584]]]}, "properties": {"building_id": 4725599, "facet_count": 12, "obstruction_count": 18, "panel_count": 181, "kwp": 79.64, "ac_kwh_day_avg": 212.7, "ac_kwh_year": 77635.0, "facet_area_m2": 753.5, "avg_poa_kwh_m2": 1204.0}}, {"type": "Feature", "geometry": {"type": "Polygon", "coordinates": [[[168.6682105307864, -45.03250999658961], [168.66819946789937, -45.0325177111932], [168.66822373489893, -45.0325352094843], [168.66823178914137, -45.03252959321119], [168.66828606829486, -45.032568731125615], [168.66822701630124, -45.03260990861459], [168.66809326894605, -45.03251346921625], [168.66797224943787, -45.03243978046808], [168.66799797209853, -45.03242184414198], [168.6680238835068, -45.03244052840683], [168.66806350075137, -45.032412902954626], [168.6681190461804, -45.03245295415441], [168.6680881224161, -45.03247451775688], [168.6681171147675, -45.03249542192929], [168.66815432912227, -45.03246947220163], [168.6682105307864, -45.03250999658961]]]}, "properties": {"building_id": 4734690, "facet_count": 1, "obstruction_count": 1, "panel_count": 33, "kwp": 14.52, "ac_kwh_day_avg": 38.6, "ac_kwh_year": 14088.0, "facet_area_m2": 141.2, "avg_poa_kwh_m2": 1163.0}}, {"type": "Feature", "geometry": {"type": "Polygon", "coordinates": [[[168.66906327964125, -45.031868034887914], [168.66898927505306, -45.03191771764821], [168.6689798448958, -45.03191086990231], [168.66898535725093, -45.03190705369605], [168.6689087076761, -45.031851394726075], [168.66899198852028, -45.03179372868818], [168.6690147182468, -45.03181023400517], [168.66911383021892, -45.031741604639095], [168.66917828037373, -45.031788404801816], [168.66906327964125, -45.031868034887914]]]}, "properties": {"building_id": 4734773, "facet_count": 8, "obstruction_count": 1, "panel_count": 7, "kwp": 3.08, "ac_kwh_day_avg": 10.0, "ac_kwh_year": 3655.0, "facet_area_m2": 82.8, "avg_poa_kwh_m2": 1369.0}}, {"type": "Feature", "geometry": {"type": "Polygon", "coordinates": [[[168.66803273180759, -45.03164123316632], [168.66807789518487, -45.031605490823026], [168.66809537823195, -45.03161659833673], [168.6681066892761, -45.03160764731059], [168.66813645146388, -45.03162655710852], [168.66802708587022, -45.031713111212596], [168.66782322030053, -45.031583587502034], [168.66787611395523, -45.031541727878135], [168.66803273180759, -45.03164123316632]]]}, "properties": {"building_id": 4735023, "facet_count": 2, "obstruction_count": 4, "panel_count": 44, "kwp": 19.36, "ac_kwh_day_avg": 52.5, "ac_kwh_year": 19162.0, "facet_area_m2": 153.9, "avg_poa_kwh_m2": 1207.0}}, {"type": "Feature", "geometry": {"type": "Polygon", "coordinates": [[[168.66749436340658, -45.03229974742101], [168.6673921412328, -45.03237130879869], [168.66721577637455, -45.032244636862686], [168.66731799851874, -45.032173075641964], [168.66749436340658, -45.03229974742101]]]}, "properties": {"building_id": 4735031, "facet_count": 5, "obstruction_count": 2, "panel_count": 1, "kwp": 0.44, "ac_kwh_day_avg": 1.3, "ac_kwh_year": 479.0, "facet_area_m2": 45.1, "avg_poa_kwh_m2": 1354.0}}, {"type": "Feature", "geometry": {"type": "Polygon", "coordinates": [[[168.66717612697428, -45.03200013608507], [168.66731258985678, -45.03190621940016], [168.66739200236537, -45.031964236739746], [168.66725553819467, -45.032058153470715], [168.66717612697428, -45.03200013608507]]]}, "properties": {"building_id": 4735062, "facet_count": 1, "obstruction_count": 2, "panel_count": 38, "kwp": 16.72, "ac_kwh_day_avg": 47.7, "ac_kwh_year": 17410.0, "facet_area_m2": 124.2, "avg_poa_kwh_m2": 1248.0}}, {"type": "Feature", "geometry": {"type": "Polygon", "coordinates": [[[168.66696956334, -45.03176819810041], [168.66686438174048, -45.031689951222624], [168.66694224482833, -45.03163732434347], [168.66704742644842, -45.03171557115022], [168.66696956334, -45.03176819810041]]]}, "properties": {"building_id": 4735076, "facet_count": 2, "obstruction_count": 1, "panel_count": 22, "kwp": 9.68, "ac_kwh_day_avg": 29.6, "ac_kwh_year": 10817.0, "facet_area_m2": 94.2, "avg_poa_kwh_m2": 1309.0}}, {"type": "Feature", "geometry": {"type": "Polygon", "coordinates": [[[168.66677075359374, -45.03230500703726], [168.6669059669774, -45.032404587774785], [168.66680975220834, -45.032470275502966], [168.66667453885407, -45.03237069465248], [168.66677075359374, -45.03230500703726]]]}, "properties": {"building_id": 4735152, "facet_count": 5, "obstruction_count": 4, "panel_count": 27, "kwp": 11.88, "ac_kwh_day_avg": 35.6, "ac_kwh_year": 12993.0, "facet_area_m2": 114.7, "avg_poa_kwh_m2": 1304.0}}, {"type": "Feature", "geometry": {"type": "Polygon", "coordinates": [[[168.6678933098585, -45.03243188968073], [168.66795113857316, -45.03247313947292], [168.6679347722541, -45.032484675446085], [168.6679936500569, -45.032552256032375], [168.66811445496464, -45.03263842853666], [168.66810074497727, -45.03264809316571], [168.66813585458002, -45.03267313753088], [168.66807888676755, -45.03271329231454], [168.66806614968843, -45.03270420605002], [168.66801044895226, -45.03274346825389], [168.66793448638774, -45.03268928314435], [168.66793921194525, -45.03268595199588], [168.66786982645087, -45.032636458337116], [168.66788121517573, -45.032628431180584], [168.66780562743838, -45.03257451408315], [168.66782419972566, -45.03256142272164], [168.66774694390847, -45.03250631425084], [168.667859207356, -45.032427182797235], [168.667879476575, -45.032441640516566], [168.6678933098585, -45.03243188968073]]]}, "properties": {"building_id": 4735291, "facet_count": 1, "obstruction_count": 1, "panel_count": 136, "kwp": 59.84, "ac_kwh_day_avg": 168.1, "ac_kwh_year": 61340.0, "facet_area_m2": 394.5, "avg_poa_kwh_m2": 1229.0}}, {"type": "Feature", "geometry": {"type": "Polygon", "coordinates": [[[168.66684441855475, -45.03193358671094], [168.66679702890605, -45.031899725864584], [168.66678434991152, -45.03190864906321], [168.66666106539938, -45.03182056159087], [168.66677554845324, -45.03173999696381], [168.6669177113656, -45.031841572040605], [168.66687305760786, -45.03187299617943], [168.6669015702167, -45.03189336841797], [168.66684441855475, -45.03193358671094]]]}, "properties": {"building_id": 4735408, "facet_count": 2, "obstruction_count": 4, "panel_count": 57, "kwp": 25.08, "ac_kwh_day_avg": 72.4, "ac_kwh_year": 26413.0, "facet_area_m2": 197.7, "avg_poa_kwh_m2": 1270.0}}, {"type": "Feature", "geometry": {"type": "Polygon", "coordinates": [[[168.6669890082796, -45.03243742999709], [168.6670416914175, -45.032397601692125], [168.66719739074236, -45.032501156471874], [168.66711625683504, -45.03256249275693], [168.66697166941694, -45.03246632773277], [168.66700011892377, -45.032444819812675], [168.6669890082796, -45.03243742999709]]]}, "properties": {"building_id": 4735617, "facet_count": 4, "obstruction_count": 0, "panel_count": 14, "kwp": 6.16, "ac_kwh_day_avg": 20.6, "ac_kwh_year": 7510.0, "facet_area_m2": 106.5, "avg_poa_kwh_m2": 1382.0}}, {"type": "Feature", "geometry": {"type": "Polygon", "coordinates": [[[168.6677184415318, -45.031451445247434], [168.6677596921487, -45.03142171882127], [168.6677376038129, -45.031406307955166], [168.66778209156817, -45.031374247033355], [168.6678096256405, -45.03139345841752], [168.66786424189857, -45.031354100181105], [168.6679477221461, -45.031412346444895], [168.66788809915346, -45.03145531414301], [168.66787360067946, -45.03144519861133], [168.6678183438201, -45.0314850195084], [168.66779018379987, -45.03146537204989], [168.66776471154293, -45.03148372923381], [168.6677184415318, -45.031451445247434]]]}, "properties": {"building_id": 4735618, "facet_count": 1, "obstruction_count": 0, "panel_count": 12, "kwp": 5.28, "ac_kwh_day_avg": 15.8, "ac_kwh_year": 5754.0, "facet_area_m2": 74.7, "avg_poa_kwh_m2": 1306.0}}, {"type": "Feature", "geometry": {"type": "Polygon", "coordinates": [[[168.673655506857, -45.033980062945126], [168.67368385946784, -45.03398250282547], [168.6736884784104, -45.03395550590339], [168.67416635271843, -45.033996621167994], [168.67414311544658, -45.034132415134195], [168.67365040276866, -45.03409002274604], [168.6736517771415, -45.03408199120501], [168.67363826174798, -45.03408082830284], [168.673655506857, -45.033980062945126]]]}, "properties": {"building_id": 4740321, "facet_count": 8, "obstruction_count": 15, "panel_count": 124, "kwp": 54.56, "ac_kwh_day_avg": 153.1, "ac_kwh_year": 55864.0, "facet_area_m2": 488.4, "avg_poa_kwh_m2": 1219.0}}, {"type": "Feature", "geometry": {"type": "Polygon", "coordinates": [[[168.67152744035468, -45.035852459111815], [168.671597503567, -45.0358504602033], [168.67164188430152, -45.035878264429776], [168.67164495446514, -45.03593236898337], [168.67160281728135, -45.035966183314194], [168.67153253263365, -45.03596818732032], [168.6714841527273, -45.035937878094444], [168.67148140269802, -45.03588940377665], [168.67152744035468, -45.035852459111815]]]}, "properties": {"building_id": 4740335, "facet_count": 3, "obstruction_count": 3, "panel_count": 12, "kwp": 5.28, "ac_kwh_day_avg": 16.0, "ac_kwh_year": 5823.0, "facet_area_m2": 102.1, "avg_poa_kwh_m2": 1312.0}}, {"type": "Feature", "geometry": {"type": "Polygon", "coordinates": [[[168.67263127543765, -45.03588124916627], [168.67262688458473, -45.035846958986916], [168.6725348237486, -45.0358528863204], [168.67253350866036, -45.03584261114025], [168.67245737350567, -45.035847512767624], [168.6724483923855, -45.035777372897336], [168.67253019193402, -45.03577210659671], [168.6725324050473, -45.03578938693823], [168.67266338997666, -45.035780953940694], [168.67267586679725, -45.035878378020286], [168.67263127543765, -45.03588124916627]]]}, "properties": {"building_id": 4740406, "facet_count": 1, "obstruction_count": 3, "panel_count": 37, "kwp": 16.28, "ac_kwh_day_avg": 51.6, "ac_kwh_year": 18839.0, "facet_area_m2": 121.2, "avg_poa_kwh_m2": 1387.0}}, {"type": "Feature", "geometry": {"type": "Polygon", "coordinates": [[[168.672327757968, -45.03574998488233], [168.6723216951111, -45.03571371290778], [168.6722988244975, -45.03571563429247], [168.67228641648464, -45.03564139896773], [168.67247782180732, -45.035625314799105], [168.67248545271906, -45.03567096775969], [168.67246977678775, -45.03567228463504], [168.67248061828073, -45.03573713990385], [168.672327757968, -45.03574998488233]]]}, "properties": {"building_id": 4740407, "facet_count": 5, "obstruction_count": 3, "panel_count": 26, "kwp": 11.44, "ac_kwh_day_avg": 32.8, "ac_kwh_year": 11990.0, "facet_area_m2": 134.7, "avg_poa_kwh_m2": 1282.0}}, {"type": "Feature", "geometry": {"type": "Polygon", "coordinates": [[[168.6718887245718, -45.035827924551185], [168.6718756811504, -45.03582832767721], [168.67186788757567, -45.03570155265338], [168.6718855881253, -45.03570100559081], [168.67195623046834, -45.035698822253586], [168.67198670637086, -45.03569788032374], [168.6719876942233, -45.035713948810745], [168.67202728336594, -45.035712725202664], [168.67203751564773, -45.035879162095206], [168.6720213729892, -45.03587966102785], [168.67202346398028, -45.03591367287752], [168.67196034392356, -45.0359156237512], [168.67195858213879, -45.03588696622631], [168.67189247981366, -45.03588900923706], [168.6718887245718, -45.035827924551185]]]}, "properties": {"building_id": 4740410, "facet_count": 5, "obstruction_count": 10, "panel_count": 65, "kwp": 28.6, "ac_kwh_day_avg": 83.4, "ac_kwh_year": 30438.0, "facet_area_m2": 239.9, "avg_poa_kwh_m2": 1277.0}}, {"type": "Feature", "geometry": {"type": "Polygon", "coordinates": [[[168.67167914303636, -45.03578974395591], [168.67167400356982, -45.035713583597754], [168.67175219053576, -45.035710930761795], [168.6717573301066, -45.03578709112036], [168.67167914303636, -45.03578974395591]]]}, "properties": {"building_id": 4740411, "facet_count": 3, "obstruction_count": 1, "panel_count": 10, "kwp": 4.4, "ac_kwh_day_avg": 11.4, "ac_kwh_year": 4177.0, "facet_area_m2": 44.7, "avg_poa_kwh_m2": 990.0}}, {"type": "Feature", "geometry": {"type": "Polygon", "coordinates": [[[168.6727577631149, -45.035101264695754], [168.67277388798834, -45.03501894324892], [168.67284083847574, -45.035025535644266], [168.6728456467193, -45.035000981857955], [168.67297966361772, -45.03501417812654], [168.67295570012408, -45.03513652604484], [168.67281132036376, -45.03512230892687], [168.67281435104496, -45.0351068371913], [168.6727577631149, -45.035101264695754]]]}, "properties": {"building_id": 4740438, "facet_count": 1, "obstruction_count": 3, "panel_count": 67, "kwp": 29.48, "ac_kwh_day_avg": 82.0, "ac_kwh_year": 29940.0, "facet_area_m2": 180.8, "avg_poa_kwh_m2": 1217.0}}, {"type": "Feature", "geometry": {"type": "Polygon", "coordinates": [[[168.6723448254706, -45.035246627464], [168.67240533087136, -45.03524583511966], [168.6724085343612, -45.03536882903201], [168.67228201554687, -45.035370485433255], [168.6722792566495, -45.03526453908556], [168.6723452698105, -45.03526367502242], [168.6723448254706, -45.035246627464]]]}, "properties": {"building_id": 4740444, "facet_count": 6, "obstruction_count": 0, "panel_count": 20, "kwp": 8.8, "ac_kwh_day_avg": 13.5, "ac_kwh_year": 4910.0, "facet_area_m2": 91.0, "avg_poa_kwh_m2": 746.0}}, {"type": "Feature", "geometry": {"type": "Polygon", "coordinates": [[[168.66994814981027, -45.03547338244623], [168.67002772695764, -45.035464408462644], [168.67001715989872, -45.03541729801954], [168.67009675488694, -45.035408321964695], [168.67012916568052, -45.03555281648412], [168.6699699920134, -45.03557076560209], [168.66994814981027, -45.03547338244623]]]}, "properties": {"building_id": 4740452, "facet_count": 2, "obstruction_count": 4, "panel_count": 45, "kwp": 19.8, "ac_kwh_day_avg": 59.2, "ac_kwh_year": 21604.0, "facet_area_m2": 157.1, "avg_poa_kwh_m2": 1303.0}}, {"type": "Feature", "geometry": {"type": "Polygon", "coordinates": [[[168.66967331757732, -45.03521814096118], [168.66977574561935, -45.03526059529168], [168.6697693722224, -45.03526832615774], [168.66978273617877, -45.035273864990685], [168.66977828607435, -45.03527926181229], [168.66981486460514, -45.03529442246037], [168.66974992732372, -45.03537318873134], [168.66966276248797, -45.035337061027015], [168.66970014330548, -45.03529171983431], [168.66960844730724, -45.03525371319452], [168.66963765594102, -45.03521828411744], [168.66966414739304, -45.035229264611246], [168.66967331757732, -45.03521814096118]]]}, "properties": {"building_id": 4740457, "facet_count": 2, "obstruction_count": 0, "panel_count": 35, "kwp": 15.4, "ac_kwh_day_avg": 46.0, "ac_kwh_year": 16782.0, "facet_area_m2": 119.9, "avg_poa_kwh_m2": 1302.0}}, {"type": "Feature", "geometry": {"type": "Polygon", "coordinates": [[[168.67021808879431, -45.03523165601492], [168.67025747064324, -45.035196572691994], [168.6702923734191, -45.035216270404085], [168.67035145826512, -45.03516363548225], [168.67044802177827, -45.03521813243796], [168.67034155138413, -45.035312980538585], [168.67022481006154, -45.03524709661747], [168.67023281388038, -45.035239965969524], [168.67021808879431, -45.03523165601492]]]}, "properties": {"building_id": 4740459, "facet_count": 3, "obstruction_count": 3, "panel_count": 29, "kwp": 12.76, "ac_kwh_day_avg": 38.1, "ac_kwh_year": 13905.0, "facet_area_m2": 126.8, "avg_poa_kwh_m2": 1308.0}}, {"type": "Feature", "geometry": {"type": "Polygon", "coordinates": [[[168.67038708469934, -45.03512293811868], [168.67033898315876, -45.0351563129946], [168.6702888957744, -45.03512002055467], [168.67033699857646, -45.03508664574781], [168.67038708469934, -45.03512293811868]]]}, "properties": {"building_id": 4740460, "facet_count": 1, "obstruction_count": 2, "panel_count": 6, "kwp": 2.64, "ac_kwh_day_avg": 7.9, "ac_kwh_year": 2877.0, "facet_area_m2": 26.2, "avg_poa_kwh_m2": 1306.0}}, {"type": "Feature", "geometry": {"type": "Polygon", "coordinates": [[[168.6700861464383, -45.03504343758942], [168.6701659860015, -45.03500917094427], [168.67024395131912, -45.03510050043562], [168.670147836207, -45.03514175191319], [168.67011303841042, -45.035100989204075], [168.67012931259643, -45.035094004379445], [168.6700861464383, -45.03504343758942]]]}, "properties": {"building_id": 4740461, "facet_count": 3, "obstruction_count": 3, "panel_count": 13, "kwp": 5.72, "ac_kwh_day_avg": 15.7, "ac_kwh_year": 5717.0, "facet_area_m2": 80.3, "avg_poa_kwh_m2": 1213.0}}, {"type": "Feature", "geometry": {"type": "Polygon", "coordinates": [[[168.67006059474488, -45.03499288184325], [168.66989252041702, -45.034925709286405], [168.6699566122688, -45.03484508343121], [168.67012468644938, -45.034912255888024], [168.67006059474488, -45.03499288184325]]]}, "properties": {"building_id": 4740463, "facet_count": 3, "obstruction_count": 2, "panel_count": 27, "kwp": 11.88, "ac_kwh_day_avg": 29.2, "ac_kwh_year": 10656.0, "facet_area_m2": 111.2, "avg_poa_kwh_m2": 1108.0}}, {"type": "Feature", "geometry": {"type": "Polygon", "coordinates": [[[168.67204840734794, -45.03503652238546], [168.67203093502678, -45.03508610488048], [168.67203520220212, -45.035171905545106], [168.67187947342708, -45.03517579934651], [168.67187453454318, -45.035076454122425], [168.67195513414248, -45.0350744391689], [168.67197319142343, -45.035023197341374], [168.67204840734794, -45.03503652238546]]]}, "properties": {"building_id": 4740469, "facet_count": 4, "obstruction_count": 2, "panel_count": 48, "kwp": 21.12, "ac_kwh_day_avg": 62.5, "ac_kwh_year": 22806.0, "facet_area_m2": 153.5, "avg_poa_kwh_m2": 1290.0}}, {"type": "Feature", "geometry": {"type": "Polygon", "coordinates": [[[168.67232766452705, -45.03500973175994], [168.67234590928368, -45.03501083248379], [168.67235456073513, -45.03493873722057], [168.67248947880438, -45.034946876884604], [168.67247809833046, -45.03504171537456], [168.67245498017897, -45.035040320625114], [168.6724516086114, -45.035068416070885], [168.67232156355035, -45.035060569945806], [168.67232766452705, -45.03500973175994]]]}, "properties": {"building_id": 4740470, "facet_count": 1, "obstruction_count": 2, "panel_count": 51, "kwp": 22.44, "ac_kwh_day_avg": 62.4, "ac_kwh_year": 22790.0, "facet_area_m2": 138.8, "avg_poa_kwh_m2": 1217.0}}, {"type": "Feature", "geometry": {"type": "Polygon", "coordinates": [[[168.6720844309625, -45.03486369171919], [168.67204633006577, -45.034951748265605], [168.67194764298495, -45.03493028101604], [168.67198574401425, -45.03484222450761], [168.6720844309625, -45.03486369171919]]]}, "properties": {"building_id": 4740474, "facet_count": 2, "obstruction_count": 1, "panel_count": 12, "kwp": 5.28, "ac_kwh_day_avg": 15.6, "ac_kwh_year": 5697.0, "facet_area_m2": 64.8, "avg_poa_kwh_m2": 1286.0}}, {"type": "Feature", "geometry": {"type": "Polygon", "coordinates": [[[168.6714819182002, -45.03478083794884], [168.6715731753054, -45.03479865856065], [168.6715041276686, -45.034976429255266], [168.67133355485242, -45.034943120012784], [168.67137399166202, -45.034839010207456], [168.6714533069904, -45.034854498740295], [168.6714819182002, -45.03478083794884]]]}, "properties": {"building_id": 4740478, "facet_count": 5, "obstruction_count": 3, "panel_count": 60, "kwp": 26.4, "ac_kwh_day_avg": 69.5, "ac_kwh_year": 25373.0, "facet_area_m2": 207.5, "avg_poa_kwh_m2": 1197.0}}, {"type": "Feature", "geometry": {"type": "Polygon", "coordinates": [[[168.67123462231265, -45.034704564657744], [168.67129293644533, -45.03471668757052], [168.67131306217865, -45.03466801529502], [168.67138460455703, -45.03468288815557], [168.67134789676206, -45.034771663024586], [168.67137380847106, -45.03477704973573], [168.6713169199616, -45.034914630953296], [168.67119717569724, -45.034889737737814], [168.6712244934005, -45.034823671904896], [168.67127183963308, -45.034833514531655], [168.6712964792507, -45.03477392496954], [168.67121310897446, -45.03475659347224], [168.67123462231265, -45.034704564657744]]]}, "properties": {"building_id": 4740480, "facet_count": 8, "obstruction_count": 4, "panel_count": 37, "kwp": 16.28, "ac_kwh_day_avg": 35.9, "ac_kwh_year": 13106.0, "facet_area_m2": 156.9, "avg_poa_kwh_m2": 1040.0}}, {"type": "Feature", "geometry": {"type": "Polygon", "coordinates": [[[168.66926966667953, -45.03480028427247], [168.66925602509113, -45.03481638079322], [168.66926776873706, -45.034821384627065], [168.669224022641, -45.03487300481714], [168.66905867793193, -45.03480255631974], [168.6690876784677, -45.03476833653282], [168.6690991822872, -45.03477323765237], [168.66912756954255, -45.03473974081141], [168.66926966667953, -45.03480028427247]]]}, "properties": {"building_id": 4740482, "facet_count": 6, "obstruction_count": 3, "panel_count": 16, "kwp": 7.04, "ac_kwh_day_avg": 21.1, "ac_kwh_year": 7707.0, "facet_area_m2": 97.0, "avg_poa_kwh_m2": 1296.0}}, {"type": "Feature", "geometry": {"type": "Polygon", "coordinates": [[[168.6736455850128, -45.035032788563306], [168.67368336640072, -45.035037524683695], [168.67369044460733, -45.035009136574004], [168.6737442305704, -45.035015878927524], [168.67371063036086, -45.0351506376594], [168.6736347055679, -45.03514112010153], [168.67364113029038, -45.03511535280975], [168.6736254880653, -45.035113391999914], [168.6736455850128, -45.035032788563306]]]}, "properties": {"building_id": 4740492, "facet_count": 3, "obstruction_count": 1, "panel_count": 8, "kwp": 3.52, "ac_kwh_day_avg": 10.5, "ac_kwh_year": 3836.0, "facet_area_m2": 52.4, "avg_poa_kwh_m2": 1255.0}}, {"type": "Feature", "geometry": {"type": "Polygon", "coordinates": [[[168.6723087936482, -45.03418166822002], [168.67232145739038, -45.03413345054372], [168.67247661809108, -45.034153938714404], [168.6724616075622, -45.03421109441614], [168.67249128939866, -45.03421501455899], [168.6724720402225, -45.0342883054797], [168.6723072591958, -45.03426654736821], [168.67231599181116, -45.03423330093137], [168.67227261978087, -45.03422757370719], [168.67228548357423, -45.034178590367254], [168.6723087936482, -45.03418166822002]]]}, "properties": {"building_id": 4740496, "facet_count": 5, "obstruction_count": 4, "panel_count": 30, "kwp": 13.2, "ac_kwh_day_avg": 41.1, "ac_kwh_year": 14992.0, "facet_area_m2": 150.8, "avg_poa_kwh_m2": 1254.0}}, {"type": "Feature", "geometry": {"type": "Polygon", "coordinates": [[[168.67279168475645, -45.0344368612209], [168.6727659291983, -45.034583732458074], [168.67239599564178, -45.03455111576806], [168.67242175338757, -45.03440424469731], [168.67279168475645, -45.0344368612209]]]}, "properties": {"building_id": 4740501, "facet_count": 2, "obstruction_count": 30, "panel_count": 141, "kwp": 62.04, "ac_kwh_day_avg": 185.2, "ac_kwh_year": 67606.0, "facet_area_m2": 449.0, "avg_poa_kwh_m2": 1306.0}}, {"type": "Feature", "geometry": {"type": "Polygon", "coordinates": [[[168.67099518699587, -45.0342767018034], [168.6707831458728, -45.034235504732166], [168.67078628775525, -45.03422737381953], [168.6707356172169, -45.034217529506364], [168.67073773485097, -45.03421205036157], [168.67068584191102, -45.03420196875942], [168.67068815356797, -45.034195988377355], [168.67064186851002, -45.03418699562798], [168.67064466782952, -45.03417975279845], [168.67059025262074, -45.03416918017207], [168.6705925346732, -45.034163272483084], [168.67054460191068, -45.03415395875805], [168.67054677351842, -45.03414833673624], [168.6704948281852, -45.03413824405487], [168.6705823295079, -45.03391181834944], [168.67087498711953, -45.03401006640391], [168.67113213782176, -45.03406942107384], [168.67195639402408, -45.03422955991837], [168.67187239554957, -45.03444693684294], [168.67135966652054, -45.03434732269924], [168.67138085575965, -45.03429248751421], [168.67133252105532, -45.03428309674544], [168.6713292166521, -45.034291649091614], [168.67127601253887, -45.03431067331404], [168.67109136460448, -45.03427479837411], [168.67106726142617, -45.034240908162865], [168.6710724104939, -45.03422758285779], [168.67101823535438, -45.03421705736159], [168.67099518699587, -45.0342767018034]]]}, "properties": {"building_id": 4740503, "facet_count": 16, "obstruction_count": 21, "panel_count": 558, "kwp": 245.52, "ac_kwh_day_avg": 723.9, "ac_kwh_year": 264237.0, "facet_area_m2": 1741.3, "avg_poa_kwh_m2": 1278.0}}, {"type": "Feature", "geometry": {"type": "Polygon", "coordinates": [[[168.66910528963902, -45.0327860891624], [168.66920268660357, -45.032721647060285], [168.6691762764068, -45.032701576725756], [168.6692179269973, -45.032674019123405], [168.66929428713286, -45.03273204788665], [168.6692992221445, -45.03272878315162], [168.66937737613264, -45.032788174484544], [168.6693346403855, -45.03281645067799], [168.66930864670655, -45.03279669686221], [168.6692117910266, -45.03286077973985], [168.66916199107092, -45.03282293588696], [168.66915759988134, -45.032825841397674], [168.66910528963902, -45.0327860891624]]]}, "properties": {"building_id": 4740506, "facet_count": 3, "obstruction_count": 2, "panel_count": 4, "kwp": 1.76, "ac_kwh_day_avg": 5.3, "ac_kwh_year": 1918.0, "facet_area_m2": 51.6, "avg_poa_kwh_m2": 1275.0}}, {"type": "Feature", "geometry": {"type": "Polygon", "coordinates": [[[168.66905753573445, -45.03260690021986], [168.66908967643377, -45.03262903601744], [168.6691115815987, -45.03261304410515], [168.66917389780414, -45.03265596227438], [168.6690447451038, -45.03275025010157], [168.66899082829823, -45.03271311658119], [168.66903596636428, -45.03268016375757], [168.6689954262497, -45.032652242888005], [168.66905753573445, -45.03260690021986]]]}, "properties": {"building_id": 4740507, "facet_count": 2, "obstruction_count": 1, "panel_count": 24, "kwp": 10.56, "ac_kwh_day_avg": 31.5, "ac_kwh_year": 11507.0, "facet_area_m2": 90.2, "avg_poa_kwh_m2": 1315.0}}, {"type": "Feature", "geometry": {"type": "Polygon", "coordinates": [[[168.66966812434438, -45.032845995805786], [168.66964973495647, -45.032832710752025], [168.6696274670703, -45.03284820955512], [168.6694790460782, -45.03274098638844], [168.66958433234132, -45.03266770945295], [168.66969938492718, -45.03275082704163], [168.66969178856465, -45.032756114240016], [168.66974354519058, -45.03279350378024], [168.66966812434438, -45.032845995805786]]]}, "properties": {"building_id": 4740509, "facet_count": 7, "obstruction_count": 5, "panel_count": 25, "kwp": 11.0, "ac_kwh_day_avg": 33.6, "ac_kwh_year": 12249.0, "facet_area_m2": 146.6, "avg_poa_kwh_m2": 1285.0}}, {"type": "Feature", "geometry": {"type": "Polygon", "coordinates": [[[168.66985814808564, -45.032547038310234], [168.66991679443635, -45.03259440704506], [168.66986006416462, -45.032629721522696], [168.66989776812443, -45.03266017681671], [168.6697984390354, -45.032722008482324], [168.6697441312098, -45.03267814330523], [168.669762573784, -45.03266666254008], [168.6697205313543, -45.03263270358412], [168.66985814808564, -45.032547038310234]]]}, "properties": {"building_id": 4740510, "facet_count": 3, "obstruction_count": 1, "panel_count": 42, "kwp": 18.48, "ac_kwh_day_avg": 57.5, "ac_kwh_year": 20989.0, "facet_area_m2": 141.7, "avg_poa_kwh_m2": 1321.0}}, {"type": "Feature", "geometry": {"type": "Polygon", "coordinates": [[[168.67237253150083, -45.03354004728398], [168.67242252699126, -45.033546116848804], [168.67242821253072, -45.03352257128943], [168.67249168998907, -45.03353027790128], [168.67244833250385, -45.033709828361495], [168.67230262053232, -45.033708881026186], [168.67230376138505, -45.03362079035708], [168.67238357465703, -45.03362130988669], [168.67239106848373, -45.03359027678815], [168.67236127525044, -45.03358665935438], [168.67237253150083, -45.03354004728398]]]}, "properties": {"building_id": 4740511, "facet_count": 3, "obstruction_count": 5, "panel_count": 53, "kwp": 23.32, "ac_kwh_day_avg": 72.9, "ac_kwh_year": 26614.0, "facet_area_m2": 187.3, "avg_poa_kwh_m2": 1379.0}}, {"type": "Feature", "geometry": {"type": "Polygon", "coordinates": [[[168.67380749621753, -45.03328370861702], [168.67381635323875, -45.03335805207038], [168.67370293985294, -45.033364846117124], [168.67355149267345, -45.03333724773779], [168.67357765528476, -45.033265065205384], [168.6737115124521, -45.03328945831267], [168.67380749621753, -45.03328370861702]]]}, "properties": {"building_id": 4740515, "facet_count": 4, "obstruction_count": 3, "panel_count": 36, "kwp": 15.84, "ac_kwh_day_avg": 45.2, "ac_kwh_year": 16496.0, "facet_area_m2": 141.0, "avg_poa_kwh_m2": 1270.0}}, {"type": "Feature", "geometry": {"type": "Polygon", "coordinates": [[[168.67315576463866, -45.03312433397228], [168.67326844501807, -45.03317330371426], [168.6732571109607, -45.03318641685766], [168.67330649520784, -45.033207878583035], [168.673241330035, -45.03328327060151], [168.67317098671882, -45.03325270002578], [168.67319075873323, -45.03322982505447], [168.6730990361115, -45.033189963125025], [168.67315576463866, -45.03312433397228]]]}, "properties": {"building_id": 4740517, "facet_count": 5, "obstruction_count": 1, "panel_count": 4, "kwp": 1.76, "ac_kwh_day_avg": 5.3, "ac_kwh_year": 1918.0, "facet_area_m2": 84.4, "avg_poa_kwh_m2": 1292.0}}, {"type": "Feature", "geometry": {"type": "Polygon", "coordinates": [[[168.67321360921449, -45.033400806685954], [168.67317082685642, -45.03347074963823], [168.6729653753649, -45.03340756668064], [168.67300815791515, -45.0333376238127], [168.67321360921449, -45.033400806685954]]]}, "properties": {"building_id": 4740518, "facet_count": 2, "obstruction_count": 7, "panel_count": 38, "kwp": 16.72, "ac_kwh_day_avg": 51.0, "ac_kwh_year": 18620.0, "facet_area_m2": 140.7, "avg_poa_kwh_m2": 1304.0}}, {"type": "Feature", "geometry": {"type": "Polygon", "coordinates": [[[168.6734688759044, -45.03387084385912], [168.6731295549913, -45.03396690155861], [168.67312342827464, -45.03395602065147], [168.6731066247398, -45.03396077764668], [168.6730466296953, -45.033854223201786], [168.67341813522572, -45.03374905317895], [168.67347510498877, -45.03385023369314], [168.67345972330784, -45.033854588311755], [168.6734688759044, -45.03387084385912]]]}, "properties": {"building_id": 4740519, "facet_count": 2, "obstruction_count": 8, "panel_count": 81, "kwp": 35.64, "ac_kwh_day_avg": 105.4, "ac_kwh_year": 38474.0, "facet_area_m2": 334.4, "avg_poa_kwh_m2": 1288.0}}, {"type": "Feature", "geometry": {"type": "Polygon", "coordinates": [[[168.67421761868772, -45.032803578201865], [168.67422315602087, -45.032847802221255], [168.67429988714176, -45.0328429724362], [168.67431322955156, -45.03294953282482], [168.67405813370783, -45.03296559122256], [168.67404490366434, -45.032859919955], [168.67414213212095, -45.03285379952514], [168.67413648429186, -45.032808685521694], [168.67421761868772, -45.032803578201865]]]}, "properties": {"building_id": 4740520, "facet_count": 6, "obstruction_count": 1, "panel_count": 13, "kwp": 5.72, "ac_kwh_day_avg": 17.8, "ac_kwh_year": 6500.0, "facet_area_m2": 135.4, "avg_poa_kwh_m2": 1299.0}}, {"type": "Feature", "geometry": {"type": "Polygon", "coordinates": [[[168.67289773810884, -45.033529883374456], [168.67295084575824, -45.033449315953575], [168.67317838332514, -45.033524725589466], [168.67312527591002, -45.03360529312515], [168.67289773810884, -45.033529883374456]]]}, "properties": {"building_id": 4740523, "facet_count": 4, "obstruction_count": 8, "panel_count": 39, "kwp": 17.16, "ac_kwh_day_avg": 52.4, "ac_kwh_year": 19124.0, "facet_area_m2": 168.1, "avg_poa_kwh_m2": 1298.0}}, {"type": "Feature", "geometry": {"type": "Polygon", "coordinates": [[[168.6710701579274, -45.033823863360965], [168.6711498863266, -45.03381460190894], [168.67117632419837, -45.03377034894072], [168.67124875035483, -45.03379210372802], [168.67120325148764, -45.03386826200436], [168.67107896312734, -45.0338783588777], [168.6710701579274, -45.033823863360965]]]}, "properties": {"building_id": 4740529, "facet_count": 2, "obstruction_count": 0, "panel_count": 8, "kwp": 3.52, "ac_kwh_day_avg": 11.0, "ac_kwh_year": 4015.0, "facet_area_m2": 63.7, "avg_poa_kwh_m2": 1343.0}}, {"type": "Feature", "geometry": {"type": "Polygon", "coordinates": [[[168.67122977062533, -45.03388146035294], [168.67125573257837, -45.03383670222138], [168.6713157285548, -45.0338541991723], [168.67130921439008, -45.033865429218785], [168.67133381949955, -45.033872604603864], [168.6713348194582, -45.03386770233522], [168.67140474400327, -45.03387486941355], [168.67138625408845, -45.03396557344952], [168.67128924765623, -45.03395563156334], [168.6712871624225, -45.03396585954984], [168.67120878327188, -45.033957826715984], [168.6711937831545, -45.03394399998164], [168.67120275624748, -45.0338999802885], [168.67121502915217, -45.03390123762619], [168.67121928030892, -45.033880385935845], [168.67122977062533, -45.03388146035294]]]}, "properties": {"building_id": 4740530, "facet_count": 1, "obstruction_count": 4, "panel_count": 53, "kwp": 23.32, "ac_kwh_day_avg": 69.6, "ac_kwh_year": 25412.0, "facet_area_m2": 154.8, "avg_poa_kwh_m2": 1306.0}}, {"type": "Feature", "geometry": {"type": "Polygon", "coordinates": [[[168.67188762074693, -45.03410969082532], [168.6718927330543, -45.03408198895669], [168.67185397632826, -45.03407839202575], [168.6718520621817, -45.03408875974676], [168.6717829324302, -45.03408234417479], [168.67179822228297, -45.033999510452404], [168.67185128549661, -45.03400443468502], [168.67184948488182, -45.03401419008684], [168.67196314534985, -45.034024737726355], [168.67194645691055, -45.034115150176575], [168.67188762074693, -45.03410969082532]]]}, "properties": {"building_id": 4740533, "facet_count": 2, "obstruction_count": 2, "panel_count": 8, "kwp": 3.52, "ac_kwh_day_avg": 9.9, "ac_kwh_year": 3627.0, "facet_area_m2": 63.6, "avg_poa_kwh_m2": 1226.0}}, {"type": "Feature", "geometry": {"type": "Polygon", "coordinates": [[[168.67210121373878, -45.03411953263345], [168.67214555758818, -45.03412382140951], [168.6721345754509, -45.03418090406785], [168.67210506200013, -45.03417804974833], [168.67210363241026, -45.03418548144818], [168.67207064421038, -45.03418229084831], [168.67207237110514, -45.03417330950788], [168.67205546112058, -45.03417167365902], [168.67205654968097, -45.03416601768858], [168.67198467998315, -45.034159066117745], [168.6719944759007, -45.03410814434289], [168.672026455793, -45.034111237268576], [168.67203283403273, -45.034078085099914], [168.67201384953162, -45.03407624895325], [168.672031240589, -45.03398584426615], [168.67206131729176, -45.03398875329755], [168.67206257784375, -45.03398219826625], [168.67212644549795, -45.03398837517124], [168.67210121373878, -45.03411953263345]]]}, "properties": {"building_id": 4740534, "facet_count": 8, "obstruction_count": 5, "panel_count": 30, "kwp": 13.2, "ac_kwh_day_avg": 34.9, "ac_kwh_year": 12739.0, "facet_area_m2": 140.4, "avg_poa_kwh_m2": 1180.0}}, {"type": "Feature", "geometry": {"type": "Polygon", "coordinates": [[[168.67218254594303, -45.03411543078821], [168.67223411881236, -45.03401037158366], [168.67226955905522, -45.03401911848279], [168.6722967273475, -45.033963771972125], [168.67236107584193, -45.03397965394298], [168.67230339238031, -45.034097161284194], [168.67227549725493, -45.03409027708769], [168.67225443981167, -45.03413317462648], [168.67218254594303, -45.03411543078821]]]}, "properties": {"building_id": 4740536, "facet_count": 3, "obstruction_count": 4, "panel_count": 19, "kwp": 8.36, "ac_kwh_day_avg": 22.9, "ac_kwh_year": 8362.0, "facet_area_m2": 90.8, "avg_poa_kwh_m2": 1219.0}}, {"type": "Feature", "geometry": {"type": "Polygon", "coordinates": [[[168.6728483214131, -45.034117162783], [168.67282987929246, -45.03413898004414], [168.67275845877325, -45.03410862577723], [168.67282656304397, -45.03402805879791], [168.67280079916685, -45.03401710936133], [168.67284961920254, -45.03395935566997], [168.67295683845754, -45.03400492363361], [168.67293914927376, -45.03402584950036], [168.6729671961728, -45.034037769555674], [168.67288640332416, -45.03413334721702], [168.6728483214131, -45.034117162783]]]}, "properties": {"building_id": 4740538, "facet_count": 5, "obstruction_count": 10, "panel_count": 27, "kwp": 11.88, "ac_kwh_day_avg": 32.9, "ac_kwh_year": 11997.0, "facet_area_m2": 147.4, "avg_poa_kwh_m2": 1241.0}}, {"type": "Feature", "geometry": {"type": "Polygon", "coordinates": [[[168.6730009285468, -45.03409757053996], [168.6729749351993, -45.03409624109205], [168.67298148774486, -45.03403182833414], [168.67300748106345, -45.03403315777995], [168.67309769095007, -45.034037771579186], [168.67309533927792, -45.034060889438884], [168.673138546353, -45.034063099246595], [168.67312696793695, -45.0341769201324], [168.67308376077696, -45.03417471031863], [168.67308144555636, -45.03419746971456], [168.67299123542097, -45.03419285589753], [168.6730009285468, -45.03409757053996]]]}, "properties": {"building_id": 4740539, "facet_count": 4, "obstruction_count": 1, "panel_count": 39, "kwp": 17.16, "ac_kwh_day_avg": 49.3, "ac_kwh_year": 18001.0, "facet_area_m2": 139.4, "avg_poa_kwh_m2": 1261.0}}, {"type": "Feature", "geometry": {"type": "Polygon", "coordinates": [[[168.6732120818247, -45.034088232289626], [168.6731875854439, -45.03409372625075], [168.6731584254997, -45.034028356751584], [168.67318292185487, -45.03402286279614], [168.67326261349186, -45.034004989795086], [168.67327372917146, -45.034029908359145], [168.67331897674507, -45.034019760339234], [168.67336761672303, -45.03412879851296], [168.67332236907046, -45.03413894655037], [168.67333247156947, -45.03416159371245], [168.67325277973274, -45.03417946675785], [168.6732120818247, -45.034088232289626]]]}, "properties": {"building_id": 4740540, "facet_count": 3, "obstruction_count": 1, "panel_count": 30, "kwp": 13.2, "ac_kwh_day_avg": 38.5, "ac_kwh_year": 14051.0, "facet_area_m2": 138.4, "avg_poa_kwh_m2": 1271.0}}, {"type": "Feature", "geometry": {"type": "Polygon", "coordinates": [[[168.67350385769524, -45.03388019950433], [168.67350556580635, -45.033870656610766], [168.67349346673137, -45.0338695681526], [168.67351397876675, -45.03375494236403], [168.67392108324302, -45.03379156856948], [168.67390151825188, -45.03390090755107], [168.673887748395, -45.03389966840719], [168.67388509402315, -45.03391449911632], [168.67350385769524, -45.03388019950433]]]}, "properties": {"building_id": 4740542, "facet_count": 6, "obstruction_count": 15, "panel_count": 95, "kwp": 41.8, "ac_kwh_day_avg": 121.9, "ac_kwh_year": 44482.0, "facet_area_m2": 383.5, "avg_poa_kwh_m2": 1262.0}}, {"type": "Feature", "geometry": {"type": "Polygon", "coordinates": [[[168.67431863572386, -45.033948852348594], [168.6739362007816, -45.03392003136727], [168.67393766410245, -45.03391026583211], [168.6739252084147, -45.033909326820286], [168.6739423819772, -45.03379475159155], [168.6743538364836, -45.03382575941653], [168.67433724760812, -45.03393643386778], [168.67432068413032, -45.03393518598441], [168.67431863572386, -45.033948852348594]]]}, "properties": {"building_id": 4740543, "facet_count": 1, "obstruction_count": 11, "panel_count": 125, "kwp": 55.0, "ac_kwh_day_avg": 164.2, "ac_kwh_year": 59934.0, "facet_area_m2": 401.8, "avg_poa_kwh_m2": 1306.0}}, {"type": "Feature", "geometry": {"type": "Polygon", "coordinates": [[[168.67429154115263, -45.03554783401514], [168.67431930146967, -45.035602345584515], [168.67415094497767, -45.035645449121716], [168.67412335532063, -45.03559127295514], [168.67416502253388, -45.035580605371194], [168.6741564679959, -45.03556380606102], [168.67422230301736, -45.03554695037895], [168.67423068705432, -45.035563414244194], [168.67429154115263, -45.03554783401514]]]}, "properties": {"building_id": 4740589, "facet_count": 1, "obstruction_count": 3, "panel_count": 30, "kwp": 13.2, "ac_kwh_day_avg": 48.2, "ac_kwh_year": 17590.0, "facet_area_m2": 91.4, "avg_poa_kwh_m2": 1597.0}}, {"type": "Feature", "geometry": {"type": "Polygon", "coordinates": [[[168.6718358190682, -45.03538562516082], [168.67168648664358, -45.035395643406666], [168.67167320055376, -45.03529608114123], [168.67182253271844, -45.035286062902955], [168.6718358190682, -45.03538562516082]]]}, "properties": {"building_id": 4740596, "facet_count": 2, "obstruction_count": 2, "panel_count": 40, "kwp": 17.6, "ac_kwh_day_avg": 51.6, "ac_kwh_year": 18849.0, "facet_area_m2": 119.3, "avg_poa_kwh_m2": 1281.0}}, {"type": "Feature", "geometry": {"type": "Polygon", "coordinates": [[[168.66922282905912, -45.03552271009739], [168.66934551984625, -45.03557554598234], [168.66928504694033, -45.035646144039646], [168.66916235606755, -45.035593308086405], [168.66922282905912, -45.03552271009739]]]}, "properties": {"building_id": 4740722, "facet_count": 1, "obstruction_count": 1, "panel_count": 18, "kwp": 7.92, "ac_kwh_day_avg": 22.4, "ac_kwh_year": 8175.0, "facet_area_m2": 83.7, "avg_poa_kwh_m2": 1237.0}}, {"type": "Feature", "geometry": {"type": "Polygon", "coordinates": [[[168.67177007161808, -45.03552817176913], [168.67176376977406, -45.0354689970657], [168.67187190648318, -45.03546320725543], [168.67187820970517, -45.03552238200519], [168.67177007161808, -45.03552817176913]]]}, "properties": {"building_id": 4740725, "facet_count": 1, "obstruction_count": 1, "panel_count": 15, "kwp": 6.6, "ac_kwh_day_avg": 19.7, "ac_kwh_year": 7192.0, "facet_area_m2": 50.5, "avg_poa_kwh_m2": 1306.0}}, {"type": "Feature", "geometry": {"type": "Polygon", "coordinates": [[[168.6708115687262, -45.03500217037871], [168.67073661248028, -45.03507565967178], [168.67070941314074, -45.03506171252294], [168.67069898035484, -45.035071940324336], [168.67061719923436, -45.03503000275798], [168.67069205261706, -45.034956615859095], [168.670750475899, -45.03498657501476], [168.67076101160575, -45.03497624489506], [168.6708115687262, -45.03500217037871]]]}, "properties": {"building_id": 4740727, "facet_count": 1, "obstruction_count": 3, "panel_count": 32, "kwp": 14.08, "ac_kwh_day_avg": 44.3, "ac_kwh_year": 16160.0, "facet_area_m2": 104.5, "avg_poa_kwh_m2": 1376.0}}, {"type": "Feature", "geometry": {"type": "Polygon", "coordinates": [[[168.66969311697198, -45.03365266286632], [168.6696658648778, -45.03367170271767], [168.66968370062668, -45.033684539145575], [168.66942195866628, -45.03386740627493], [168.66933744771015, -45.03380658971402], [168.66962644312596, -45.03360468119449], [168.66969311697198, -45.03365266286632]]]}, "properties": {"building_id": 4740905, "facet_count": 7, "obstruction_count": 2, "panel_count": 12, "kwp": 5.28, "ac_kwh_day_avg": 15.4, "ac_kwh_year": 5609.0, "facet_area_m2": 121.0, "avg_poa_kwh_m2": 1293.0}}, {"type": "Feature", "geometry": {"type": "Polygon", "coordinates": [[[168.66941509003536, -45.03359449493799], [168.66935879980446, -45.033633746207165], [168.66930353182448, -45.03359389519856], [168.66935982078408, -45.03355464390837], [168.66941509003536, -45.03359449493799]]]}, "properties": {"building_id": 4740907, "facet_count": 2, "obstruction_count": 0, "panel_count": 3, "kwp": 1.32, "ac_kwh_day_avg": 4.4, "ac_kwh_year": 1614.0, "facet_area_m2": 26.0, "avg_poa_kwh_m2": 1367.0}}, {"type": "Feature", "geometry": {"type": "Polygon", "coordinates": [[[168.66938842084224, -45.033381979435916], [168.66946992183736, -45.03344062017513], [168.6695158311061, -45.03340853966814], [168.66957531347276, -45.03345133676602], [168.66942878084905, -45.033553733265514], [168.66928779624982, -45.03345229523304], [168.66938842084224, -45.033381979435916]]]}, "properties": {"building_id": 4740910, "facet_count": 3, "obstruction_count": 3, "panel_count": 51, "kwp": 22.44, "ac_kwh_day_avg": 59.8, "ac_kwh_year": 21845.0, "facet_area_m2": 176.5, "avg_poa_kwh_m2": 1227.0}}, {"type": "Feature", "geometry": {"type": "Polygon", "coordinates": [[[168.67021529486036, -45.033736293579445], [168.67017844167526, -45.033709813163384], [168.67019463878745, -45.03369847891885], [168.67014120642582, -45.03366009013261], [168.67012510384015, -45.03367135894995], [168.67008670001056, -45.03364364779712], [168.67011065879748, -45.033626952748875], [168.67008670636858, -45.033609671881415], [168.6700622531748, -45.03362671509406], [168.67002614147077, -45.03360066892004], [168.67004900580335, -45.03358472723052], [168.6700239876873, -45.033566690706415], [168.66999947580388, -45.033583789555664], [168.66995531855534, -45.033551971594925], [168.66997556280748, -45.03353784056145], [168.66995749883682, -45.03352483486751], [168.6699353988624, -45.03354027472501], [168.66990146356088, -45.033515861879174], [168.66992066454785, -45.03350243654448], [168.66988150771576, -45.03347429166144], [168.66998946834482, -45.033398757701356], [168.6703683078767, -45.033670983066976], [168.67030958492225, -45.0337120720716], [168.6702656274084, -45.03377086497618], [168.6702053413676, -45.03374997109087], [168.67021529486036, -45.033736293579445]]]}, "properties": {"building_id": 4740915, "facet_count": 5, "obstruction_count": 4, "panel_count": 120, "kwp": 52.8, "ac_kwh_day_avg": 155.2, "ac_kwh_year": 56643.0, "facet_area_m2": 451.7, "avg_poa_kwh_m2": 1279.0}}, {"type": "Feature", "geometry": {"type": "Polygon", "coordinates": [[[168.6696880430726, -45.03319728282778], [168.6696956617635, -45.033191936165316], [168.66977023170236, -45.03324536144196], [168.66974467561988, -45.03326329639472], [168.669771626313, -45.03328260396348], [168.66970499784637, -45.03332936273903], [168.66961773899, -45.033266846858176], [168.66962521697855, -45.03326159837707], [168.66958552090045, -45.033233159354815], [168.66966260755544, -45.033179059916016], [168.6696880430726, -45.03319728282778]]]}, "properties": {"building_id": 4740917, "facet_count": 3, "obstruction_count": 4, "panel_count": 24, "kwp": 10.56, "ac_kwh_day_avg": 32.5, "ac_kwh_year": 11857.0, "facet_area_m2": 109.2, "avg_poa_kwh_m2": 1374.0}}, {"type": "Feature", "geometry": {"type": "Polygon", "coordinates": [[[168.67020895858818, -45.0330026904767], [168.6702756736775, -45.032955580920074], [168.67034831342602, -45.03300730225817], [168.6703006615215, -45.0330409507556], [168.6703735640021, -45.03309285939409], [168.67026245551298, -45.03317131704709], [168.67021799774503, -45.03313966103765], [168.67025926222894, -45.03311052385835], [168.67019924667437, -45.033067791482615], [168.6702500274079, -45.03303193308228], [168.67020895858818, -45.0330026904767]]]}, "properties": {"building_id": 4740922, "facet_count": 2, "obstruction_count": 4, "panel_count": 25, "kwp": 11.0, "ac_kwh_day_avg": 33.1, "ac_kwh_year": 12090.0, "facet_area_m2": 115.9, "avg_poa_kwh_m2": 1323.0}}, {"type": "Feature", "geometry": {"type": "Polygon", "coordinates": [[[168.6707478884019, -45.03310151085037], [168.67069582944623, -45.03312874841822], [168.67067772981073, -45.0331113543672], [168.67067129021456, -45.03311472315141], [168.6706001970664, -45.03304640454904], [168.67068631240363, -45.033001349467696], [168.67074539913762, -45.03305812978002], [168.6707177822241, -45.03307257946367], [168.6707478884019, -45.03310151085037]]]}, "properties": {"building_id": 4740928, "facet_count": 3, "obstruction_count": 4, "panel_count": 12, "kwp": 5.28, "ac_kwh_day_avg": 16.9, "ac_kwh_year": 6184.0, "facet_area_m2": 74.3, "avg_poa_kwh_m2": 1304.0}}, {"type": "Feature", "geometry": {"type": "Polygon", "coordinates": [[[168.67173197545563, -45.03364201330597], [168.67174392317173, -45.033580878146374], [168.6717988963483, -45.033586279570194], [168.6718030586603, -45.03356497862493], [168.67203271432425, -45.03358753861027], [168.67202034983166, -45.033650827924184], [168.67198926303965, -45.033647775170294], [168.67198427960435, -45.033673296447326], [168.67190495744228, -45.033665510636865], [168.67190794501133, -45.03365020197645], [168.6718718514606, -45.03364666164961], [168.67186733096443, -45.03366983745557], [168.6717825039944, -45.0336615199724], [168.67178528859213, -45.033647239570584], [168.67173197545563, -45.03364201330597]]]}, "properties": {"building_id": 4740933, "facet_count": 2, "obstruction_count": 3, "panel_count": 67, "kwp": 29.48, "ac_kwh_day_avg": 93.4, "ac_kwh_year": 34082.0, "facet_area_m2": 191.7, "avg_poa_kwh_m2": 1379.0}}, {"type": "Feature", "geometry": {"type": "Polygon", "coordinates": [[[168.67156828323763, -45.03360873159101], [168.67159351339046, -45.03352321200416], [168.67161328323562, -45.03352614476726], [168.67162610834086, -45.033482670992306], [168.67173152130127, -45.033498305928966], [168.67171539770416, -45.03355296265272], [168.67170217003132, -45.033551001174494], [168.67168023986957, -45.03362533790642], [168.67156828323763, -45.03360873159101]]]}, "properties": {"building_id": 4740934, "facet_count": 2, "obstruction_count": 2, "panel_count": 19, "kwp": 8.36, "ac_kwh_day_avg": 24.6, "ac_kwh_year": 8975.0, "facet_area_m2": 86.7, "avg_poa_kwh_m2": 1289.0}}, {"type": "Feature", "geometry": {"type": "Polygon", "coordinates": [[[168.67115082922086, -45.033488157298166], [168.6711925699463, -45.03341783527808], [168.6713504611546, -45.03346495457546], [168.67130872058004, -45.03353527665902], [168.67115082922086, -45.033488157298166]]]}, "properties": {"building_id": 4740936, "facet_count": 4, "obstruction_count": 5, "panel_count": 16, "kwp": 7.04, "ac_kwh_day_avg": 19.1, "ac_kwh_year": 6960.0, "facet_area_m2": 92.2, "avg_poa_kwh_m2": 1254.0}}, {"type": "Feature", "geometry": {"type": "Polygon", "coordinates": [[[168.6714828744203, -45.03331490080402], [168.67118498926806, -45.03321862974908], [168.67122593789824, -45.033154925536834], [168.6715238215381, -45.033251196427436], [168.6714828744203, -45.03331490080402]]]}, "properties": {"building_id": 4740937, "facet_count": 2, "obstruction_count": 9, "panel_count": 49, "kwp": 21.56, "ac_kwh_day_avg": 58.7, "ac_kwh_year": 21435.0, "facet_area_m2": 188.4, "avg_poa_kwh_m2": 1234.0}}, {"type": "Feature", "geometry": {"type": "Polygon", "coordinates": [[[168.6715260401594, -45.03308211586944], [168.67157970659315, -45.033100144801416], [168.6715375164936, -45.03316328845854], [168.6714838500156, -45.03314525950597], [168.67147081495395, -45.03316476832372], [168.67129147967816, -45.033104521374156], [168.67134670507687, -45.03302186900994], [168.6714479197823, -45.033055871710154], [168.67143993602582, -45.033067820541866], [168.67150301192865, -45.03308901059074], [168.67151099567533, -45.03307706175443], [168.6715260401594, -45.03308211586944]]]}, "properties": {"building_id": 4740939, "facet_count": 2, "obstruction_count": 4, "panel_count": 40, "kwp": 17.6, "ac_kwh_day_avg": 40.4, "ac_kwh_year": 14754.0, "facet_area_m2": 142.8, "avg_poa_kwh_m2": 1079.0}}, {"type": "Feature", "geometry": {"type": "Polygon", "coordinates": [[[168.67177951000443, -45.032955390823105], [168.67168926593573, -45.03292597568702], [168.67172874358798, -45.032865079841265], [168.67185388832462, -45.03290587074679], [168.6718249144878, -45.03295056506701], [168.67179001246282, -45.03293918920596], [168.67177951000443, -45.032955390823105]]]}, "properties": {"building_id": 4740942, "facet_count": 3, "obstruction_count": 1, "panel_count": 12, "kwp": 5.28, "ac_kwh_day_avg": 15.8, "ac_kwh_year": 5780.0, "facet_area_m2": 66.2, "avg_poa_kwh_m2": 1315.0}}, {"type": "Feature", "geometry": {"type": "Polygon", "coordinates": [[[168.67358149987143, -45.03272383878583], [168.67359416946528, -45.0326621946633], [168.67366929439882, -45.032669957964096], [168.6736566248833, -45.03273160209647], [168.67362450544886, -45.0327282829266], [168.67361184007825, -45.03278990657692], [168.67356627413946, -45.03278519785009], [168.67355144424215, -45.0328573525891], [168.67352020064362, -45.032854123903114], [168.67351127488809, -45.032897551878506], [168.67349019555235, -45.03289537355312], [168.67348702811347, -45.03291078457969], [168.6734239922307, -45.0329042704665], [168.67343907620287, -45.032830880409094], [168.67345394722264, -45.03283241717959], [168.67346651878833, -45.032771250831075], [168.67350959176724, -45.03277570197837], [168.67351503305807, -45.0327492274978], [168.67352819076586, -45.03275058720746], [168.67353468270682, -45.032719000741416], [168.67358149987143, -45.03272383878583]]]}, "properties": {"building_id": 4740950, "facet_count": 4, "obstruction_count": 2, "panel_count": 10, "kwp": 4.4, "ac_kwh_day_avg": 12.3, "ac_kwh_year": 4504.0, "facet_area_m2": 68.4, "avg_poa_kwh_m2": 1228.0}}, {"type": "Feature", "geometry": {"type": "Polygon", "coordinates": [[[168.67378838069087, -45.03312503132104], [168.67361734795747, -45.03310143459964], [168.67363891401348, -45.03302283657614], [168.67380994652584, -45.033046433256864], [168.67378838069087, -45.03312503132104]]]}, "properties": {"building_id": 4740955, "facet_count": 2, "obstruction_count": 5, "panel_count": 31, "kwp": 13.64, "ac_kwh_day_avg": 35.0, "ac_kwh_year": 12778.0, "facet_area_m2": 111.1, "avg_poa_kwh_m2": 1167.0}}, {"type": "Feature", "geometry": {"type": "Polygon", "coordinates": [[[168.67431000536496, -45.0319695864761], [168.67436809897194, -45.03194112704258], [168.67441536453856, -45.031989639171485], [168.67435727090393, -45.03201809862835], [168.67431000536496, -45.0319695864761]]]}, "properties": {"building_id": 4750883, "facet_count": 1, "obstruction_count": 0, "panel_count": 0, "kwp": 0, "ac_kwh_day_avg": 0, "ac_kwh_year": 0, "facet_area_m2": 5.8, "avg_poa_kwh_m2": 1357.0}}, {"type": "Feature", "geometry": {"type": "Polygon", "coordinates": [[[168.66947735472326, -45.03231617743648], [168.66953612613713, -45.032280293456374], [168.66957938789008, -45.03231592004563], [168.6695730088594, -45.032319814979154], [168.66962333520343, -45.03236125870575], [168.66956371461964, -45.032397661386945], [168.6695984945615, -45.032426302537914], [168.66949896532222, -45.03248707131643], [168.66944920196292, -45.03244609001657], [168.6694635891234, -45.032437305231284], [168.66939685720823, -45.032382350143294], [168.66939008419763, -45.03238648575253], [168.6693403938115, -45.032345565689376], [168.66943953566022, -45.03228503348477], [168.66947735472326, -45.03231617743648]]]}, "properties": {"building_id": 4751033, "facet_count": 9, "obstruction_count": 8, "panel_count": 25, "kwp": 11.0, "ac_kwh_day_avg": 31.3, "ac_kwh_year": 11436.0, "facet_area_m2": 168.6, "avg_poa_kwh_m2": 1240.0}}, {"type": "Feature", "geometry": {"type": "Polygon", "coordinates": [[[168.6702115560704, -45.03198888816728], [168.67018198290216, -45.03204305180902], [168.67016004891858, -45.032037029957536], [168.6701110238729, -45.0320667500014], [168.67013905387347, -45.03208999810527], [168.67003607305918, -45.03215242672541], [168.66995674751647, -45.03208663239798], [168.67005599106983, -45.03202646989489], [168.67002859680312, -45.03200374732515], [168.6701024968399, -45.031958947923876], [168.6702115560704, -45.03198888816728]]]}, "properties": {"building_id": 4751038, "facet_count": 1, "obstruction_count": 0, "panel_count": 6, "kwp": 2.64, "ac_kwh_day_avg": 7.9, "ac_kwh_year": 2877.0, "facet_area_m2": 38.0, "avg_poa_kwh_m2": 1306.0}}, {"type": "Feature", "geometry": {"type": "Polygon", "coordinates": [[[168.6700451555326, -45.03169832434987], [168.67010412896366, -45.03174291752731], [168.67013887224806, -45.03171981420411], [168.67022785618096, -45.031787099610504], [168.67021389226022, -45.03179638577186], [168.67024423536176, -45.03181932922912], [168.67013792034652, -45.03189002376682], [168.66999491187002, -45.03178188612437], [168.6700064150342, -45.03177423668021], [168.66999751041055, -45.03176750347775], [168.67000924483938, -45.031759699883814], [168.6699828587931, -45.03173974857764], [168.6700451555326, -45.03169832434987]]]}, "properties": {"building_id": 4751043, "facet_count": 2, "obstruction_count": 5, "panel_count": 65, "kwp": 28.6, "ac_kwh_day_avg": 88.5, "ac_kwh_year": 32313.0, "facet_area_m2": 217.1, "avg_poa_kwh_m2": 1348.0}}, {"type": "Feature", "geometry": {"type": "Polygon", "coordinates": [[[168.67260046574313, -45.03184057958411], [168.6725659456297, -45.03188982734651], [168.67242572131912, -45.03184040622867], [168.6723872372676, -45.03189530877102], [168.67229932699777, -45.0318643245705], [168.67231578693813, -45.03184084150109], [168.6722421568723, -45.03181489046302], [168.67224922640105, -45.031804806683944], [168.67222688254162, -45.03179693148224], [168.67228161445234, -45.03171885024311], [168.67238852715093, -45.03175653135145], [168.67238733466718, -45.03174312005842], [168.67246111646298, -45.031739823290685], [168.67246501593084, -45.03178369535758], [168.67248467026997, -45.03179062222797], [168.67248960297806, -45.03178358457067], [168.67257512291062, -45.031813726219774], [168.6725650485183, -45.03182809787227], [168.67260046574313, -45.03184057958411]]]}, "properties": {"building_id": 4751045, "facet_count": 5, "obstruction_count": 0, "panel_count": 34, "kwp": 14.96, "ac_kwh_day_avg": 43.9, "ac_kwh_year": 16007.0, "facet_area_m2": 205.1, "avg_poa_kwh_m2": 1279.0}}, {"type": "Feature", "geometry": {"type": "Polygon", "coordinates": [[[168.6696499623928, -45.03207675252419], [168.66953845242224, -45.032152641284036], [168.66951375539603, -45.03213439598226], [168.66949441130373, -45.03214756092068], [168.66938557542505, -45.03206715122498], [168.66948245488888, -45.032001220109], [168.66955097485527, -45.032051844748835], [168.66958495328547, -45.032028721540506], [168.6696499623928, -45.03207675252419]]]}, "properties": {"building_id": 4751047, "facet_count": 2, "obstruction_count": 2, "panel_count": 21, "kwp": 9.24, "ac_kwh_day_avg": 27.6, "ac_kwh_year": 10069.0, "facet_area_m2": 129.5, "avg_poa_kwh_m2": 1275.0}}, {"type": "Feature", "geometry": {"type": "Polygon", "coordinates": [[[168.669803434082, -45.031897440646375], [168.66979052063928, -45.03188751159859], [168.66970895067863, -45.03194085659054], [168.66960576539003, -45.031861522345274], [168.66972375910495, -45.03178435850587], [168.6698398566125, -45.03187362164158], [168.669803434082, -45.031897440646375]]]}, "properties": {"building_id": 4751055, "facet_count": 5, "obstruction_count": 1, "panel_count": 27, "kwp": 11.88, "ac_kwh_day_avg": 33.8, "ac_kwh_year": 12350.0, "facet_area_m2": 125.5, "avg_poa_kwh_m2": 1275.0}}, {"type": "Feature", "geometry": {"type": "Polygon", "coordinates": [[[168.6692461819067, -45.03196506602726], [168.66919387481425, -45.03200375740008], [168.66914268366943, -45.03203920455439], [168.66906088775227, -45.03197980851287], [168.66911715066, -45.03194392335744], [168.6691278242101, -45.031951673537705], [168.66914539287907, -45.03193950883176], [168.66915336469654, -45.031945296568175], [168.6692473809624, -45.03188019576669], [168.6693066239929, -45.03192321436616], [168.6692461819067, -45.03196506602726]]]}, "properties": {"building_id": 4751208, "facet_count": 7, "obstruction_count": 0, "panel_count": 0, "kwp": 0, "ac_kwh_day_avg": 0, "ac_kwh_year": 0, "facet_area_m2": 36.6, "avg_poa_kwh_m2": 1379.0}}, {"type": "Feature", "geometry": {"type": "Polygon", "coordinates": [[[168.67105005856203, -45.03202355087021], [168.67106687681218, -45.0320144252157], [168.6711294803495, -45.0320724380215], [168.67100236975756, -45.032141407428526], [168.67090296360777, -45.03204929025809], [168.671013254655, -45.03198944566162], [168.67105005856203, -45.03202355087021]]]}, "properties": {"building_id": 4751226, "facet_count": 1, "obstruction_count": 1, "panel_count": 49, "kwp": 21.56, "ac_kwh_day_avg": 64.4, "ac_kwh_year": 23494.0, "facet_area_m2": 143.4, "avg_poa_kwh_m2": 1306.0}}, {"type": "Feature", "geometry": {"type": "Polygon", "coordinates": [[[168.67384955252717, -45.03163310795848], [168.67385223328856, -45.031608052991665], [168.67391223453728, -45.03161128166377], [168.6739091707456, -45.031639914753306], [168.67395363437814, -45.03164230706947], [168.67394136909155, -45.0317569236647], [168.6738399637151, -45.0317514673896], [168.6738437262645, -45.031716302037886], [168.67382642474152, -45.03171537174443], [168.673802469154, -45.03163057476643], [168.67384955252717, -45.03163310795848]]]}, "properties": {"building_id": 4751233, "facet_count": 6, "obstruction_count": 1, "panel_count": 18, "kwp": 7.92, "ac_kwh_day_avg": 20.0, "ac_kwh_year": 7288.0, "facet_area_m2": 89.1, "avg_poa_kwh_m2": 1131.0}}, {"type": "Feature", "geometry": {"type": "Polygon", "coordinates": [[[168.66936971744113, -45.0316002134589], [168.6694335185713, -45.031561581497776], [168.66951244191242, -45.03162712056298], [168.66938929488796, -45.03170168669441], [168.66929285483107, -45.031621602013004], [168.6693522007367, -45.03158566703729], [168.66936971744113, -45.0316002134589]]]}, "properties": {"building_id": 4751242, "facet_count": 4, "obstruction_count": 4, "panel_count": 26, "kwp": 11.44, "ac_kwh_day_avg": 34.0, "ac_kwh_year": 12409.0, "facet_area_m2": 125.6, "avg_poa_kwh_m2": 1298.0}}, {"type": "Feature", "geometry": {"type": "Polygon", "coordinates": [[[168.67002414078863, -45.0324040509441], [168.6700912883403, -45.03245964618317], [168.67007442629725, -45.0324698853647], [168.6701087642131, -45.03249831512753], [168.6700202717269, -45.03255205362483], [168.66996836599094, -45.03250907646839], [168.66998035961353, -45.03250179313137], [168.6699307811971, -45.03246074525242], [168.67002414078863, -45.0324040509441]]]}, "properties": {"building_id": 4751251, "facet_count": 3, "obstruction_count": 2, "panel_count": 19, "kwp": 8.36, "ac_kwh_day_avg": 25.1, "ac_kwh_year": 9176.0, "facet_area_m2": 97.3, "avg_poa_kwh_m2": 1296.0}}, {"type": "Feature", "geometry": {"type": "Polygon", "coordinates": [[[168.66896742314597, -45.03235048368027], [168.66903620518792, -45.0323004512507], [168.66908763901736, -45.032336003241646], [168.66901885823884, -45.032386035750214], [168.66896742314597, -45.03235048368027]]]}, "properties": {"building_id": 4751256, "facet_count": 2, "obstruction_count": 2, "panel_count": 3, "kwp": 1.32, "ac_kwh_day_avg": 3.7, "ac_kwh_year": 1333.0, "facet_area_m2": 36.0, "avg_poa_kwh_m2": 1205.0}}, {"type": "Feature", "geometry": {"type": "Polygon", "coordinates": [[[168.67132256375925, -45.03219911132846], [168.67138596005353, -45.03225170974808], [168.67130784309325, -45.03229905041674], [168.67115192780534, -45.03216968912758], [168.6712456022778, -45.032112921154194], [168.6713381214104, -45.032189683009385], [168.67132256375925, -45.03219911132846]]]}, "properties": {"building_id": 4751258, "facet_count": 10, "obstruction_count": 3, "panel_count": 9, "kwp": 3.96, "ac_kwh_day_avg": 11.2, "ac_kwh_year": 4089.0, "facet_area_m2": 104.5, "avg_poa_kwh_m2": 1218.0}}, {"type": "Feature", "geometry": {"type": "Polygon", "coordinates": [[[168.67101457029355, -45.032449453245654], [168.67113516437243, -45.032549403673265], [168.67110996503058, -45.032564690952604], [168.67100629961502, -45.03262792689497], [168.67088538135408, -45.032528258700964], [168.67101457029355, -45.032449453245654]]]}, "properties": {"building_id": 4751259, "facet_count": 4, "obstruction_count": 0, "panel_count": 13, "kwp": 5.72, "ac_kwh_day_avg": 17.1, "ac_kwh_year": 6233.0, "facet_area_m2": 103.0, "avg_poa_kwh_m2": 1306.0}}, {"type": "Feature", "geometry": {"type": "Polygon", "coordinates": [[[168.67051215080576, -45.03249700461871], [168.67058139387132, -45.03240103894886], [168.67072817334574, -45.0324542886657], [168.67065893044838, -45.03255025443104], [168.67051215080576, -45.03249700461871]]]}, "properties": {"building_id": 4751264, "facet_count": 5, "obstruction_count": 3, "panel_count": 25, "kwp": 11.0, "ac_kwh_day_avg": 30.3, "ac_kwh_year": 11057.0, "facet_area_m2": 122.6, "avg_poa_kwh_m2": 1229.0}}, {"type": "Feature", "geometry": {"type": "Polygon", "coordinates": [[[168.67093759100965, -45.03227774756145], [168.67093762577352, -45.032285371689774], [168.6710181302209, -45.03228518657456], [168.67101829961786, -45.03232213950178], [168.67099278442822, -45.032322198518216], [168.67099285689255, -45.03233781146321], [168.6709180559063, -45.03233798451941], [168.6709182390991, -45.032377947305385], [168.67085531260875, -45.032378092390154], [168.67085506406306, -45.03232391942493], [168.67083336442366, -45.032323969382716], [168.6708331501443, -45.03227719187845], [168.6708760250225, -45.03227709274721], [168.67087588203097, -45.03224585882874], [168.670971860605, -45.03224563759839], [168.67097200820683, -45.032277668359875], [168.67093759100965, -45.03227774756145]]]}, "properties": {"building_id": 4751269, "facet_count": 6, "obstruction_count": 2, "panel_count": 6, "kwp": 2.64, "ac_kwh_day_avg": 6.9, "ac_kwh_year": 2529.0, "facet_area_m2": 63.4, "avg_poa_kwh_m2": 1057.0}}, {"type": "Feature", "geometry": {"type": "Polygon", "coordinates": [[[168.67112529773863, -45.03230423471497], [168.6711812299043, -45.03234556297031], [168.67111653699578, -45.032389584788426], [168.67106060483857, -45.032348256501685], [168.67112529773863, -45.03230423471497]]]}, "properties": {"building_id": 4751276, "facet_count": 2, "obstruction_count": 1, "panel_count": 1, "kwp": 0.44, "ac_kwh_day_avg": 1.3, "ac_kwh_year": 479.0, "facet_area_m2": 33.8, "avg_poa_kwh_m2": 1278.0}}, {"type": "Feature", "geometry": {"type": "Polygon", "coordinates": [[[168.67071418290644, -45.03232076261432], [168.67071905617897, -45.03236043092994], [168.670636366981, -45.032365537910735], [168.67063149376585, -45.03232586959375], [168.67071418290644, -45.03232076261432]]]}, "properties": {"building_id": 4751278, "facet_count": 1, "obstruction_count": 0, "panel_count": 2, "kwp": 0.88, "ac_kwh_day_avg": 3.4, "ac_kwh_year": 1240.0, "facet_area_m2": 11.4, "avg_poa_kwh_m2": 1689.0}}, {"type": "Feature", "geometry": {"type": "Polygon", "coordinates": [[[168.6719235033684, -45.042597964594954], [168.67198915678148, -45.04259950703662], [168.67198769399087, -45.04263081185546], [168.67192204007748, -45.04262926940273], [168.6719235033684, -45.042597964594954]]]}, "properties": {"building_id": 4739217, "facet_count": 1, "obstruction_count": 0, "panel_count": 2, "kwp": 0.88, "ac_kwh_day_avg": 3.1, "ac_kwh_year": 1118.0, "facet_area_m2": 9.8, "avg_poa_kwh_m2": 1523.0}}, {"type": "Feature", "geometry": {"type": "Polygon", "coordinates": [[[168.67134982484325, -45.04257646405987], [168.67130838109827, -45.04252735216379], [168.6714735391578, -45.04245730222436], [168.6715149817367, -45.04250641401613], [168.67134982484325, -45.04257646405987]]]}, "properties": {"building_id": 4739219, "facet_count": 2, "obstruction_count": 1, "panel_count": 17, "kwp": 7.48, "ac_kwh_day_avg": 22.7, "ac_kwh_year": 8272.0, "facet_area_m2": 90.9, "avg_poa_kwh_m2": 1285.0}}, {"type": "Feature", "geometry": {"type": "Polygon", "coordinates": [[[168.66465067449403, -45.032831471265226], [168.66462264591465, -45.03281140133227], [168.66461693176413, -45.032815413094454], [168.66457490573788, -45.03278532097303], [168.66458611828122, -45.0327774476799], [168.66455139989995, -45.032752588132986], [168.66456515584835, -45.032742928381076], [168.66453060975718, -45.032718191505154], [168.66454246449683, -45.03270986734159], [168.6645020824399, -45.03268095215527], [168.66451596709925, -45.03267120188461], [168.66448588896895, -45.03264966407068], [168.66459017221408, -45.0325764373322], [168.66462644284624, -45.032602408227234], [168.66461457340225, -45.032610742642646], [168.66465140045003, -45.03263711187174], [168.6646377437843, -45.03264670159465], [168.66467253562817, -45.032671613419815], [168.66466265307596, -45.03267855339789], [168.66470053391677, -45.03270567744083], [168.66468420511677, -45.03271714415756], [168.66471806243595, -45.03274138759231], [168.66466600990316, -45.03277793870636], [168.6646961628505, -45.03279952972849], [168.66465067449403, -45.032831471265226]]]}, "properties": {"building_id": 5371134, "facet_count": 1, "obstruction_count": 1, "panel_count": 15, "kwp": 6.6, "ac_kwh_day_avg": 19.7, "ac_kwh_year": 7192.0, "facet_area_m2": 97.9, "avg_poa_kwh_m2": 1306.0}}, {"type": "Feature", "geometry": {"type": "Polygon", "coordinates": [[[168.66447985662882, -45.032951670684014], [168.66445106012017, -45.03293134735351], [168.66444664150183, -45.032934494690096], [168.66440665746595, -45.03290627425249], [168.66441806710637, -45.03289814561725], [168.66438035367187, -45.032871527453274], [168.66439575120071, -45.032860558271295], [168.66436071205848, -45.03283582779573], [168.66437428064094, -45.03282616184054], [168.6643346353813, -45.03279818021061], [168.66434649573833, -45.032789732055], [168.66431801759006, -45.032769632344284], [168.66442000983977, -45.03269697576031], [168.6644567795371, -45.03272292788344], [168.66444709696364, -45.03272982503831], [168.66448534895986, -45.03275682464066], [168.6644674396429, -45.03276958239652], [168.6645023667047, -45.03279423386059], [168.6644940393176, -45.03280016624909], [168.6645315623289, -45.03282665020604], [168.6645151531916, -45.03283833889027], [168.6645483291987, -45.03286175439282], [168.66449260574518, -45.03290145059915], [168.66452161432127, -45.03292192421503], [168.66447985662882, -45.032951670684014]]]}, "properties": {"building_id": 5371135, "facet_count": 1, "obstruction_count": 1, "panel_count": 14, "kwp": 6.16, "ac_kwh_day_avg": 18.4, "ac_kwh_year": 6713.0, "facet_area_m2": 91.7, "avg_poa_kwh_m2": 1306.0}}, {"type": "Feature", "geometry": {"type": "Polygon", "coordinates": [[[168.6645612048423, -45.03335460025156], [168.6644998772267, -45.0333435133456], [168.66450985218154, -45.033315769008205], [168.66444335345622, -45.03330374723482], [168.6644562382072, -45.033267913747295], [168.66443808462643, -45.033264632526816], [168.6644501591633, -45.033231051104664], [168.6644319968691, -45.033227767751406], [168.6644455008384, -45.033190209648325], [168.66442692149974, -45.03318685101936], [168.66443913723015, -45.03315287978517], [168.6644228523519, -45.033149935194714], [168.66443649457256, -45.03311199256873], [168.6644164537292, -45.033108369505285], [168.6644283465576, -45.03307529338173], [168.6644154218678, -45.033072956397156], [168.66442803632404, -45.03303787599243], [168.6644056034793, -45.033033819874355], [168.6644174915469, -45.033000756173315], [168.66440204328887, -45.03299796312628], [168.66441605847328, -45.03295898326641], [168.66456178945057, -45.03298532949993], [168.66454798179018, -45.033023732147306], [168.6645665510261, -45.03302708947207], [168.66455550903024, -45.033057797164574], [168.6645774134669, -45.03306175663941], [168.66456445793833, -45.033097789091805], [168.66457320967334, -45.03309937141948], [168.66456116734895, -45.03313286406122], [168.66458988101746, -45.033138055621976], [168.66457614577715, -45.03317625578344], [168.66458396322466, -45.03317766934748], [168.66457239501904, -45.03320984504128], [168.66459870170314, -45.03321460027966], [168.6645847669709, -45.03325335637337], [168.66459540738265, -45.03325527968987], [168.6645837910706, -45.03328758768324], [168.66460498670975, -45.03329141937307], [168.6645905021688, -45.0333317037827], [168.66457072295626, -45.03332812850536], [168.6645612048423, -45.03335460025156]]]}, "properties": {"building_id": 5371137, "facet_count": 6, "obstruction_count": 0, "panel_count": 11, "kwp": 4.84, "ac_kwh_day_avg": 14.4, "ac_kwh_year": 5274.0, "facet_area_m2": 86.2, "avg_poa_kwh_m2": 1302.0}}, {"type": "Feature", "geometry": {"type": "Polygon", "coordinates": [[[168.66503326043863, -45.032286059423114], [168.66511169248568, -45.03222970344704], [168.66514531925873, -45.03225323403928], [168.66515806053172, -45.03224407934283], [168.6651941746426, -45.0322693509586], [168.66521100239945, -45.03225725950694], [168.66524516339686, -45.03228116325971], [168.66525889135065, -45.03227129981615], [168.66529460768015, -45.03229629251743], [168.6653098109951, -45.032285368936805], [168.66535167396057, -45.03231466331969], [168.66527666395393, -45.03236856064786], [168.66524104770104, -45.032343637460656], [168.6652236868926, -45.03235611283092], [168.66518941017762, -45.03233212725491], [168.66517355434576, -45.03234352020925], [168.66513572095664, -45.03231704446427], [168.66512106523604, -45.03232757565898], [168.6650850318639, -45.032302361101934], [168.66507098300164, -45.03231245537169], [168.66503326043863, -45.032286059423114]]]}, "properties": {"building_id": 5371143, "facet_count": 6, "obstruction_count": 0, "panel_count": 0, "kwp": 0, "ac_kwh_day_avg": 0, "ac_kwh_year": 0, "facet_area_m2": 34.6, "avg_poa_kwh_m2": 1361.0}}, {"type": "Feature", "geometry": {"type": "Polygon", "coordinates": [[[168.66498239264982, -45.03224151352029], [168.6649501747545, -45.03221456352772], [168.66497153942936, -45.0322017210588], [168.66493872461243, -45.03217427126098], [168.66496232226459, -45.03216008691468], [168.6649304219954, -45.03213340284938], [168.66495180257988, -45.03212055108708], [168.66491110764235, -45.03208651016683], [168.66499224891712, -45.032037736985366], [168.66502824434966, -45.032067848062965], [168.66500806871787, -45.032079976001945], [168.66504442960868, -45.032110391734115], [168.66501898997805, -45.0321256834953], [168.6650521343628, -45.032153408658914], [168.66503185641264, -45.03216559662436], [168.6650639836159, -45.03219247022949], [168.66498239264982, -45.03224151352029]]]}, "properties": {"building_id": 5371144, "facet_count": 6, "obstruction_count": 0, "panel_count": 0, "kwp": 0, "ac_kwh_day_avg": 0, "ac_kwh_year": 0, "facet_area_m2": 34.4, "avg_poa_kwh_m2": 1249.0}}, {"type": "Feature", "geometry": {"type": "Polygon", "coordinates": [[[168.66504267408897, -45.032020608442636], [168.66508968929267, -45.03198765268609], [168.66508316636126, -45.031982972987045], [168.66511797422925, -45.03195857468209], [168.66526318754416, -45.03206273885484], [168.66518136438597, -45.032120093914735], [168.66504267408897, -45.032020608442636]]]}, "properties": {"building_id": 5371145, "facet_count": 4, "obstruction_count": 2, "panel_count": 4, "kwp": 1.76, "ac_kwh_day_avg": 5.5, "ac_kwh_year": 2007.0, "facet_area_m2": 48.9, "avg_poa_kwh_m2": 1350.0}}, {"type": "Feature", "geometry": {"type": "Polygon", "coordinates": [[[168.66488144231718, -45.03241056836559], [168.66495752884288, -45.03235686167084], [168.664991259062, -45.0323808877463], [168.6650060943646, -45.0323704165091], [168.6650405762229, -45.032394978862], [168.6650555805248, -45.0323843880188], [168.66509047795577, -45.03240924701988], [168.6651033444983, -45.03240016550805], [168.66513843592085, -45.032425162399285], [168.6651519730725, -45.03241560677919], [168.66518525412016, -45.03243931235137], [168.66511175062368, -45.0324911964239], [168.66507974536637, -45.03246839812921], [168.66506541692672, -45.032478512372414], [168.66503381406014, -45.03245600032473], [168.66502050357522, -45.03246539531517], [168.66498376185965, -45.0324392229915], [168.66496911694676, -45.032449560136534], [168.6649341171092, -45.03242462878917], [168.66491757446437, -45.032436306153116], [168.66488144231718, -45.03241056836559]]]}, "properties": {"building_id": 5371147, "facet_count": 5, "obstruction_count": 0, "panel_count": 0, "kwp": 0, "ac_kwh_day_avg": 0, "ac_kwh_year": 0, "facet_area_m2": 23.5, "avg_poa_kwh_m2": 1399.0}}, {"type": "Feature", "geometry": {"type": "Polygon", "coordinates": [[[168.66566369098405, -45.03460736870787], [168.66564804468544, -45.034610511353165], [168.66563350011603, -45.03457410914446], [168.6656460422086, -45.034571589321246], [168.66563787392127, -45.03455114328073], [168.66562418066476, -45.03455389388817], [168.66560903097422, -45.03451597525178], [168.66563955912042, -45.0345098427401], [168.66563458670814, -45.03450287073596], [168.66569395617933, -45.034481585562744], [168.66572661862193, -45.0345273878134], [168.66573971104387, -45.03452269424283], [168.66576638870964, -45.034560105097114], [168.66575351293992, -45.03456472049041], [168.6657842138439, -45.0346077718752], [168.6657730461316, -45.03461177617426], [168.66577783386316, -45.03462375880778], [168.66567823465334, -45.03464376637743], [168.66566369098405, -45.03460736870787]]]}, "properties": {"building_id": 5371181, "facet_count": 4, "obstruction_count": 1, "panel_count": 21, "kwp": 9.24, "ac_kwh_day_avg": 25.5, "ac_kwh_year": 9313.0, "facet_area_m2": 112.9, "avg_poa_kwh_m2": 1226.0}}, {"type": "Feature", "geometry": {"type": "Polygon", "coordinates": [[[168.66521195163622, -45.034780287351445], [168.66513690150228, -45.034793715021976], [168.6650807685203, -45.03480431350739], [168.6650617230137, -45.0347536034774], [168.66510098758374, -45.034746190214015], [168.66510970974923, -45.03476941553787], [168.66522539129068, -45.03474757333588], [168.66523597326912, -45.034775752004684], [168.66521195163622, -45.034780287351445]]]}, "properties": {"building_id": 5371182, "facet_count": 3, "obstruction_count": 1, "panel_count": 4, "kwp": 1.76, "ac_kwh_day_avg": 5.1, "ac_kwh_year": 1874.0, "facet_area_m2": 34.7, "avg_poa_kwh_m2": 1267.0}}, {"type": "Feature", "geometry": {"type": "Polygon", "coordinates": [[[168.66515690680993, -45.029406559125746], [168.66523909313528, -45.029436352685046], [168.66522787639965, -45.02945191260842], [168.665250933171, -45.02946870027587], [168.66525283594078, -45.02946939016498], [168.66528302089364, -45.02948033300509], [168.66529052422933, -45.02947515058555], [168.6653892450173, -45.02954703105819], [168.66518819178387, -45.02968588149097], [168.66510332692346, -45.02962409049698], [168.66511991140246, -45.0296126370415], [168.66508778144834, -45.029589241676646], [168.66519626911787, -45.02950436106318], [168.66518368602203, -45.02949980018322], [168.66519033463632, -45.02949057762001], [168.66511581247374, -45.02946356271367], [168.66515690680993, -45.029406559125746]]]}, "properties": {"building_id": 5371197, "facet_count": 5, "obstruction_count": 3, "panel_count": 103, "kwp": 45.32, "ac_kwh_day_avg": 114.6, "ac_kwh_year": 41834.0, "facet_area_m2": 312.2, "avg_poa_kwh_m2": 1113.0}}, {"type": "Feature", "geometry": {"type": "Polygon", "coordinates": [[[168.66580633405243, -45.02975815651717], [168.66573590095484, -45.02970858480156], [168.66584761808969, -45.02962876480611], [168.66616256380078, -45.02985042347495], [168.66617504925705, -45.02984150288822], [168.66624930867616, -45.02989376554247], [168.66612138885716, -45.02998516207409], [168.6660535862703, -45.02993744413984], [168.6660392395513, -45.029947693741434], [168.66578827135936, -45.029771062584665], [168.66580633405243, -45.02975815651717]]]}, "properties": {"building_id": 5371200, "facet_count": 4, "obstruction_count": 11, "panel_count": 85, "kwp": 37.4, "ac_kwh_day_avg": 103.9, "ac_kwh_year": 37933.0, "facet_area_m2": 402.5, "avg_poa_kwh_m2": 1227.0}}, {"type": "Feature", "geometry": {"type": "Polygon", "coordinates": [[[168.6663858771219, -45.03179461832747], [168.6664233285499, -45.031779019560844], [168.66644689255497, -45.03180746662234], [168.6664094411136, -45.0318230653962], [168.6663858771219, -45.03179461832747]]]}, "properties": {"building_id": 5371205, "facet_count": 1, "obstruction_count": 0, "panel_count": 1, "kwp": 0.44, "ac_kwh_day_avg": 1.3, "ac_kwh_year": 479.0, "facet_area_m2": 8.0, "avg_poa_kwh_m2": 1306.0}}, {"type": "Feature", "geometry": {"type": "Polygon", "coordinates": [[[168.66594082319904, -45.03020853471313], [168.66583020514605, -45.030133067957685], [168.66590825867146, -45.03007553774352], [168.66601887685673, -45.03015100395346], [168.66594082319904, -45.03020853471313]]]}, "properties": {"building_id": 5372666, "facet_count": 1, "obstruction_count": 2, "panel_count": 31, "kwp": 13.64, "ac_kwh_day_avg": 38.6, "ac_kwh_year": 14079.0, "facet_area_m2": 95.6, "avg_poa_kwh_m2": 1237.0}}, {"type": "Feature", "geometry": {"type": "Polygon", "coordinates": [[[168.66381019895226, -45.03563756818374], [168.66375726878908, -45.03564702514587], [168.66374744877206, -45.035619392957166], [168.66380037908456, -45.03560993611303], [168.66381019895226, -45.03563756818374]]]}, "properties": {"building_id": 5372789, "facet_count": 1, "obstruction_count": 0, "panel_count": 2, "kwp": 0.88, "ac_kwh_day_avg": 2.8, "ac_kwh_year": 1015.0, "facet_area_m2": 11.6, "avg_poa_kwh_m2": 1382.0}}, {"type": "Feature", "geometry": {"type": "Polygon", "coordinates": [[[168.66493999072807, -45.03385408090462], [168.66495242924307, -45.03386424089318], [168.66495163268377, -45.03389682537638], [168.66487886292086, -45.03389593116309], [168.66487990465484, -45.03385334229326], [168.66493999072807, -45.03385408090462]]]}, "properties": {"building_id": 5372790, "facet_count": 1, "obstruction_count": 0, "panel_count": 4, "kwp": 1.76, "ac_kwh_day_avg": 5.3, "ac_kwh_year": 1918.0, "facet_area_m2": 18.5, "avg_poa_kwh_m2": 1306.0}}, {"type": "Feature", "geometry": {"type": "Polygon", "coordinates": [[[168.66389673786918, -45.035502772873755], [168.6638723824569, -45.03543845683328], [168.6639174155215, -45.03542988342313], [168.6639417709821, -45.0354941994558], [168.66389673786918, -45.035502772873755]]]}, "properties": {"building_id": 4725467, "facet_count": 1, "obstruction_count": 1, "panel_count": 5, "kwp": 2.2, "ac_kwh_day_avg": 6.6, "ac_kwh_year": 2397.0, "facet_area_m2": 20.9, "avg_poa_kwh_m2": 1306.0}}, {"type": "Feature", "geometry": {"type": "Polygon", "coordinates": [[[168.66442371273195, -45.03578887701868], [168.66440905954872, -45.03579246088288], [168.66438281356218, -45.03573851792782], [168.664497318461, -45.03571050961248], [168.6645338589049, -45.0357856118752], [168.6644340070564, -45.035810036356665], [168.66442371273195, -45.03578887701868]]]}, "properties": {"building_id": 4725474, "facet_count": 4, "obstruction_count": 1, "panel_count": 6, "kwp": 2.64, "ac_kwh_day_avg": 7.2, "ac_kwh_year": 2610.0, "facet_area_m2": 62.6, "avg_poa_kwh_m2": 1217.0}}, {"type": "Feature", "geometry": {"type": "Polygon", "coordinates": [[[168.6642082328149, -45.033437057536126], [168.664421042497, -45.033590601104066], [168.66423834813082, -45.03371791092008], [168.6642109790648, -45.03369816483582], [168.66418110075585, -45.03345596470894], [168.6642082328149, -45.033437057536126]]]}, "properties": {"building_id": 4725476, "facet_count": 1, "obstruction_count": 4, "panel_count": 95, "kwp": 41.8, "ac_kwh_day_avg": 124.8, "ac_kwh_year": 45550.0, "facet_area_m2": 269.5, "avg_poa_kwh_m2": 1306.0}}, {"type": "Feature", "geometry": {"type": "Polygon", "coordinates": [[[168.6655223553729, -45.033261538883586], [168.66557369787373, -45.0332713048532], [168.66558635037575, -45.03330739027552], [168.66563708709657, -45.033317042262404], [168.66564963014872, -45.033352812950234], [168.66569946586785, -45.03336229291995], [168.66571196941675, -45.03339794867479], [168.66576414179082, -45.03340787304003], [168.66577675594974, -45.03344384625944], [168.66582692596387, -45.03345338929482], [168.66583933443763, -45.03348877586431], [168.66589222659454, -45.0334988364618], [168.6659075151867, -45.033542438742145], [168.6658703229374, -45.033568089709156], [168.66588338940815, -45.033605352082546], [168.66584789146142, -45.03362983420365], [168.66586009424466, -45.03366463412742], [168.6658139493729, -45.033696459346224], [168.66576245124097, -45.03368666416304], [168.66572545171073, -45.033712181980604], [168.66567473587563, -45.033702534428485], [168.66563786888523, -45.033727960936915], [168.66557478541, -45.03371596076732], [168.66556229039105, -45.033680326927154], [168.6655121027828, -45.03367077950526], [168.665499931401, -45.033636070757126], [168.66544697545584, -45.03362599674912], [168.6654345316996, -45.033590508874326], [168.66538335041238, -45.03358077327765], [168.66537063328863, -45.03354450263754], [168.66531914164392, -45.033534708400055], [168.66530646206263, -45.03349854630286], [168.66525541983503, -45.0334888366409], [168.66524289798184, -45.03345312432816], [168.6651922587392, -45.033443492075634], [168.6651766019362, -45.03339884047766], [168.66522433000324, -45.03336592438055], [168.6652919072214, -45.03337877977635], [168.66530381729012, -45.033412744955655], [168.66535840752582, -45.03342312963041], [168.66537136831712, -45.033460089181496], [168.66542134049377, -45.03346959516662], [168.665433605635, -45.03350457394516], [168.66548445020982, -45.033514245404604], [168.6654970515302, -45.03355018485959], [168.66554836423896, -45.03355994520658], [168.66556134382387, -45.033596960361784], [168.66561145630703, -45.0336064932029], [168.6656234562605, -45.03364071651963], [168.6656572159796, -45.03364722672275], [168.66569399046915, -45.03362186420486], [168.6657440404522, -45.03363138470883], [168.6657668248066, -45.03361466494412], [168.66575403621638, -45.03357819448812], [168.6657905789251, -45.0335529914612], [168.66578269594388, -45.033530015942084], [168.66573128189825, -45.033520235644325], [168.6657190195532, -45.03348526780662], [168.66566751170447, -45.033475469510144], [168.66565506684105, -45.033439978016304], [168.665605277359, -45.033430506986825], [168.6655928482722, -45.033395059295046], [168.66554070092357, -45.03338514030363], [168.6655283239783, -45.03334984311869], [168.66547689129166, -45.03334006019638], [168.6654642650022, -45.03330404867408], [168.66541484983, -45.03329464940673], [168.6653989307457, -45.03324925060976], [168.66544898376586, -45.0332147304714], [168.6655100141685, -45.03322634027589], [168.6655223553729, -45.033261538883586]]]}, "properties": {"building_id": 4725488, "facet_count": 7, "obstruction_count": 2, "panel_count": 5, "kwp": 2.2, "ac_kwh_day_avg": 6.6, "ac_kwh_year": 2397.0, "facet_area_m2": 101.6, "avg_poa_kwh_m2": 1306.0}}, {"type": "Feature", "geometry": {"type": "Polygon", "coordinates": [[[168.6640099490433, -45.0345981749007], [168.66400718978616, -45.034591234800466], [168.66405026586597, -45.03458262650375], [168.66405285861347, -45.034589149782626], [168.66406350996192, -45.03458702181063], [168.66409229141766, -45.03465943684512], [168.66411439860207, -45.03465501885328], [168.6641244282432, -45.034680254600175], [168.66410330973184, -45.03468447525174], [168.66411624577148, -45.03471702217118], [168.66400348619356, -45.034739555014475], [168.6639833970661, -45.03468900944794], [168.6639732986213, -45.03469102791697], [168.66396997841986, -45.034682675684756], [168.66396120257497, -45.03468442939713], [168.66394862707153, -45.03465279006299], [168.66395687177905, -45.034651143074164], [168.66395363583322, -45.03464300289053], [168.66401166615725, -45.034631406809496], [168.66399930408863, -45.034600302210706], [168.6640099490433, -45.0345981749007]]]}, "properties": {"building_id": 4725511, "facet_count": 3, "obstruction_count": 2, "panel_count": 14, "kwp": 6.16, "ac_kwh_day_avg": 16.0, "ac_kwh_year": 5854.0, "facet_area_m2": 84.5, "avg_poa_kwh_m2": 1187.0}}, {"type": "Feature", "geometry": {"type": "Polygon", "coordinates": [[[168.66417874325947, -45.034773208278985], [168.66408330352962, -45.03479053166689], [168.66406779156372, -45.034747564283734], [168.66416323122465, -45.034730240906185], [168.66417874325947, -45.034773208278985]]]}, "properties": {"building_id": 4725514, "facet_count": 1, "obstruction_count": 1, "panel_count": 5, "kwp": 2.2, "ac_kwh_day_avg": 7.3, "ac_kwh_year": 2660.0, "facet_area_m2": 24.8, "avg_poa_kwh_m2": 1449.0}}, {"type": "Feature", "geometry": {"type": "Polygon", "coordinates": [[[168.6641520613372, -45.03499305761591], [168.6641544605317, -45.03504070049824], [168.66387699313057, -45.03504772753964], [168.66387106210473, -45.03492998305258], [168.6640771251271, -45.03492476429388], [168.66408065744287, -45.034994865904736], [168.6641520613372, -45.03499305761591]]]}, "properties": {"building_id": 4725516, "facet_count": 8, "obstruction_count": 4, "panel_count": 34, "kwp": 14.96, "ac_kwh_day_avg": 42.5, "ac_kwh_year": 15501.0, "facet_area_m2": 182.1, "avg_poa_kwh_m2": 1229.0}}, {"type": "Feature", "geometry": {"type": "Polygon", "coordinates": [[[168.66430058100627, -45.03510198833872], [168.66421296293942, -45.035114910352746], [168.66419560933934, -45.03505575774099], [168.6642832273176, -45.03504283573693], [168.66430058100627, -45.03510198833872]]]}, "properties": {"building_id": 4725517, "facet_count": 2, "obstruction_count": 4, "panel_count": 7, "kwp": 3.08, "ac_kwh_day_avg": 9.0, "ac_kwh_year": 3283.0, "facet_area_m2": 35.3, "avg_poa_kwh_m2": 1264.0}}, {"type": "Feature", "geometry": {"type": "Polygon", "coordinates": [[[168.66359078312345, -45.03517743943903], [168.66369120511035, -45.035123845615075], [168.6637990357905, -45.035225426480665], [168.66369861371203, -45.0352790203961], [168.66359078312345, -45.03517743943903]]]}, "properties": {"building_id": 4725521, "facet_count": 2, "obstruction_count": 4, "panel_count": 22, "kwp": 9.68, "ac_kwh_day_avg": 26.6, "ac_kwh_year": 9722.0, "facet_area_m2": 112.6, "avg_poa_kwh_m2": 1247.0}}, {"type": "Feature", "geometry": {"type": "Polygon", "coordinates": [[[168.66348215903793, -45.0355946304593], [168.66355979520722, -45.03557971092601], [168.66357638305928, -45.03562310678711], [168.66333601888232, -45.035669297468594], [168.66330239915138, -45.03558134217342], [168.66346512681346, -45.035550071146005], [168.66348215903793, -45.0355946304593]]]}, "properties": {"building_id": 4725525, "facet_count": 3, "obstruction_count": 6, "panel_count": 37, "kwp": 16.28, "ac_kwh_day_avg": 42.9, "ac_kwh_year": 15659.0, "facet_area_m2": 139.2, "avg_poa_kwh_m2": 1182.0}}, {"type": "Feature", "geometry": {"type": "Polygon", "coordinates": [[[168.66373183344191, -45.0360637453192], [168.66364571575843, -45.0360815318846], [168.66363066962114, -45.036044908700006], [168.6637167872525, -45.036027122144], [168.66373183344191, -45.0360637453192]]]}, "properties": {"building_id": 4725526, "facet_count": 2, "obstruction_count": 0, "panel_count": 3, "kwp": 1.32, "ac_kwh_day_avg": 3.1, "ac_kwh_year": 1143.0, "facet_area_m2": 22.7, "avg_poa_kwh_m2": 1190.0}}, {"type": "Feature", "geometry": {"type": "Polygon", "coordinates": [[[168.66426479687155, -45.035288002622956], [168.66428655180414, -45.03528387440314], [168.6643030455303, -45.0353275728436], [168.6641363232545, -45.035359210032446], [168.6641443059383, -45.03538035930432], [168.66402081914407, -45.035403792297224], [168.66401097910952, -45.03537772239396], [168.66407433009823, -45.035365700696175], [168.6640471016866, -45.0352935633575], [168.66425220462497, -45.03525464184703], [168.66426479687155, -45.035288002622956]]]}, "properties": {"building_id": 4725532, "facet_count": 5, "obstruction_count": 3, "panel_count": 34, "kwp": 14.96, "ac_kwh_day_avg": 42.3, "ac_kwh_year": 15429.0, "facet_area_m2": 154.3, "avg_poa_kwh_m2": 1212.0}}, {"type": "Feature", "geometry": {"type": "Polygon", "coordinates": [[[168.66446624268167, -45.035609328686206], [168.66452749457017, -45.03559969936296], [168.66453717438486, -45.03563065417404], [168.66447592246408, -45.03564028350125], [168.66446624268167, -45.035609328686206]]]}, "properties": {"building_id": 4725537, "facet_count": 1, "obstruction_count": 0, "panel_count": 3, "kwp": 1.32, "ac_kwh_day_avg": 3.4, "ac_kwh_year": 1238.0, "facet_area_m2": 13.3, "avg_poa_kwh_m2": 1124.0}}, {"type": "Feature", "geometry": {"type": "Polygon", "coordinates": [[[168.6654425471336, -45.03436453498153], [168.66555097814194, -45.03434252388874], [168.6655404376815, -45.03431641802587], [168.6656197414822, -45.03430031957146], [168.66563739927776, -45.034344052979705], [168.665658466105, -45.03433977646071], [168.6656677333874, -45.03436272887314], [168.6656939357433, -45.03435740984698], [168.6657169525458, -45.03441441575122], [168.66567665111538, -45.03442259685828], [168.66567985268043, -45.03443052620581], [168.6655995766611, -45.03444682202192], [168.66558508347612, -45.03441092646589], [168.66546768021826, -45.034434758892814], [168.6654425471336, -45.03436453498153]]]}, "properties": {"building_id": 4725540, "facet_count": 2, "obstruction_count": 0, "panel_count": 18, "kwp": 7.92, "ac_kwh_day_avg": 23.6, "ac_kwh_year": 8630.0, "facet_area_m2": 90.2, "avg_poa_kwh_m2": 1302.0}}, {"type": "Feature", "geometry": {"type": "Polygon", "coordinates": [[[168.66578545312478, -45.0348371927457], [168.6658702399457, -45.03482107241572], [168.66588308489634, -45.034855038869864], [168.66579829676138, -45.03487115915946], [168.66578545312478, -45.0348371927457]]]}, "properties": {"building_id": 4725543, "facet_count": 1, "obstruction_count": 0, "panel_count": 2, "kwp": 0.88, "ac_kwh_day_avg": 2.5, "ac_kwh_year": 902.0, "facet_area_m2": 14.4, "avg_poa_kwh_m2": 1229.0}}, {"type": "Feature", "geometry": {"type": "Polygon", "coordinates": [[[168.66528501809418, -45.03491844996457], [168.66526984350693, -45.034881852715884], [168.66533857984479, -45.03486752322176], [168.66535375447356, -45.034904120462876], [168.66528501809418, -45.03491844996457]]]}, "properties": {"building_id": 4725545, "facet_count": 2, "obstruction_count": 0, "panel_count": 3, "kwp": 1.32, "ac_kwh_day_avg": 4.1, "ac_kwh_year": 1502.0, "facet_area_m2": 19.9, "avg_poa_kwh_m2": 1323.0}}, {"type": "Feature", "geometry": {"type": "Polygon", "coordinates": [[[168.66561134212068, -45.03487451689103], [168.66556558046665, -45.03488386983839], [168.66556404544772, -45.034880094585404], [168.66550203860174, -45.034892769007996], [168.66549165765417, -45.0348672346644], [168.6653813991428, -45.03488977036132], [168.66536822128464, -45.03485735572074], [168.66539770051446, -45.03485133011795], [168.66537102262777, -45.03478570812308], [168.6655083500454, -45.03475763937266], [168.66553085557962, -45.03481299804941], [168.66557599180376, -45.03480377256579], [168.6655694332691, -45.0347876411284], [168.66562867527756, -45.03477553217813], [168.6656570746753, -45.034845388350725], [168.66560391775405, -45.03485625329007], [168.66561134212068, -45.03487451689103]]]}, "properties": {"building_id": 4725546, "facet_count": 5, "obstruction_count": 4, "panel_count": 11, "kwp": 4.84, "ac_kwh_day_avg": 14.8, "ac_kwh_year": 5401.0, "facet_area_m2": 93.0, "avg_poa_kwh_m2": 1328.0}}, {"type": "Feature", "geometry": {"type": "Polygon", "coordinates": [[[168.66579938414262, -45.03501383736875], [168.6658182527778, -45.0350694807899], [168.6657312549488, -45.03508431255603], [168.66571238639548, -45.035028669123584], [168.66579938414262, -45.03501383736875]]]}, "properties": {"building_id": 4725549, "facet_count": 2, "obstruction_count": 1, "panel_count": 6, "kwp": 2.64, "ac_kwh_day_avg": 8.2, "ac_kwh_year": 2979.0, "facet_area_m2": 38.3, "avg_poa_kwh_m2": 1293.0}}, {"type": "Feature", "geometry": {"type": "Polygon", "coordinates": [[[168.66616467400416, -45.035533726516405], [168.66618271683015, -45.035570984509874], [168.6661757700347, -45.03557267560557], [168.6661995262071, -45.03562173265752], [168.66607619081253, -45.035651759231165], [168.66602883569834, -45.03555396971592], [168.66612489977365, -45.035530582249024], [168.6661304560822, -45.035542056675155], [168.66616467400416, -45.035533726516405]]]}, "properties": {"building_id": 4725552, "facet_count": 3, "obstruction_count": 0, "panel_count": 13, "kwp": 5.72, "ac_kwh_day_avg": 18.7, "ac_kwh_year": 6841.0, "facet_area_m2": 75.2, "avg_poa_kwh_m2": 1402.0}}, {"type": "Feature", "geometry": {"type": "Polygon", "coordinates": [[[168.6652785981893, -45.036062778125675], [168.66523030822597, -45.035942970998576], [168.6654332001978, -45.03590185745227], [168.66548149056402, -45.03602166450872], [168.6652785981893, -45.036062778125675]]]}, "properties": {"building_id": 4725555, "facet_count": 4, "obstruction_count": 9, "panel_count": 52, "kwp": 22.88, "ac_kwh_day_avg": 66.5, "ac_kwh_year": 24269.0, "facet_area_m2": 218.9, "avg_poa_kwh_m2": 1275.0}}, {"type": "Feature", "geometry": {"type": "Polygon", "coordinates": [[[168.66581264301792, -45.035895406681036], [168.66583111442404, -45.03589201315673], [168.66585072888424, -45.03594568830652], [168.66577611197167, -45.03595939572623], [168.66575199356748, -45.03589339314608], [168.66580813899515, -45.03588307926273], [168.66581264301792, -45.035895406681036]]]}, "properties": {"building_id": 4725556, "facet_count": 1, "obstruction_count": 1, "panel_count": 7, "kwp": 3.08, "ac_kwh_day_avg": 9.0, "ac_kwh_year": 3272.0, "facet_area_m2": 33.7, "avg_poa_kwh_m2": 1273.0}}, {"type": "Feature", "geometry": {"type": "Polygon", "coordinates": [[[168.66552871018072, -45.03599951052704], [168.6654839449966, -45.03589823921635], [168.66569974023858, -45.03585028290768], [168.66574450704567, -45.03595155419531], [168.66552871018072, -45.03599951052704]]]}, "properties": {"building_id": 4725557, "facet_count": 4, "obstruction_count": 9, "panel_count": 52, "kwp": 22.88, "ac_kwh_day_avg": 67.7, "ac_kwh_year": 24711.0, "facet_area_m2": 195.6, "avg_poa_kwh_m2": 1285.0}}, {"type": "Feature", "geometry": {"type": "Polygon", "coordinates": [[[168.66569861465052, -45.03567875035171], [168.66578183332228, -45.03566152284157], [168.66582610881832, -45.03560021542454], [168.66588100898002, -45.03562010068856], [168.665853325058, -45.03565014724263], [168.6659095496498, -45.03563747190149], [168.66593517374932, -45.035692308669034], [168.6659361866833, -45.035694855571414], [168.66593682002974, -45.03569746342117], [168.66593706690088, -45.03570010385769], [168.66593692461197, -45.03570274816595], [168.6659363947103, -45.035705367588875], [168.6659354829586, -45.035707933640005], [168.66593419927216, -45.035710418413245], [168.6659325576112, -45.03571279488647], [168.66593057582884, -45.035715037215276], [168.66592827547723, -45.03571712101414], [168.66592568157282, -45.03571902362148], [168.66592282232455, -45.03572072434629], [168.66591972882705, -45.035722204693016], [168.66591643472245, -45.0357234485627], [168.66591297583443, -45.03572444242815], [168.66576394426627, -45.035758920035946], [168.66576041171686, -45.035743047710845], [168.66572943594394, -45.03575130179976], [168.66571541301727, -45.035719414857176], [168.66569861465052, -45.03567875035171]]]}, "properties": {"building_id": 4725558, "facet_count": 9, "obstruction_count": 0, "panel_count": 5, "kwp": 2.2, "ac_kwh_day_avg": 6.5, "ac_kwh_year": 2377.0, "facet_area_m2": 64.9, "avg_poa_kwh_m2": 1320.0}}, {"type": "Feature", "geometry": {"type": "Polygon", "coordinates": [[[168.66529346728618, -45.03559108965775], [168.66530042157947, -45.03558976977931], [168.66534502787036, -45.0357079388844], [168.66530507830873, -45.03571552062416], [168.66530919355208, -45.03572642358122], [168.66525116207106, -45.03573743605744], [168.66525400193117, -45.03574495801396], [168.66521168872933, -45.03575298814967], [168.66521998066048, -45.035774954840356], [168.66515520980667, -45.035787247604055], [168.66510145928135, -45.03564485674527], [168.66515463085847, -45.0356347658619], [168.66516833796905, -45.03567107686897], [168.66522071609566, -45.035661136718865], [168.66522263453075, -45.03566622102969], [168.66525158525707, -45.03566072628312], [168.66521542105278, -45.0355649247257], [168.66527903360262, -45.03555285253553], [168.66529346728618, -45.03559108965775]]]}, "properties": {"building_id": 4725562, "facet_count": 9, "obstruction_count": 3, "panel_count": 6, "kwp": 2.64, "ac_kwh_day_avg": 7.8, "ac_kwh_year": 2860.0, "facet_area_m2": 92.9, "avg_poa_kwh_m2": 1244.0}}, {"type": "Feature", "geometry": {"type": "Polygon", "coordinates": [[[168.6650314525348, -45.03579962768459], [168.66494392742575, -45.03581860937326], [168.66490994238808, -45.03573982406304], [168.66495341645512, -45.0357303951842], [168.66496331718673, -45.03575334757225], [168.6649926044805, -45.035746996108365], [168.6649696984564, -45.03569389687728], [168.66503404393717, -45.03567994249568], [168.6650574154489, -45.03573412254023], [168.66504267759612, -45.035737318553856], [168.6650549806518, -45.035765839948176], [168.6650827938572, -45.03575980868107], [168.66509790748015, -45.03579484630572], [168.66508835351374, -45.03580579385699], [168.6650656155422, -45.035810724562545], [168.6650314525348, -45.03579962768459]]]}, "properties": {"building_id": 4725563, "facet_count": 1, "obstruction_count": 4, "panel_count": 9, "kwp": 3.96, "ac_kwh_day_avg": 11.8, "ac_kwh_year": 4315.0, "facet_area_m2": 58.8, "avg_poa_kwh_m2": 1306.0}}, {"type": "Feature", "geometry": {"type": "Polygon", "coordinates": [[[168.6649583539245, -45.0351214812997], [168.66496636726683, -45.03514597054895], [168.66495024753203, -45.03514862249337], [168.664953521657, -45.03515862659279], [168.66481495809597, -45.03518142025704], [168.66481102413482, -45.035169398038754], [168.66476443129972, -45.0351770627026], [168.66474049809995, -45.03510391493983], [168.66485997725968, -45.03508426097423], [168.6648583058447, -45.0350791509442], [168.66491470492542, -45.03506987246498], [168.66492728024477, -45.03510830271529], [168.6648938130922, -45.03511380835285], [168.664899491665, -45.035131164828165], [168.6649583539245, -45.0351214812997]]]}, "properties": {"building_id": 4725568, "facet_count": 4, "obstruction_count": 2, "panel_count": 4, "kwp": 1.76, "ac_kwh_day_avg": 5.0, "ac_kwh_year": 1840.0, "facet_area_m2": 49.8, "avg_poa_kwh_m2": 1267.0}}, {"type": "Feature", "geometry": {"type": "Polygon", "coordinates": [[[168.66497904998775, -45.03486722579366], [168.6649765882444, -45.034860094003925], [168.6650758804324, -45.034842862656], [168.66508590754515, -45.03487191175056], [168.66515631407273, -45.03485969337072], [168.6651758605423, -45.03491632102006], [168.66512353641536, -45.03492540123509], [168.66512914748583, -45.034941657517535], [168.6650027119883, -45.03496359769243], [168.66498671730884, -45.03491725650705], [168.66499577454695, -45.03491568488583], [168.66497904998775, -45.03486722579366]]]}, "properties": {"building_id": 4725570, "facet_count": 5, "obstruction_count": 1, "panel_count": 17, "kwp": 7.48, "ac_kwh_day_avg": 19.5, "ac_kwh_year": 7116.0, "facet_area_m2": 82.0, "avg_poa_kwh_m2": 1171.0}}, {"type": "Feature", "geometry": {"type": "Polygon", "coordinates": [[[168.66463357878465, -45.03479697573847], [168.66485362158502, -45.034751155501915], [168.6648713304367, -45.03479112370339], [168.6649238931861, -45.03477941482121], [168.66494104168623, -45.03481811819659], [168.66464588118225, -45.03488386779414], [168.66462387604744, -45.0348342026263], [168.6646477195985, -45.03482889129985], [168.66463357878465, -45.03479697573847]]]}, "properties": {"building_id": 4725571, "facet_count": 4, "obstruction_count": 2, "panel_count": 36, "kwp": 15.84, "ac_kwh_day_avg": 48.9, "ac_kwh_year": 17856.0, "facet_area_m2": 168.4, "avg_poa_kwh_m2": 1331.0}}, {"type": "Feature", "geometry": {"type": "Polygon", "coordinates": [[[168.66484015688917, -45.03467259036196], [168.66494518561078, -45.03465578134648], [168.66496299671545, -45.0347117312658], [168.664857966628, -45.03472854024574], [168.66484015688917, -45.03467259036196]]]}, "properties": {"building_id": 4725572, "facet_count": 2, "obstruction_count": 0, "panel_count": 6, "kwp": 2.64, "ac_kwh_day_avg": 8.6, "ac_kwh_year": 3139.0, "facet_area_m2": 42.6, "avg_poa_kwh_m2": 1388.0}}, {"type": "Feature", "geometry": {"type": "Polygon", "coordinates": [[[168.66466919206565, -45.032885144369246], [168.66468487586528, -45.032896956210294], [168.66469701587732, -45.03288885150769], [168.66468144034724, -45.03287712079751], [168.6648564183768, -45.032760310156846], [168.66493015964983, -45.03281585094664], [168.66476237851907, -45.03292785086125], [168.6647669760874, -45.03293131651265], [168.66468039562108, -45.032989021398656], [168.6646020326237, -45.03292990326083], [168.66466919206565, -45.032885144369246]]]}, "properties": {"building_id": 4725581, "facet_count": 3, "obstruction_count": 7, "panel_count": 59, "kwp": 25.96, "ac_kwh_day_avg": 77.1, "ac_kwh_year": 28131.0, "facet_area_m2": 211.1, "avg_poa_kwh_m2": 1293.0}}, {"type": "Feature", "geometry": {"type": "Polygon", "coordinates": [[[168.66514507160895, -45.0345265327608], [168.66517509478362, -45.034520044124264], [168.66520151798247, -45.034581512457635], [168.66503548103518, -45.034617396604], [168.6649194506029, -45.03434747360325], [168.6650554630795, -45.03431807816985], [168.66514507160895, -45.0345265327608]]]}, "properties": {"building_id": 4725610, "facet_count": 3, "obstruction_count": 5, "panel_count": 108, "kwp": 47.52, "ac_kwh_day_avg": 137.5, "ac_kwh_year": 50188.0, "facet_area_m2": 350.1, "avg_poa_kwh_m2": 1272.0}}, {"type": "Feature", "geometry": {"type": "Polygon", "coordinates": [[[168.66475503831293, -45.03398450296725], [168.66482831909977, -45.03389149467247], [168.6649614918829, -45.033939490345034], [168.66529513849156, -45.03394021961806], [168.66539118623018, -45.034015142776504], [168.66539087966095, -45.03408559887597], [168.66532185059992, -45.03408544852038], [168.66532202307076, -45.034045771112126], [168.664922616709, -45.034044897728], [168.66475503831293, -45.03398450296725]]]}, "properties": {"building_id": 4725616, "facet_count": 3, "obstruction_count": 21, "panel_count": 126, "kwp": 55.44, "ac_kwh_day_avg": 165.5, "ac_kwh_year": 60413.0, "facet_area_m2": 460.3, "avg_poa_kwh_m2": 1301.0}}, {"type": "Feature", "geometry": {"type": "Polygon", "coordinates": [[[168.66522236970584, -45.033702831395765], [168.6650865061397, -45.033602582101814], [168.66500600609115, -45.0336574335078], [168.66491454851683, -45.03358994912199], [168.6650877223051, -45.033471950494885], [168.6654075657632, -45.033707953834046], [168.66523702857978, -45.03382415831263], [168.66514450516618, -45.03375588732368], [168.66522236970584, -45.033702831395765]]]}, "properties": {"building_id": 4725617, "facet_count": 8, "obstruction_count": 19, "panel_count": 140, "kwp": 61.6, "ac_kwh_day_avg": 183.6, "ac_kwh_year": 67011.0, "facet_area_m2": 524.1, "avg_poa_kwh_m2": 1287.0}}, {"type": "Feature", "geometry": {"type": "Polygon", "coordinates": [[[168.66464082422107, -45.030212050595495], [168.66475708737494, -45.03029493500529], [168.6646952170978, -45.030338574576255], [168.66459874693106, -45.03040698820384], [168.66454536222867, -45.030368929992036], [168.66457878187222, -45.030345357495534], [168.66451564322173, -45.03030034565411], [168.66464082422107, -45.030212050595495]]]}, "properties": {"building_id": 4734600, "facet_count": 2, "obstruction_count": 7, "panel_count": 54, "kwp": 23.76, "ac_kwh_day_avg": 70.9, "ac_kwh_year": 25891.0, "facet_area_m2": 178.4, "avg_poa_kwh_m2": 1304.0}}, {"type": "Feature", "geometry": {"type": "Polygon", "coordinates": [[[168.66508638963793, -45.03059182720805], [168.6649835078413, -45.03066439422467], [168.66487205185788, -45.030584937807774], [168.66496619173085, -45.03051853728851], [168.66497493337505, -45.03051237084719], [168.66508638963793, -45.03059182720805]]]}, "properties": {"building_id": 4734604, "facet_count": 3, "obstruction_count": 4, "panel_count": 31, "kwp": 13.64, "ac_kwh_day_avg": 40.3, "ac_kwh_year": 14706.0, "facet_area_m2": 137.7, "avg_poa_kwh_m2": 1267.0}}, {"type": "Feature", "geometry": {"type": "Polygon", "coordinates": [[[168.66528459041174, -45.0304486080313], [168.66517578899231, -45.03052535124294], [168.66505719592098, -45.03044080723553], [168.66515599458023, -45.03037111981346], [168.66516599778217, -45.030364064689955], [168.66528459041174, -45.0304486080313]]]}, "properties": {"building_id": 4734605, "facet_count": 2, "obstruction_count": 5, "panel_count": 35, "kwp": 15.4, "ac_kwh_day_avg": 45.1, "ac_kwh_year": 16466.0, "facet_area_m2": 134.4, "avg_poa_kwh_m2": 1271.0}}, {"type": "Feature", "geometry": {"type": "Polygon", "coordinates": [[[168.66492612804237, -45.03034736961632], [168.66502492672097, -45.03027768228525], [168.66515599458023, -45.03037111981346], [168.66505719592098, -45.03044080723553], [168.66492612804237, -45.03034736961632]]]}, "properties": {"building_id": 4734606, "facet_count": 1, "obstruction_count": 3, "panel_count": 45, "kwp": 19.8, "ac_kwh_day_avg": 59.1, "ac_kwh_year": 21576.0, "facet_area_m2": 137.3, "avg_poa_kwh_m2": 1306.0}}, {"type": "Feature", "geometry": {"type": "Polygon", "coordinates": [[[168.66517578899231, -45.03052535124294], [168.66528459041174, -45.0304486080313], [168.66536490094109, -45.03050564514212], [168.66523777923808, -45.03059531029052], [168.66522343499724, -45.030585298713056], [168.6652138842966, -45.0305920349887], [168.6651597235907, -45.0305534227407], [168.6651875922387, -45.030533765658376], [168.66517578899231, -45.03052535124294]]]}, "properties": {"building_id": 4734607, "facet_count": 2, "obstruction_count": 6, "panel_count": 29, "kwp": 12.76, "ac_kwh_day_avg": 38.1, "ac_kwh_year": 13905.0, "facet_area_m2": 109.1, "avg_poa_kwh_m2": 1311.0}}, {"type": "Feature", "geometry": {"type": "Polygon", "coordinates": [[[168.66480508644122, -45.03026107928147], [168.66487972810665, -45.03020843109507], [168.66490388511517, -45.03019139201834], [168.66502492672097, -45.03027768228525], [168.66492612804237, -45.03034736961632], [168.66480508644122, -45.03026107928147]]]}, "properties": {"building_id": 4734608, "facet_count": 2, "obstruction_count": 0, "panel_count": 41, "kwp": 18.04, "ac_kwh_day_avg": 51.0, "ac_kwh_year": 18621.0, "facet_area_m2": 132.8, "avg_poa_kwh_m2": 1241.0}}, {"type": "Feature", "geometry": {"type": "Polygon", "coordinates": [[[168.66560628734248, -45.02996069742653], [168.66563036260519, -45.029943142435194], [168.66575422878137, -45.02985282251486], [168.66585851189373, -45.02992473718519], [168.66583547567666, -45.02994153463511], [168.66571057045448, -45.03003261223105], [168.66560628734248, -45.02996069742653]]]}, "properties": {"building_id": 4734610, "facet_count": 3, "obstruction_count": 0, "panel_count": 11, "kwp": 4.84, "ac_kwh_day_avg": 14.5, "ac_kwh_year": 5275.0, "facet_area_m2": 72.8, "avg_poa_kwh_m2": 1181.0}}, {"type": "Feature", "geometry": {"type": "Polygon", "coordinates": [[[168.6660365079963, -45.03227077681321], [168.66606003195463, -45.03229053649884], [168.66602959405262, -45.03230875490454], [168.66602963196877, -45.032321549845186], [168.66605512399866, -45.03232151176777], [168.6660554188661, -45.03242222092248], [168.66602102024748, -45.032422271434385], [168.6660210516433, -45.03243285256003], [168.66600662840142, -45.032432873989045], [168.66600669051897, -45.03245389398467], [168.6659264726739, -45.03245401262873], [168.6659266357608, -45.032509740584445], [168.66589532865157, -45.03250978707833], [168.66589536080534, -45.032520811126204], [168.66587961330197, -45.0325208343985], [168.66587968539508, -45.03254551584569], [168.66579145975066, -45.03254564588391], [168.66579164350563, -45.03260838440401], [168.66575400590028, -45.03260843950496], [168.6657540459213, -45.03262244798142], [168.66574143826313, -45.03262246639667], [168.66574150067225, -45.032643968004834], [168.66566331914478, -45.032644082874334], [168.6656634770829, -45.03269796164386], [168.66562891326828, -45.03269801205686], [168.66562894809022, -45.03270980586846], [168.6656146098673, -45.03270982687977], [168.6656146724693, -45.032731107048505], [168.6655374456184, -45.03273122032483], [168.66553760661296, -45.03278634957417], [168.66550294880136, -45.0327863999753], [168.66550298716336, -45.03279940557705], [168.66548885080454, -45.03279942614684], [168.66548891826255, -45.032822437565294], [168.66544795021696, -45.03282249734929], [168.66544788883346, -45.0328014872839], [168.66540899282413, -45.03280154482866], [168.6654088564133, -45.03275492150803], [168.66537457440887, -45.03275497175765], [168.66537449925875, -45.0327292090662], [168.6652839092405, -45.032729342419856], [168.66528374156755, -45.03267202185373], [168.66531316076475, -45.032671978451575], [168.66531314100354, -45.032665357703664], [168.66532774459475, -45.03266533601941], [168.66532766974555, -45.03263998922692], [168.66543462286987, -45.03263983263432], [168.6654345439111, -45.03261267630391], [168.66540951389683, -45.03261271380715], [168.66540944280302, -45.03258855900886], [168.6654420576632, -45.03258851106712], [168.665442020937, -45.03257610505381], [168.66545827882507, -45.03257608144603], [168.66545821072503, -45.03255267571953], [168.66555903127622, -45.03255252796195], [168.66555894755953, -45.03252382222372], [168.66553306827092, -45.03252385986707], [168.66553297998675, -45.03249356962086], [168.66556401410327, -45.032493523648505], [168.66556399119756, -45.032485651517014], [168.66558540383429, -45.032485620458935], [168.66558534277866, -45.03246457169739], [168.66569784147399, -45.03246440608147], [168.66569773076645, -45.032426202313395], [168.66567201908953, -45.03242624006037], [168.6656719348942, -45.03239706980576], [168.66570709405298, -45.032397017711965], [168.66570706638473, -45.03238724419828], [168.66572127633563, -45.03238722279885], [168.66572121954303, -45.03236742636351], [168.66582245374735, -45.03236727699719], [168.66582236508023, -45.03233695612985], [168.6657959766979, -45.032336995180174], [168.66579589378864, -45.03230881428311], [168.66583171178124, -45.03230876199644], [168.66583168186295, -45.03229853110069], [168.66585157850915, -45.032298501762504], [168.66585151346183, -45.03227651395098], [168.66599062356715, -45.032276309360206], [168.66599066952028, -45.03229208693565], [168.66600093079558, -45.03229207199941], [168.6660365079963, -45.03227077681321]]]}, "properties": {"building_id": 4734685, "facet_count": 1, "obstruction_count": 36, "panel_count": 210, "kwp": 92.4, "ac_kwh_day_avg": 261.3, "ac_kwh_year": 95375.0, "facet_area_m2": 1014.0, "avg_poa_kwh_m2": 1237.0}}, {"type": "Feature", "geometry": {"type": "Polygon", "coordinates": [[[168.664830091185, -45.03088993072077], [168.66469838909043, -45.03079261496495], [168.66476093137152, -45.030750054682244], [168.66477770119113, -45.03076244605515], [168.66489995613134, -45.03067925075644], [168.66499461461348, -45.03074919451443], [168.66491144517107, -45.0308057919726], [168.66493171899953, -45.03082077241905], [168.664830091185, -45.03088993072077]]]}, "properties": {"building_id": 4734687, "facet_count": 1, "obstruction_count": 8, "panel_count": 53, "kwp": 23.32, "ac_kwh_day_avg": 69.6, "ac_kwh_year": 25412.0, "facet_area_m2": 200.1, "avg_poa_kwh_m2": 1306.0}}, {"type": "Feature", "geometry": {"type": "Polygon", "coordinates": [[[168.66536037957476, -45.030032053141284], [168.66539587342166, -45.03005710036812], [168.66541219592096, -45.03004546947272], [168.66544154958922, -45.030066183728984], [168.6654351426352, -45.03007074981088], [168.6655883346719, -45.03017885465372], [168.66547680883454, -45.03025832428985], [168.66542657225995, -45.030222873796724], [168.66544596610433, -45.03020905430246], [168.66534066782086, -45.03013474709917], [168.6653464360797, -45.03013063653612], [168.6652839313427, -45.03008652862505], [168.66536037957476, -45.030032053141284]]]}, "properties": {"building_id": 4734943, "facet_count": 5, "obstruction_count": 5, "panel_count": 22, "kwp": 9.68, "ac_kwh_day_avg": 31.8, "ac_kwh_year": 11596.0, "facet_area_m2": 134.7, "avg_poa_kwh_m2": 1383.0}}, {"type": "Feature", "geometry": {"type": "Polygon", "coordinates": [[[168.6644810645317, -45.03013627528223], [168.66445463405694, -45.03015432162208], [168.66440135481307, -45.030115084871845], [168.66442866872487, -45.03009643571177], [168.66437046307732, -45.03005357014273], [168.66442616721608, -45.030015535004516], [168.664435291578, -45.030022254497965], [168.66453685151276, -45.02995291025453], [168.66468123735226, -45.03005924288013], [168.66461061076717, -45.030107466959166], [168.6646405235574, -45.03012949626108], [168.66457147906587, -45.03017663994722], [168.6645638012652, -45.030170985496774], [168.66454532603572, -45.03018360021761], [168.6644810645317, -45.03013627528223]]]}, "properties": {"building_id": 4734944, "facet_count": 2, "obstruction_count": 1, "panel_count": 2, "kwp": 0.88, "ac_kwh_day_avg": 2.6, "ac_kwh_year": 959.0, "facet_area_m2": 29.0, "avg_poa_kwh_m2": 1322.0}}, {"type": "Feature", "geometry": {"type": "Polygon", "coordinates": [[[168.66620392099168, -45.02958927899419], [168.66621338991422, -45.02959612756954], [168.66616238769154, -45.029631583270046], [168.6661460978739, -45.02961980067165], [168.6661046461508, -45.029648617779166], [168.6660438826572, -45.02960466560667], [168.66603424766825, -45.02961136306501], [168.6659548173883, -45.02955390850825], [168.66605753617708, -45.02948249871934], [168.66609806913735, -45.029511817881406], [168.66611009850536, -45.02950345518229], [168.66615159081198, -45.02953346793881], [168.66619023001766, -45.029506606218085], [168.66625522065078, -45.02955361583705], [168.66620392099168, -45.02958927899419]]]}, "properties": {"building_id": 4734959, "facet_count": 4, "obstruction_count": 2, "panel_count": 27, "kwp": 11.88, "ac_kwh_day_avg": 37.3, "ac_kwh_year": 13620.0, "facet_area_m2": 133.6, "avg_poa_kwh_m2": 1325.0}}, {"type": "Feature", "geometry": {"type": "Polygon", "coordinates": [[[168.66645358000554, -45.03197448104869], [168.66651551881958, -45.03193287501424], [168.66656161551884, -45.03196737997082], [168.66662996590765, -45.031921466259256], [168.6667101049049, -45.031981451603215], [168.66664173449558, -45.03202737810455], [168.66659553320304, -45.031992794488666], [168.66653361311583, -45.03203438777568], [168.66645358000554, -45.03197448104869]]]}, "properties": {"building_id": 4734962, "facet_count": 1, "obstruction_count": 1, "panel_count": 14, "kwp": 6.16, "ac_kwh_day_avg": 17.4, "ac_kwh_year": 6358.0, "facet_area_m2": 58.2, "avg_poa_kwh_m2": 1237.0}}, {"type": "Feature", "geometry": {"type": "Polygon", "coordinates": [[[168.66627057616918, -45.03200697527984], [168.66617857576045, -45.03194194858812], [168.6661619484766, -45.031953776848226], [168.66609224244914, -45.03190450756358], [168.66621043386857, -45.03182042792952], [168.6662782744958, -45.03186837765779], [168.666262785043, -45.031879395811885], [168.66635665333584, -45.03194574291319], [168.66627057616918, -45.03200697527984]]]}, "properties": {"building_id": 4735009, "facet_count": 3, "obstruction_count": 6, "panel_count": 19, "kwp": 8.36, "ac_kwh_day_avg": 23.2, "ac_kwh_year": 8481.0, "facet_area_m2": 96.7, "avg_poa_kwh_m2": 1268.0}}, {"type": "Feature", "geometry": {"type": "Polygon", "coordinates": [[[168.66624428058054, -45.031766860789276], [168.66633197093253, -45.031701615512766], [168.66642041905044, -45.03176138765104], [168.66633272869745, -45.03182663299553], [168.66624428058054, -45.031766860789276]]]}, "properties": {"building_id": 4735010, "facet_count": 2, "obstruction_count": 0, "panel_count": 14, "kwp": 6.16, "ac_kwh_day_avg": 19.7, "ac_kwh_year": 7174.0, "facet_area_m2": 57.8, "avg_poa_kwh_m2": 1363.0}}, {"type": "Feature", "geometry": {"type": "Polygon", "coordinates": [[[168.66545124884993, -45.02942329022313], [168.6655176689681, -45.029470171884114], [168.66549581771034, -45.02948573793451], [168.66553289074142, -45.02951190649367], [168.6654748610556, -45.02955324746121], [168.6653707774029, -45.02947978043732], [168.66535832756102, -45.029488649179], [168.66529105680408, -45.02944116615686], [168.66539137762604, -45.029369697287194], [168.66541004962355, -45.02938287765661], [168.6654585274974, -45.02934834081607], [168.66549165007845, -45.02937172071084], [168.6654444227945, -45.029405365322404], [168.66546048935973, -45.02941670654079], [168.66545124884993, -45.02942329022313]]]}, "properties": {"building_id": 4735014, "facet_count": 11, "obstruction_count": 0, "panel_count": 4, "kwp": 1.76, "ac_kwh_day_avg": 5.4, "ac_kwh_year": 1988.0, "facet_area_m2": 69.1, "avg_poa_kwh_m2": 1352.0}}, {"type": "Feature", "geometry": {"type": "Polygon", "coordinates": [[[168.66672339160021, -45.03066193792177], [168.6668308611658, -45.030586490650094], [168.66693024754858, -45.03065767672672], [168.66679972054624, -45.03074931158073], [168.666757236623, -45.03071888238788], [168.66678029530726, -45.03070269495522], [168.66672339160021, -45.03066193792177]]]}, "properties": {"building_id": 4735022, "facet_count": 3, "obstruction_count": 4, "panel_count": 36, "kwp": 15.84, "ac_kwh_day_avg": 45.3, "ac_kwh_year": 16524.0, "facet_area_m2": 136.8, "avg_poa_kwh_m2": 1269.0}}, {"type": "Feature", "geometry": {"type": "Polygon", "coordinates": [[[168.6659398478706, -45.030552886080905], [168.66587777005492, -45.03050597443529], [168.66600448844005, -45.03042165750535], [168.66619624963343, -45.030566571234424], [168.6660967495563, -45.03063277709641], [168.665967064973, -45.03053477478497], [168.6659398478706, -45.030552886080905]]]}, "properties": {"building_id": 4735025, "facet_count": 4, "obstruction_count": 3, "panel_count": 53, "kwp": 23.32, "ac_kwh_day_avg": 67.5, "ac_kwh_year": 24644.0, "facet_area_m2": 213.2, "avg_poa_kwh_m2": 1240.0}}, {"type": "Feature", "geometry": {"type": "Polygon", "coordinates": [[[168.66574272512136, -45.02965723548414], [168.66562673665098, -45.02956856821463], [168.66570066895235, -45.02951993628638], [168.6658166561842, -45.02960860343359], [168.66574272512136, -45.02965723548414]]]}, "properties": {"building_id": 4735028, "facet_count": 2, "obstruction_count": 5, "panel_count": 24, "kwp": 10.56, "ac_kwh_day_avg": 30.8, "ac_kwh_year": 11229.0, "facet_area_m2": 98.0, "avg_poa_kwh_m2": 1258.0}}, {"type": "Feature", "geometry": {"type": "Polygon", "coordinates": [[[168.66604909914793, -45.031975868121215], [168.6659974892152, -45.031939047791], [168.6660504142683, -45.03190174787384], [168.6661020242051, -45.03193856818026], [168.66604909914793, -45.031975868121215]]]}, "properties": {"building_id": 4735071, "facet_count": 1, "obstruction_count": 2, "panel_count": 5, "kwp": 2.2, "ac_kwh_day_avg": 6.6, "ac_kwh_year": 2397.0, "facet_area_m2": 26.4, "avg_poa_kwh_m2": 1306.0}}, {"type": "Feature", "geometry": {"type": "Polygon", "coordinates": [[[168.6638070134277, -45.030518556060684], [168.6638407968983, -45.030494906841966], [168.66384734198343, -45.03049960906024], [168.6638683093483, -45.030484931499196], [168.6639310758622, -45.03053001695028], [168.66391062315952, -45.03054433512057], [168.6639928289496, -45.030603384695304], [168.6639065076774, -45.03066381112284], [168.66383771243545, -45.03061439505701], [168.6638295906789, -45.030620079566035], [168.66377595434673, -45.030581552692674], [168.66378535359976, -45.030574973385534], [168.66374932517246, -45.03054909424885], [168.66380007085843, -45.03051357046282], [168.6638070134277, -45.030518556060684]]]}, "properties": {"building_id": 4735131, "facet_count": 5, "obstruction_count": 2, "panel_count": 25, "kwp": 11.0, "ac_kwh_day_avg": 30.5, "ac_kwh_year": 11129.0, "facet_area_m2": 129.8, "avg_poa_kwh_m2": 1258.0}}, {"type": "Feature", "geometry": {"type": "Polygon", "coordinates": [[[168.66638965194124, -45.02952934182824], [168.6664592505355, -45.02947599688643], [168.6665081100415, -45.02950805216682], [168.66652106253042, -45.029498123980474], [168.66655691926965, -45.029521648016924], [168.66654676298188, -45.029529432034394], [168.66665345046084, -45.029599425011924], [168.66656868000797, -45.029664398969985], [168.66652094029232, -45.029633078533216], [168.6665294903779, -45.02962652522819], [168.66649091035984, -45.029600703249145], [168.66651573731858, -45.029581673679296], [168.66646270706863, -45.02954739364463], [168.66644170442396, -45.0295634917445], [168.66638965194124, -45.02952934182824]]]}, "properties": {"building_id": 4735141, "facet_count": 1, "obstruction_count": 0, "panel_count": 7, "kwp": 3.08, "ac_kwh_day_avg": 9.6, "ac_kwh_year": 3513.0, "facet_area_m2": 32.7, "avg_poa_kwh_m2": 1367.0}}, {"type": "Feature", "geometry": {"type": "Polygon", "coordinates": [[[168.666235501186, -45.02980162175345], [168.6662758598645, -45.02977322147484], [168.66626596522514, -45.02976615097587], [168.66629382197652, -45.02974654810799], [168.66623759845737, -45.0297063721489], [168.6663008085869, -45.0296618908698], [168.66641822008415, -45.02974578999352], [168.66628679471006, -45.02983827474686], [168.666235501186, -45.02980162175345]]]}, "properties": {"building_id": 4735156, "facet_count": 1, "obstruction_count": 1, "panel_count": 2, "kwp": 0.88, "ac_kwh_day_avg": 2.6, "ac_kwh_year": 959.0, "facet_area_m2": 50.7, "avg_poa_kwh_m2": 1306.0}}, {"type": "Feature", "geometry": {"type": "Polygon", "coordinates": [[[168.6642680595516, -45.02983152933045], [168.66422799034893, -45.02980065362347], [168.6642646221256, -45.029776748941956], [168.6643046913332, -45.02980762463626], [168.6642680595516, -45.02983152933045]]]}, "properties": {"building_id": 4735176, "facet_count": 1, "obstruction_count": 0, "panel_count": 0, "kwp": 0, "ac_kwh_day_avg": 0, "ac_kwh_year": 0, "facet_area_m2": 3.3, "avg_poa_kwh_m2": 1360.0}}, {"type": "Feature", "geometry": {"type": "Polygon", "coordinates": [[[168.6657485874952, -45.03149518921314], [168.6659218110464, -45.03137118041596], [168.66594535436857, -45.031387963456815], [168.6661379366814, -45.031253950987676], [168.66624869907395, -45.0311758244414], [168.6662983121971, -45.031211191888396], [168.6663199322259, -45.03119594265413], [168.6663592768351, -45.03122398999572], [168.66633849538263, -45.031238648531335], [168.66639130043663, -45.0312762923319], [168.66616784383982, -45.03143390890921], [168.66608398079032, -45.03137412650033], [168.66604987192704, -45.03139818510408], [168.6661439099208, -45.03146522140194], [168.66605364743563, -45.03152888818476], [168.6659760661707, -45.031584034704615], [168.66593244541596, -45.03155293879129], [168.66602531084402, -45.031487436385355], [168.6660024316189, -45.03147112648466], [168.6659892214602, -45.031480444812566], [168.6659462018482, -45.0314497778522], [168.66581513604785, -45.031542223963775], [168.6657485874952, -45.03149518921314]]]}, "properties": {"building_id": 4735289, "facet_count": 6, "obstruction_count": 8, "panel_count": 66, "kwp": 29.04, "ac_kwh_day_avg": 86.6, "ac_kwh_year": 31593.0, "facet_area_m2": 240.8, "avg_poa_kwh_m2": 1295.0}}, {"type": "Feature", "geometry": {"type": "Polygon", "coordinates": [[[168.66529200415638, -45.030916173436374], [168.66540511297094, -45.03099610597296], [168.6652921244571, -45.03107650037743], [168.66523399417156, -45.03103542003486], [168.66522000408438, -45.03104537372642], [168.66516502634082, -45.03100652171177], [168.66529200415638, -45.030916173436374]]]}, "properties": {"building_id": 4735306, "facet_count": 6, "obstruction_count": 7, "panel_count": 29, "kwp": 12.76, "ac_kwh_day_avg": 37.9, "ac_kwh_year": 13843.0, "facet_area_m2": 131.8, "avg_poa_kwh_m2": 1284.0}}, {"type": "Feature", "geometry": {"type": "Polygon", "coordinates": [[[168.66593128779724, -45.03186863386831], [168.6658246296638, -45.03179142901881], [168.6661210897409, -45.03158549590699], [168.66622774919813, -45.03166270052955], [168.66593128779724, -45.03186863386831]]]}, "properties": {"building_id": 4735355, "facet_count": 2, "obstruction_count": 1, "panel_count": 18, "kwp": 7.92, "ac_kwh_day_avg": 22.6, "ac_kwh_year": 8244.0, "facet_area_m2": 83.0, "avg_poa_kwh_m2": 1248.0}}, {"type": "Feature", "geometry": {"type": "Polygon", "coordinates": [[[168.6654997655895, -45.03119474917], [168.66562050695867, -45.03128545297639], [168.66557455319847, -45.031316211803976], [168.6655526750761, -45.03129977657774], [168.66537696109327, -45.03141738898909], [168.66529344384176, -45.03135464842396], [168.66546720694367, -45.03123834256526], [168.66545186008952, -45.03122681369722], [168.6654997655895, -45.03119474917]]]}, "properties": {"building_id": 4735371, "facet_count": 2, "obstruction_count": 0, "panel_count": 1, "kwp": 0.44, "ac_kwh_day_avg": 1.5, "ac_kwh_year": 551.0, "facet_area_m2": 7.8, "avg_poa_kwh_m2": 1502.0}}, {"type": "Feature", "geometry": {"type": "Polygon", "coordinates": [[[168.66437848656, -45.032535635197014], [168.66433510060205, -45.03257586630612], [168.6643180240542, -45.03256660736276], [168.66428500747273, -45.03259722185291], [168.66422023204169, -45.03259681673302], [168.66411939497056, -45.032573285878854], [168.66412170990375, -45.03238714444718], [168.6642575110133, -45.03238799266008], [168.6643712134568, -45.032449646076955], [168.66433852995183, -45.03247995368436], [168.6643826534478, -45.03250387925509], [168.66435950644703, -45.032525343353655], [168.66437848656, -45.032535635197014]]]}, "properties": {"building_id": 4735379, "facet_count": 6, "obstruction_count": 8, "panel_count": 63, "kwp": 27.72, "ac_kwh_day_avg": 78.9, "ac_kwh_year": 28803.0, "facet_area_m2": 279.7, "avg_poa_kwh_m2": 1245.0}}, {"type": "Feature", "geometry": {"type": "Polygon", "coordinates": [[[168.6663966621002, -45.03200881535969], [168.6665272688241, -45.032099323937395], [168.66646291793236, -45.03214601526911], [168.66633231121483, -45.03205550661795], [168.6663966621002, -45.03200881535969]]]}, "properties": {"building_id": 4735398, "facet_count": 1, "obstruction_count": 0, "panel_count": 28, "kwp": 12.32, "ac_kwh_day_avg": 38.5, "ac_kwh_year": 14054.0, "facet_area_m2": 92.3, "avg_poa_kwh_m2": 1367.0}}, {"type": "Feature", "geometry": {"type": "Polygon", "coordinates": [[[168.6642685260286, -45.031643736712574], [168.6642495093581, -45.03163017306944], [168.66429275138233, -45.03159968917361], [168.6643010202393, -45.03160558757016], [168.66439069838165, -45.03154236831138], [168.66440208091132, -45.031550487074696], [168.6644155431117, -45.03154099800559], [168.6643967745719, -45.031527611260096], [168.6645037782129, -45.03145217727929], [168.66449613927628, -45.031446728646145], [168.66455753933008, -45.03140344503633], [168.66457197049957, -45.03141373756948], [168.66466235205706, -45.031350021838705], [168.66467658927763, -45.031360176454555], [168.66469415489442, -45.03134779357436], [168.66504672727757, -45.03159926754581], [168.6647694241371, -45.03179475598042], [168.6647615140962, -45.03178911431599], [168.66468331229186, -45.03184424284809], [168.66469369877836, -45.0318516512575], [168.66450384724135, -45.031985487541895], [168.66448840542998, -45.03197447331684], [168.6643794147842, -45.03205130621429], [168.66420490445404, -45.03192683538643], [168.6642128392176, -45.031921241859095], [168.6641394704384, -45.03186891093796], [168.66412123272772, -45.03188176687202], [168.66407524714225, -45.031848968310236], [168.6640745277564, -45.03176472277489], [168.66413536663995, -45.03172183483619], [168.66414648778476, -45.03172976724526], [168.6642685260286, -45.031643736712574]], [[168.6645113985941, -45.03162512715423], [168.66465983589288, -45.03173100175924], [168.6648367804045, -45.03160626405965], [168.66468834180134, -45.03150038963532], [168.6645113985941, -45.03162512715423]], [[168.6642344083911, -45.03181391886939], [168.66439611206795, -45.03192925622057], [168.6645753670476, -45.03180289014776], [168.6644136645941, -45.031687553097285], [168.6642344083911, -45.03181391886939]]]}, "properties": {"building_id": 4735613, "facet_count": 31, "obstruction_count": 14, "panel_count": 192, "kwp": 84.48, "ac_kwh_day_avg": 252.4, "ac_kwh_year": 92122.0, "facet_area_m2": 1129.9, "avg_poa_kwh_m2": 1289.0}}, {"type": "Feature", "geometry": {"type": "Polygon", "coordinates": [[[168.65835076512286, -45.02942380139334], [168.65830700066064, -45.02939806516288], [168.65835165218542, -45.029359884773505], [168.6583954166411, -45.029385620986595], [168.65835076512286, -45.02942380139334]]]}, "properties": {"building_id": 5370913, "facet_count": 2, "obstruction_count": 0, "panel_count": 0, "kwp": 0, "ac_kwh_day_avg": 0, "ac_kwh_year": 0, "facet_area_m2": 12.4, "avg_poa_kwh_m2": 1150.0}}, {"type": "Feature", "geometry": {"type": "Polygon", "coordinates": [[[168.65652782560332, -45.02725744100277], [168.65653715928397, -45.02728838602743], [168.65649329388708, -45.02729503949463], [168.6564839602296, -45.02726409446726], [168.65652782560332, -45.02725744100277]]]}, "properties": {"building_id": 5370938, "facet_count": 1, "obstruction_count": 0, "panel_count": 2, "kwp": 0.88, "ac_kwh_day_avg": 2.7, "ac_kwh_year": 971.0, "facet_area_m2": 9.1, "avg_poa_kwh_m2": 1322.0}}, {"type": "Feature", "geometry": {"type": "Polygon", "coordinates": [[[168.66102742415907, -45.02651152830995], [168.66103603793812, -45.026475256257704], [168.66105649055174, -45.02647769924113], [168.66106039967457, -45.026461237730196], [168.66111925539653, -45.026468267071195], [168.66111771841008, -45.02647473764696], [168.66122728065307, -45.02648782171137], [168.66121740733436, -45.02652939926725], [168.6612319800239, -45.0265311404066], [168.66124040872256, -45.02649565166121], [168.66129408655496, -45.02650206253416], [168.66129750197092, -45.02648767876641], [168.6613512829828, -45.026494101641354], [168.66135459609197, -45.026480146969384], [168.66141864748715, -45.02648779610422], [168.66139935587066, -45.02656903495843], [168.661346525833, -45.026562725719124], [168.6613432541488, -45.02657650192944], [168.66128798986657, -45.02656990196754], [168.66128458048084, -45.02658425625817], [168.661228346299, -45.026577540133154], [168.66122442622233, -45.026594046242295], [168.66114448237448, -45.02658449849099], [168.66114812286665, -45.02656917089384], [168.66109099042325, -45.02656234849392], [168.66109391163369, -45.02655005056552], [168.66104234597245, -45.0265438919345], [168.66104940906922, -45.02651415384822], [168.66102742415907, -45.02651152830995]]]}, "properties": {"building_id": 5371080, "facet_count": 17, "obstruction_count": 0, "panel_count": 4, "kwp": 1.76, "ac_kwh_day_avg": 5.2, "ac_kwh_year": 1903.0, "facet_area_m2": 113.5, "avg_poa_kwh_m2": 1290.0}}, {"type": "Feature", "geometry": {"type": "Polygon", "coordinates": [[[168.66120183984378, -45.02713450155222], [168.66137315185398, -45.027156589193005], [168.66136199557351, -45.02720010644723], [168.66119068217424, -45.02717801873684], [168.66120183984378, -45.02713450155222]]]}, "properties": {"building_id": 5371081, "facet_count": 2, "obstruction_count": 2, "panel_count": 10, "kwp": 4.4, "ac_kwh_day_avg": 13.3, "ac_kwh_year": 4852.0, "facet_area_m2": 58.6, "avg_poa_kwh_m2": 1326.0}}, {"type": "Feature", "geometry": {"type": "Polygon", "coordinates": [[[168.66120106376388, -45.0270353403576], [168.6613719022817, -45.02705718943095], [168.66136221371505, -45.02709528579238], [168.66119137635522, -45.02707343674861], [168.66120106376388, -45.0270353403576]]]}, "properties": {"building_id": 5371082, "facet_count": 1, "obstruction_count": 2, "panel_count": 10, "kwp": 4.4, "ac_kwh_day_avg": 13.3, "ac_kwh_year": 4852.0, "facet_area_m2": 46.4, "avg_poa_kwh_m2": 1322.0}}, {"type": "Feature", "geometry": {"type": "Polygon", "coordinates": [[[168.66115512270537, -45.02709803808099], [168.66114605181758, -45.027131611074246], [168.66115509719458, -45.02713283936626], [168.66114422202878, -45.02717309330757], [168.66095392213631, -45.02714723718763], [168.660948339504, -45.02700232449288], [168.66115273652753, -45.027030095410694], [168.66114443799805, -45.02706080999274], [168.66115464934495, -45.027062196990755], [168.66114532472446, -45.02709670732606], [168.66115512270537, -45.02709803808099]]]}, "properties": {"building_id": 5371083, "facet_count": 2, "obstruction_count": 4, "panel_count": 77, "kwp": 33.88, "ac_kwh_day_avg": 100.1, "ac_kwh_year": 36543.0, "facet_area_m2": 233.1, "avg_poa_kwh_m2": 1291.0}}, {"type": "Feature", "geometry": {"type": "Polygon", "coordinates": [[[168.6591047314, -45.02680179759622], [168.65914731983787, -45.026812266521326], [168.65919734846332, -45.02670991345241], [168.65933376360852, -45.026743444443085], [168.6592453146594, -45.0269244028204], [168.65882575168982, -45.026821270045915], [168.6588746166197, -45.02672130061343], [168.6589587639804, -45.02674198516761], [168.65895571472183, -45.026748223484454], [168.65911212479776, -45.02678667059564], [168.6591047314, -45.02680179759622]]]}, "properties": {"building_id": 5371084, "facet_count": 11, "obstruction_count": 7, "panel_count": 98, "kwp": 43.12, "ac_kwh_day_avg": 121.4, "ac_kwh_year": 44326.0, "facet_area_m2": 370.3, "avg_poa_kwh_m2": 1253.0}}, {"type": "Feature", "geometry": {"type": "Polygon", "coordinates": [[[168.65924506358417, -45.02650485596483], [168.659239425546, -45.0265034575123], [168.65922375253857, -45.02653524141275], [168.6591454289475, -45.02651581855465], [168.65916069122318, -45.02648486610266], [168.65896017836795, -45.02643514254831], [168.65898879212023, -45.02637711675775], [168.65919276487386, -45.02642769847344], [168.65920119904965, -45.02641059377446], [168.6592751155198, -45.02642892337229], [168.65926788861015, -45.02644357962301], [168.65927447357436, -45.02644521307585], [168.65924506358417, -45.02650485596483]]]}, "properties": {"building_id": 5371085, "facet_count": 5, "obstruction_count": 2, "panel_count": 12, "kwp": 5.28, "ac_kwh_day_avg": 15.2, "ac_kwh_year": 5535.0, "facet_area_m2": 89.6, "avg_poa_kwh_m2": 1255.0}}, {"type": "Feature", "geometry": {"type": "Polygon", "coordinates": [[[168.65770822498916, -45.02645590464251], [168.65767172208297, -45.02652542476822], [168.65746900938512, -45.026471896091685], [168.65750551375916, -45.02640237608675], [168.65770822498916, -45.02645590464251]]]}, "properties": {"building_id": 5371088, "facet_count": 2, "obstruction_count": 4, "panel_count": 35, "kwp": 15.4, "ac_kwh_day_avg": 41.2, "ac_kwh_year": 15044.0, "facet_area_m2": 126.6, "avg_poa_kwh_m2": 1197.0}}, {"type": "Feature", "geometry": {"type": "Polygon", "coordinates": [[[168.65767957370784, -45.02652773039867], [168.65770577847965, -45.026478097455836], [168.65775912995326, -45.02649226350937], [168.6577329239536, -45.02654189641768], [168.65767957370784, -45.02652773039867]]]}, "properties": {"building_id": 5371089, "facet_count": 1, "obstruction_count": 0, "panel_count": 5, "kwp": 2.2, "ac_kwh_day_avg": 6.7, "ac_kwh_year": 2443.0, "facet_area_m2": 22.2, "avg_poa_kwh_m2": 1331.0}}, {"type": "Feature", "geometry": {"type": "Polygon", "coordinates": [[[168.65681459584823, -45.02825588749974], [168.65682131571535, -45.028214494442], [168.65670807099562, -45.028153782582194], [168.65674854916952, -45.02811581358263], [168.65683253676943, -45.028160839461805], [168.65688548907195, -45.0281651624377], [168.6570587468401, -45.02825804693193], [168.65698767574673, -45.0283247947348], [168.65689946461393, -45.02827827670366], [168.65687378106563, -45.02830641371742], [168.65681198119353, -45.02828117414559], [168.65681459584823, -45.02825588749974]]]}, "properties": {"building_id": 5371125, "facet_count": 8, "obstruction_count": 3, "panel_count": 6, "kwp": 2.64, "ac_kwh_day_avg": 4.1, "ac_kwh_year": 1489.0, "facet_area_m2": 65.0, "avg_poa_kwh_m2": 929.0}}, {"type": "Feature", "geometry": {"type": "Polygon", "coordinates": [[[168.6577728257333, -45.02919090022803], [168.6577782854282, -45.02918847245249], [168.65779233320688, -45.029204355828256], [168.6577550687606, -45.02922093017944], [168.65772969177874, -45.02919223760676], [168.65776149645038, -45.029178091936025], [168.6577728257333, -45.02919090022803]]]}, "properties": {"building_id": 5371127, "facet_count": 1, "obstruction_count": 0, "panel_count": 1, "kwp": 0.44, "ac_kwh_day_avg": 1.4, "ac_kwh_year": 521.0, "facet_area_m2": 9.6, "avg_poa_kwh_m2": 1420.0}}, {"type": "Feature", "geometry": {"type": "Polygon", "coordinates": [[[168.66111056695993, -45.02918929783009], [168.66102374014824, -45.029267829058135], [168.6611210379935, -45.02932192353295], [168.66107168913607, -45.02936655700819], [168.66108681515968, -45.029374967132355], [168.66103136234847, -45.02942512315964], [168.6608016104332, -45.02929738663145], [168.66090819325592, -45.02920098718108], [168.6609339270225, -45.02921529498352], [168.66101897282934, -45.02913837398368], [168.66111056695993, -45.02918929783009]]]}, "properties": {"building_id": 5371131, "facet_count": 2, "obstruction_count": 9, "panel_count": 119, "kwp": 52.36, "ac_kwh_day_avg": 159.9, "ac_kwh_year": 58381.0, "facet_area_m2": 371.5, "avg_poa_kwh_m2": 1333.0}}, {"type": "Feature", "geometry": {"type": "Polygon", "coordinates": [[[168.66053355392918, -45.029716386481034], [168.66055561016648, -45.02969591865202], [168.6604462534668, -45.0296366638167], [168.6605440581912, -45.029545896984395], [168.66053607704012, -45.0295415728963], [168.66065440561195, -45.02943175971378], [168.6606623062054, -45.02943604111851], [168.66068888169798, -45.02941137848208], [168.66070866923383, -45.02942210046296], [168.6607207226901, -45.02941091445497], [168.66073380338705, -45.02941800270191], [168.66078277091881, -45.029372558189266], [168.66078793271154, -45.02937535533465], [168.66082258841493, -45.02934319291015], [168.66084665854387, -45.02935623564853], [168.6608615587229, -45.02934240791053], [168.66106708905534, -45.02945377236353], [168.66107290365957, -45.02947244669315], [168.66095035897246, -45.029578365832336], [168.660956052431, -45.02958145146504], [168.6608632661306, -45.029667560362896], [168.6608611845725, -45.02966643240329], [168.66085270462577, -45.029661838196944], [168.66077570666403, -45.029733301513815], [168.66076793508307, -45.02973554870592], [168.66075978230748, -45.02973696221333], [168.66075142587215, -45.02973751098632], [168.66074304568247, -45.02973718296944], [168.6607348239461, -45.02973598599917], [168.66068398583462, -45.029708442081656], [168.6606760066133, -45.02971584665378], [168.66066766454645, -45.02971132609692], [168.66061744875185, -45.02975792749321], [168.66061260567324, -45.02975922033442], [168.66056668582914, -45.02977147826328], [168.66053355392918, -45.029716386481034]]]}, "properties": {"building_id": 5372565, "facet_count": 9, "obstruction_count": 15, "panel_count": 318, "kwp": 139.92, "ac_kwh_day_avg": 415.5, "ac_kwh_year": 151640.0, "facet_area_m2": 1159.9, "avg_poa_kwh_m2": 1304.0}}, {"type": "Feature", "geometry": {"type": "Polygon", "coordinates": [[[168.658800573147, -45.02854996726869], [168.65862015242186, -45.02849025195522], [168.65876734378736, -45.028266613626236], [168.65891422133942, -45.028315226581135], [168.65907982943725, -45.02834682520673], [168.65892690629127, -45.02844444857357], [168.65891076273917, -45.02843910596589], [168.6588993587334, -45.02845643150825], [168.6588687930511, -45.02844631504826], [168.658800573147, -45.02854996726869]]]}, "properties": {"building_id": 5373361, "facet_count": 6, "obstruction_count": 7, "panel_count": 105, "kwp": 46.2, "ac_kwh_day_avg": 132.3, "ac_kwh_year": 48280.0, "facet_area_m2": 365.7, "avg_poa_kwh_m2": 1258.0}}, {"type": "Feature", "geometry": {"type": "Polygon", "coordinates": [[[168.6586317050804, -45.02867616624022], [168.65874572638555, -45.02871278606156], [168.65870199432095, -45.02878125881802], [168.6584201348678, -45.02869073257775], [168.65849741393575, -45.02856973779179], [168.65859048239471, -45.02859962927149], [168.6585786712876, -45.02861812122601], [168.65865344069616, -45.02864213510474], [168.6586317050804, -45.02867616624022]]]}, "properties": {"building_id": 5373362, "facet_count": 1, "obstruction_count": 1, "panel_count": 97, "kwp": 42.68, "ac_kwh_day_avg": 127.4, "ac_kwh_year": 46509.0, "facet_area_m2": 260.5, "avg_poa_kwh_m2": 1306.0}}, {"type": "Feature", "geometry": {"type": "Polygon", "coordinates": [[[168.65849834260516, -45.028521978464745], [168.65846994527865, -45.02851274835465], [168.6584501681518, -45.028543346009116], [168.6582630067412, -45.02848251370709], [168.65838155509678, -45.02829909910186], [168.65856804942493, -45.02835971586214], [168.65854879729812, -45.02838950085382], [168.65857786234778, -45.028398948116305], [168.65849834260516, -45.028521978464745]]]}, "properties": {"building_id": 5373363, "facet_count": 9, "obstruction_count": 10, "panel_count": 41, "kwp": 18.04, "ac_kwh_day_avg": 48.0, "ac_kwh_year": 17514.0, "facet_area_m2": 270.7, "avg_poa_kwh_m2": 1216.0}}, {"type": "Feature", "geometry": {"type": "Polygon", "coordinates": [[[168.65754723361246, -45.02791886883442], [168.65758175916068, -45.02787176080816], [168.657657586688, -45.02789970795078], [168.6576287550191, -45.02793904727121], [168.6577535700172, -45.0279850488663], [168.65769500319215, -45.02806496073946], [168.65749436013522, -45.0279910121971], [168.65754723361246, -45.02791886883442]]]}, "properties": {"building_id": 5373378, "facet_count": 6, "obstruction_count": 1, "panel_count": 24, "kwp": 10.56, "ac_kwh_day_avg": 37.9, "ac_kwh_year": 13834.0, "facet_area_m2": 116.2, "avg_poa_kwh_m2": 1456.0}}, {"type": "Feature", "geometry": {"type": "Polygon", "coordinates": [[[168.65726692976276, -45.0268178067959], [168.65737199950664, -45.02686000667156], [168.657346722983, -45.026891655984485], [168.6572416533129, -45.026849455731075], [168.65726692976276, -45.0268178067959]]]}, "properties": {"building_id": 5373522, "facet_count": 0, "obstruction_count": 0, "panel_count": 0, "kwp": 0, "ac_kwh_day_avg": 0, "ac_kwh_year": 0, "facet_area_m2": 0, "avg_poa_kwh_m2": 0}}, {"type": "Feature", "geometry": {"type": "Polygon", "coordinates": [[[168.65723360130505, -45.02819399194035], [168.65721194604998, -45.028212678309686], [168.65715233160208, -45.02817793649357], [168.65717398713323, -45.02815925001248], [168.65723360130505, -45.02819399194035]]]}, "properties": {"building_id": 5373523, "facet_count": 0, "obstruction_count": 0, "panel_count": 0, "kwp": 0, "ac_kwh_day_avg": 0, "ac_kwh_year": 0, "facet_area_m2": 0, "avg_poa_kwh_m2": 0}}, {"type": "Feature", "geometry": {"type": "Polygon", "coordinates": [[[168.6572051394782, -45.0282147026251], [168.65718348420597, -45.02823338898832], [168.6571238697558, -45.02819864715725], [168.65714552530423, -45.02817996068225], [168.6572051394782, -45.0282147026251]]]}, "properties": {"building_id": 5373524, "facet_count": 0, "obstruction_count": 0, "panel_count": 0, "kwp": 0, "ac_kwh_day_avg": 0, "ac_kwh_year": 0, "facet_area_m2": 0, "avg_poa_kwh_m2": 0}}, {"type": "Feature", "geometry": {"type": "Polygon", "coordinates": [[[168.6572207320879, -45.02803929381289], [168.65717839756215, -45.028001721354], [168.65722711572286, -45.02797411673583], [168.657269450316, -45.02801168895844], [168.6572207320879, -45.02803929381289]]]}, "properties": {"building_id": 5373525, "facet_count": 0, "obstruction_count": 0, "panel_count": 0, "kwp": 0, "ac_kwh_day_avg": 0, "ac_kwh_year": 0, "facet_area_m2": 0, "avg_poa_kwh_m2": 0}}, {"type": "Feature", "geometry": {"type": "Polygon", "coordinates": [[[168.65806527375605, -45.02931883011991], [168.6580126967056, -45.0292938023124], [168.6580833702592, -45.02921914283742], [168.65813594727692, -45.02924417061109], [168.65806527375605, -45.02931883011991]]]}, "properties": {"building_id": 4734782, "facet_count": 1, "obstruction_count": 0, "panel_count": 9, "kwp": 3.96, "ac_kwh_day_avg": 12.9, "ac_kwh_year": 4692.0, "facet_area_m2": 40.3, "avg_poa_kwh_m2": 1420.0}}, {"type": "Feature", "geometry": {"type": "Polygon", "coordinates": [[[168.65769528264002, -45.027908340328096], [168.6577600607586, -45.02793159700186], [168.65773860322483, -45.02796165251919], [168.65767382508284, -45.02793839583236], [168.65769528264002, -45.027908340328096]]]}, "properties": {"building_id": 4734791, "facet_count": 1, "obstruction_count": 1, "panel_count": 1, "kwp": 0.44, "ac_kwh_day_avg": 1.1, "ac_kwh_year": 416.0, "facet_area_m2": 14.4, "avg_poa_kwh_m2": 1133.0}}, {"type": "Feature", "geometry": {"type": "Polygon", "coordinates": [[[168.66084860067127, -45.02743228897424], [168.66088384940394, -45.02746104787233], [168.6609413938043, -45.02742557891583], [168.66101487322732, -45.0274855281428], [168.66080848162508, -45.02761274152105], [168.6607351243153, -45.02755289042944], [168.66081298404302, -45.02750489908767], [168.6607776145478, -45.027476041950734], [168.66084860067127, -45.02743228897424]]]}, "properties": {"building_id": 4734833, "facet_count": 4, "obstruction_count": 5, "panel_count": 45, "kwp": 19.8, "ac_kwh_day_avg": 54.1, "ac_kwh_year": 19751.0, "facet_area_m2": 196.2, "avg_poa_kwh_m2": 1236.0}}, {"type": "Feature", "geometry": {"type": "Polygon", "coordinates": [[[168.66109113494173, -45.026969830535876], [168.66110616288364, -45.026885125742986], [168.66130123356746, -45.02690252947355], [168.66128620590564, -45.026987234302744], [168.66109113494173, -45.026969830535876]]]}, "properties": {"building_id": 4734837, "facet_count": 2, "obstruction_count": 7, "panel_count": 37, "kwp": 16.28, "ac_kwh_day_avg": 47.0, "ac_kwh_year": 17155.0, "facet_area_m2": 125.3, "avg_poa_kwh_m2": 1294.0}}, {"type": "Feature", "geometry": {"type": "Polygon", "coordinates": [[[168.66133197413893, -45.02666046542488], [168.66134828146676, -45.02675098812901], [168.66137138523965, -45.02674889508505], [168.66138272381625, -45.02681183407047], [168.66128060870315, -45.02682108557906], [168.6612529631031, -45.02666762297941], [168.66133197413893, -45.02666046542488]]]}, "properties": {"building_id": 4734838, "facet_count": 4, "obstruction_count": 3, "panel_count": 16, "kwp": 7.04, "ac_kwh_day_avg": 20.8, "ac_kwh_year": 7600.0, "facet_area_m2": 96.6, "avg_poa_kwh_m2": 1288.0}}, {"type": "Feature", "geometry": {"type": "Polygon", "coordinates": [[[168.66023563107848, -45.02729827149152], [168.66025735766786, -45.02724438600567], [168.66032942687144, -45.02725899881593], [168.660307701608, -45.027312884365976], [168.66023563107848, -45.02729827149152]]]}, "properties": {"building_id": 4734844, "facet_count": 1, "obstruction_count": 2, "panel_count": 5, "kwp": 2.2, "ac_kwh_day_avg": 6.6, "ac_kwh_year": 2397.0, "facet_area_m2": 28.8, "avg_poa_kwh_m2": 1306.0}}, {"type": "Feature", "geometry": {"type": "Polygon", "coordinates": [[[168.66051625448392, -45.027268295320894], [168.66053018382823, -45.02721270414517], [168.66059957082254, -45.02722144805426], [168.66061692040793, -45.02715221596221], [168.66070883233894, -45.027163798621004], [168.6606797128855, -45.02728000289103], [168.6605920293519, -45.02726895385907], [168.66058987018522, -45.027277572000386], [168.66051625448392, -45.027268295320894]]]}, "properties": {"building_id": 4734845, "facet_count": 6, "obstruction_count": 1, "panel_count": 9, "kwp": 3.96, "ac_kwh_day_avg": 11.4, "ac_kwh_year": 4161.0, "facet_area_m2": 55.0, "avg_poa_kwh_m2": 1257.0}}, {"type": "Feature", "geometry": {"type": "Polygon", "coordinates": [[[168.6604950770105, -45.02693088454615], [168.6606169830165, -45.02696865874481], [168.66054587518175, -45.027084067492176], [168.66042396898845, -45.027046293210404], [168.6604950770105, -45.02693088454615]]]}, "properties": {"building_id": 4734847, "facet_count": 3, "obstruction_count": 5, "panel_count": 31, "kwp": 13.64, "ac_kwh_day_avg": 39.1, "ac_kwh_year": 14260.0, "facet_area_m2": 130.3, "avg_poa_kwh_m2": 1261.0}}, {"type": "Feature", "geometry": {"type": "Polygon", "coordinates": [[[168.65976989433887, -45.02696107755427], [168.65980011213227, -45.026899681112305], [168.6599728688464, -45.026942440232645], [168.65997867134448, -45.026930651721514], [168.6600752566578, -45.026954558197595], [168.6600109976577, -45.0270851201185], [168.6599206896733, -45.0270627677758], [168.65994892871757, -45.02700539091934], [168.65976989433887, -45.02696107755427]]]}, "properties": {"building_id": 4734856, "facet_count": 5, "obstruction_count": 4, "panel_count": 20, "kwp": 8.8, "ac_kwh_day_avg": 28.2, "ac_kwh_year": 10293.0, "facet_area_m2": 114.3, "avg_poa_kwh_m2": 1337.0}}, {"type": "Feature", "geometry": {"type": "Polygon", "coordinates": [[[168.65943320879884, -45.02693384704442], [168.65933121057296, -45.02690957906455], [168.65939824064822, -45.02676790307602], [168.6595002373935, -45.0267921709396], [168.65943320879884, -45.02693384704442]]]}, "properties": {"building_id": 4734859, "facet_count": 2, "obstruction_count": 3, "panel_count": 31, "kwp": 13.64, "ac_kwh_day_avg": 39.8, "ac_kwh_year": 14529.0, "facet_area_m2": 124.4, "avg_poa_kwh_m2": 1286.0}}, {"type": "Feature", "geometry": {"type": "Polygon", "coordinates": [[[168.65956530521626, -45.02667385478555], [168.6595133994804, -45.026775408285005], [168.65943761727655, -45.02675592846885], [168.65948952438967, -45.02665437505632], [168.65956530521626, -45.02667385478555]]]}, "properties": {"building_id": 4734860, "facet_count": 1, "obstruction_count": 0, "panel_count": 23, "kwp": 10.12, "ac_kwh_day_avg": 30.8, "ac_kwh_year": 11240.0, "facet_area_m2": 70.3, "avg_poa_kwh_m2": 1331.0}}, {"type": "Feature", "geometry": {"type": "Polygon", "coordinates": [[[168.6596424822484, -45.026519297122505], [168.65956808054688, -45.02665802259558], [168.65945572591556, -45.02662771888102], [168.6595301265731, -45.02648899344145], [168.6596424822484, -45.026519297122505]]]}, "properties": {"building_id": 4734861, "facet_count": 2, "obstruction_count": 7, "panel_count": 40, "kwp": 17.6, "ac_kwh_day_avg": 52.1, "ac_kwh_year": 19028.0, "facet_area_m2": 144.6, "avg_poa_kwh_m2": 1291.0}}, {"type": "Feature", "geometry": {"type": "Polygon", "coordinates": [[[168.65909634939766, -45.026481216709236], [168.6590748548021, -45.026522818605045], [168.65904439510447, -45.026514904041], [168.6590658894593, -45.02647330215731], [168.65909634939766, -45.026481216709236]]]}, "properties": {"building_id": 4734862, "facet_count": 1, "obstruction_count": 0, "panel_count": 1, "kwp": 0.44, "ac_kwh_day_avg": 1.3, "ac_kwh_year": 468.0, "facet_area_m2": 10.1, "avg_poa_kwh_m2": 1274.0}}, {"type": "Feature", "geometry": {"type": "Polygon", "coordinates": [[[168.65840475527366, -45.02653005927101], [168.65832454628614, -45.02669269324085], [168.658220015209, -45.02666676685816], [168.65830022444598, -45.02650413297131], [168.65840475527366, -45.02653005927101]]]}, "properties": {"building_id": 4734866, "facet_count": 2, "obstruction_count": 2, "panel_count": 39, "kwp": 17.16, "ac_kwh_day_avg": 48.5, "ac_kwh_year": 17712.0, "facet_area_m2": 151.4, "avg_poa_kwh_m2": 1249.0}}, {"type": "Feature", "geometry": {"type": "Polygon", "coordinates": [[[168.65811958561414, -45.02649997819376], [168.65808076590602, -45.02657386434326], [168.65803005742254, -45.02656046525781], [168.6580688771844, -45.026486579127635], [168.65811958561414, -45.02649997819376]]]}, "properties": {"building_id": 4734874, "facet_count": 1, "obstruction_count": 1, "panel_count": 5, "kwp": 2.2, "ac_kwh_day_avg": 6.4, "ac_kwh_year": 2338.0, "facet_area_m2": 29.8, "avg_poa_kwh_m2": 1274.0}}, {"type": "Feature", "geometry": {"type": "Polygon", "coordinates": [[[168.65817701203989, -45.02650028240593], [168.65807487776965, -45.02647407360553], [168.65810982606408, -45.02640558066306], [168.65821196023288, -45.026431789428315], [168.65817701203989, -45.02650028240593]]]}, "properties": {"building_id": 4734875, "facet_count": 1, "obstruction_count": 2, "panel_count": 16, "kwp": 7.04, "ac_kwh_day_avg": 21.0, "ac_kwh_year": 7672.0, "facet_area_m2": 61.4, "avg_poa_kwh_m2": 1306.0}}, {"type": "Feature", "geometry": {"type": "Polygon", "coordinates": [[[168.65741216941947, -45.0264481161957], [168.65740021010916, -45.02647019144336], [168.65729202387638, -45.02644071503344], [168.65730678122694, -45.026413474882474], [168.65729988239136, -45.026411595308126], [168.65734060935685, -45.02633642189923], [168.65744396989746, -45.02636458288024], [168.65743996772753, -45.02637197040434], [168.65748959531322, -45.02638549150961], [168.65745007261168, -45.02645844327082], [168.65741216941947, -45.0264481161957]]]}, "properties": {"building_id": 4734883, "facet_count": 6, "obstruction_count": 1, "panel_count": 15, "kwp": 6.6, "ac_kwh_day_avg": 18.9, "ac_kwh_year": 6906.0, "facet_area_m2": 102.4, "avg_poa_kwh_m2": 1254.0}}, {"type": "Feature", "geometry": {"type": "Polygon", "coordinates": [[[168.65834918242913, -45.02970654393781], [168.65846240213682, -45.029535709902255], [168.65875504006203, -45.02963323502441], [168.65864182099068, -45.029804069374585], [168.65834918242913, -45.02970654393781]]]}, "properties": {"building_id": 4735015, "facet_count": 1, "obstruction_count": 2, "panel_count": 209, "kwp": 91.96, "ac_kwh_day_avg": 264.8, "ac_kwh_year": 96659.0, "facet_area_m2": 513.8, "avg_poa_kwh_m2": 1260.0}}, {"type": "Feature", "geometry": {"type": "Polygon", "coordinates": [[[168.65689754397275, -45.02924668796394], [168.6568286884368, -45.02917627389365], [168.65698171559993, -45.0291021315788], [168.6570665892545, -45.02919021993522], [168.657092651673, -45.02917759213763], [168.65725010128725, -45.02934100349849], [168.65709723186606, -45.0294150702664], [168.65704372793792, -45.029359539761295], [168.65697073128092, -45.02939490769603], [168.65685076804385, -45.02926935127748], [168.65689754397275, -45.02924668796394]]]}, "properties": {"building_id": 4735057, "facet_count": 8, "obstruction_count": 5, "panel_count": 122, "kwp": 53.68, "ac_kwh_day_avg": 151.9, "ac_kwh_year": 55442.0, "facet_area_m2": 394.4, "avg_poa_kwh_m2": 1252.0}}, {"type": "Feature", "geometry": {"type": "Polygon", "coordinates": [[[168.65767491374763, -45.029087296935174], [168.6576216662674, -45.029120555923924], [168.65759410335477, -45.029098365838166], [168.65764734956264, -45.02906510681382], [168.65767491374763, -45.029087296935174]]]}, "properties": {"building_id": 4735082, "facet_count": 1, "obstruction_count": 0, "panel_count": 1, "kwp": 0.44, "ac_kwh_day_avg": 1.2, "ac_kwh_year": 451.0, "facet_area_m2": 12.9, "avg_poa_kwh_m2": 1229.0}}, {"type": "Feature", "geometry": {"type": "Polygon", "coordinates": [[[168.65704719425614, -45.02807981924035], [168.65708722616517, -45.02804326371581], [168.6571923338694, -45.02810114735537], [168.65715230198143, -45.0281377029176], [168.65704719425614, -45.02807981924035]]]}, "properties": {"building_id": 4735125, "facet_count": 1, "obstruction_count": 1, "panel_count": 12, "kwp": 5.28, "ac_kwh_day_avg": 16.5, "ac_kwh_year": 6023.0, "facet_area_m2": 47.9, "avg_poa_kwh_m2": 1367.0}}, {"type": "Feature", "geometry": {"type": "Polygon", "coordinates": [[[168.65715605571748, -45.028303478480225], [168.65709740354407, -45.02826775455848], [168.6571525705726, -45.028222206884784], [168.65721122268334, -45.02825793050197], [168.65715605571748, -45.028303478480225]]]}, "properties": {"building_id": 4735129, "facet_count": 2, "obstruction_count": 1, "panel_count": 3, "kwp": 1.32, "ac_kwh_day_avg": 3.6, "ac_kwh_year": 1304.0, "facet_area_m2": 24.4, "avg_poa_kwh_m2": 1141.0}}, {"type": "Feature", "geometry": {"type": "Polygon", "coordinates": [[[168.65741485153785, -45.02960673789369], [168.65722800733948, -45.02985434910085], [168.65694954831002, -45.02962510828014], [168.65694190658897, -45.029611876313375], [168.65693946510694, -45.0295933937208], [168.65694393345316, -45.02957245002083], [168.6571386317574, -45.02946203864066], [168.65729975645482, -45.02951585396263], [168.65741485153785, -45.02960673789369]]]}, "properties": {"building_id": 4735260, "facet_count": 2, "obstruction_count": 12, "panel_count": 336, "kwp": 147.84, "ac_kwh_day_avg": 441.4, "ac_kwh_year": 161103.0, "facet_area_m2": 824.1, "avg_poa_kwh_m2": 1306.0}}, {"type": "Feature", "geometry": {"type": "Polygon", "coordinates": [[[168.6597427152822, -45.028217673262255], [168.65973391131442, -45.02822636514408], [168.65967910594577, -45.028208304448974], [168.65969921815588, -45.028177613116334], [168.6596903057903, -45.02817467671119], [168.6599043256502, -45.02784809002512], [168.66014716791426, -45.02797178351422], [168.65980905601342, -45.02821841329537], [168.65979882556377, -45.02821320234135], [168.6597647004171, -45.028228870668514], [168.6597427152822, -45.028217673262255]]]}, "properties": {"building_id": 4735268, "facet_count": 11, "obstruction_count": 19, "panel_count": 107, "kwp": 47.08, "ac_kwh_day_avg": 138.4, "ac_kwh_year": 50519.0, "facet_area_m2": 514.1, "avg_poa_kwh_m2": 1286.0}}, {"type": "Feature", "geometry": {"type": "Polygon", "coordinates": [[[168.65780133437522, -45.02860305571958], [168.6578933850398, -45.02867232022538], [168.657903105868, -45.0286658238687], [168.65804002629108, -45.02876885143305], [168.6579524571607, -45.028827373219016], [168.6576419861504, -45.02859375556176], [168.65778502143974, -45.02849816526875], [168.6578665214485, -45.02855949058895], [168.65780133437522, -45.02860305571958]]]}, "properties": {"building_id": 4735299, "facet_count": 9, "obstruction_count": 4, "panel_count": 62, "kwp": 27.28, "ac_kwh_day_avg": 83.4, "ac_kwh_year": 30449.0, "facet_area_m2": 293.1, "avg_poa_kwh_m2": 1311.0}}, {"type": "Feature", "geometry": {"type": "Polygon", "coordinates": [[[168.65999353623153, -45.02781046052962], [168.66001231755342, -45.02776964533916], [168.65999172675882, -45.02776488071733], [168.66003199550696, -45.02767736800098], [168.66015204455664, -45.02770514649702], [168.6601096289068, -45.02779732691962], [168.66008118606274, -45.02779074473878], [168.66006455177754, -45.02782689318291], [168.65999353623153, -45.02781046052962]]]}, "properties": {"building_id": 4735374, "facet_count": 3, "obstruction_count": 2, "panel_count": 10, "kwp": 4.4, "ac_kwh_day_avg": 12.5, "ac_kwh_year": 4572.0, "facet_area_m2": 66.0, "avg_poa_kwh_m2": 1254.0}}, {"type": "Feature", "geometry": {"type": "Polygon", "coordinates": [[[168.66773827305158, -45.03112918290013], [168.6678059489589, -45.03107925050107], [168.66783059942853, -45.03106109792484], [168.66787368839675, -45.03109051989255], [168.66785721807153, -45.031102647828696], [168.66786635886004, -45.03110888876901], [168.66786552926112, -45.03112246811268], [168.66789903936157, -45.03114534892116], [168.6678310713957, -45.03119539990299], [168.66778566943793, -45.03116439839766], [168.66777635608798, -45.0311712567585], [168.6677269499595, -45.03113752130281], [168.66773827305158, -45.03112918290013]]]}, "properties": {"building_id": 5371202, "facet_count": 1, "obstruction_count": 1, "panel_count": 26, "kwp": 11.44, "ac_kwh_day_avg": 34.2, "ac_kwh_year": 12466.0, "facet_area_m2": 91.4, "avg_poa_kwh_m2": 1306.0}}, {"type": "Feature", "geometry": {"type": "Polygon", "coordinates": [[[168.66872534557635, -45.03016603053712], [168.6687422300855, -45.03018043511046], [168.66875943190345, -45.03017029635398], [168.66880411650337, -45.0302084195244], [168.66887677273567, -45.03016559638144], [168.66892744656997, -45.03020882880167], [168.66876527882843, -45.03030441008722], [168.66872950738895, -45.03027389281371], [168.66873758282094, -45.03026913338969], [168.66861899204537, -45.03016795668013], [168.6686608891581, -45.03014326314722], [168.6687030072504, -45.030179196793526], [168.66872534557635, -45.03016603053712]]]}, "properties": {"building_id": 5371204, "facet_count": 7, "obstruction_count": 5, "panel_count": 6, "kwp": 2.64, "ac_kwh_day_avg": 7.5, "ac_kwh_year": 2742.0, "facet_area_m2": 113.7, "avg_poa_kwh_m2": 1177.0}}, {"type": "Feature", "geometry": {"type": "Polygon", "coordinates": [[[168.6710789872583, -45.03145764595662], [168.67108705827482, -45.03145719720797], [168.67107875604825, -45.03138204462449], [168.67117191582548, -45.03137686955373], [168.6711905994604, -45.0315459902182], [168.67109603066794, -45.031551244122575], [168.67107708244436, -45.03153991309271], [168.67100979136018, -45.031543651702926], [168.67100076973594, -45.031461990425726], [168.6710789872583, -45.03145764595662]]]}, "properties": {"building_id": 5371214, "facet_count": 5, "obstruction_count": 3, "panel_count": 47, "kwp": 20.68, "ac_kwh_day_avg": 59.8, "ac_kwh_year": 21814.0, "facet_area_m2": 179.9, "avg_poa_kwh_m2": 1264.0}}, {"type": "Feature", "geometry": {"type": "Polygon", "coordinates": [[[168.66872843811387, -45.029385148374125], [168.6686475838874, -45.029541574026034], [168.6685198692963, -45.02950837838298], [168.66860072478443, -45.029351952773965], [168.66872843811387, -45.029385148374125]]]}, "properties": {"building_id": 5373419, "facet_count": 3, "obstruction_count": 6, "panel_count": 37, "kwp": 16.28, "ac_kwh_day_avg": 48.6, "ac_kwh_year": 17740.0, "facet_area_m2": 142.2, "avg_poa_kwh_m2": 1278.0}}, {"type": "Feature", "geometry": {"type": "Polygon", "coordinates": [[[168.66812775316635, -45.03041557352428], [168.66819853908183, -45.03044769174212], [168.66816461353403, -45.030485288558964], [168.66810176498254, -45.0304443742041], [168.66812775316635, -45.03041557352428]]]}, "properties": {"building_id": 5373428, "facet_count": 1, "obstruction_count": 0, "panel_count": 5, "kwp": 2.2, "ac_kwh_day_avg": 6.6, "ac_kwh_year": 2397.0, "facet_area_m2": 23.9, "avg_poa_kwh_m2": 1306.0}}, {"type": "Feature", "geometry": {"type": "Polygon", "coordinates": [[[168.66803335492656, -45.03092308150316], [168.66801702089506, -45.03095072381085], [168.6679766331475, -45.03093872355773], [168.66799296738455, -45.03091108119716], [168.66803335492656, -45.03092308150316]]]}, "properties": {"building_id": 5373432, "facet_count": 1, "obstruction_count": 1, "panel_count": 1, "kwp": 0.44, "ac_kwh_day_avg": 1.4, "ac_kwh_year": 502.0, "facet_area_m2": 8.2, "avg_poa_kwh_m2": 1367.0}}, {"type": "Feature", "geometry": {"type": "Polygon", "coordinates": [[[168.66896543692002, -45.02908805839866], [168.66888242882877, -45.02907634543665], [168.66890039366805, -45.029012321462844], [168.66900411129754, -45.02902695652438], [168.66906923030407, -45.029058312404935], [168.6690655547837, -45.02906214979541], [168.6690941947142, -45.029075940534426], [168.66912534025374, -45.02904341356169], [168.6692044999873, -45.02908153124218], [168.66914991449735, -45.029138535924986], [168.66914115792042, -45.02913431890904], [168.6691147506722, -45.02916189572946], [168.66908944477933, -45.02914971068254], [168.6690701681229, -45.02916984198442], [168.66899218426875, -45.02913229009833], [168.66900199693765, -45.02912204248864], [168.66895470221527, -45.02909926928288], [168.66896543692002, -45.02908805839866]]]}, "properties": {"building_id": 4734798, "facet_count": 8, "obstruction_count": 3, "panel_count": 22, "kwp": 9.68, "ac_kwh_day_avg": 27.8, "ac_kwh_year": 10162.0, "facet_area_m2": 133.6, "avg_poa_kwh_m2": 1245.0}}, {"type": "Feature", "geometry": {"type": "Polygon", "coordinates": [[[168.66911103144972, -45.03030253470076], [168.6689585304025, -45.03039403749987], [168.66888042852383, -45.030378875984084], [168.6688179622129, -45.030326525738936], [168.66888732339788, -45.03028490786956], [168.66893568317371, -45.03032543460795], [168.66905379287377, -45.030254566391086], [168.66911103144972, -45.03030253470076]]]}, "properties": {"building_id": 4734954, "facet_count": 6, "obstruction_count": 2, "panel_count": 2, "kwp": 0.88, "ac_kwh_day_avg": 2.6, "ac_kwh_year": 964.0, "facet_area_m2": 48.7, "avg_poa_kwh_m2": 1366.0}}, {"type": "Feature", "geometry": {"type": "Polygon", "coordinates": [[[168.66858022992406, -45.03112216510499], [168.66850777682689, -45.03123145590041], [168.66842242912776, -45.03120300558738], [168.66843770571995, -45.031179963313654], [168.66836894862513, -45.031157044036576], [168.66845472435523, -45.03102765513942], [168.66849958365086, -45.03104260877407], [168.66848819141612, -45.031059792592714], [168.66853271023643, -45.031074632455045], [168.66851550221372, -45.03110058907921], [168.66858022992406, -45.03112216510499]]]}, "properties": {"building_id": 4735005, "facet_count": 9, "obstruction_count": 6, "panel_count": 24, "kwp": 10.56, "ac_kwh_day_avg": 30.0, "ac_kwh_year": 10953.0, "facet_area_m2": 130.0, "avg_poa_kwh_m2": 1276.0}}, {"type": "Feature", "geometry": {"type": "Polygon", "coordinates": [[[168.66917939071269, -45.02854135470639], [168.66916880546424, -45.02854347546881], [168.6691718316504, -45.028551071048526], [168.66920170780344, -45.02856563477667], [168.66920516937023, -45.02858684803069], [168.6691394675598, -45.028650733865526], [168.6690563148429, -45.02860773024689], [168.66908094334804, -45.028583782519014], [168.6690702023342, -45.02853515996856], [168.66901224534604, -45.028508082785656], [168.6690681360165, -45.02844792407513], [168.66917206819994, -45.028496480548036], [168.66917939071269, -45.02854135470639]]]}, "properties": {"building_id": 4735018, "facet_count": 5, "obstruction_count": 1, "panel_count": 9, "kwp": 3.96, "ac_kwh_day_avg": 11.1, "ac_kwh_year": 4055.0, "facet_area_m2": 78.0, "avg_poa_kwh_m2": 1242.0}}, {"type": "Feature", "geometry": {"type": "Polygon", "coordinates": [[[168.6686198353944, -45.02838174869084], [168.66858143467883, -45.02836464061158], [168.66861154537466, -45.02833065395516], [168.66860380114346, -45.02832720361896], [168.66862858980357, -45.028299222439514], [168.66863680930817, -45.02830288437446], [168.66866874631566, -45.02826683544907], [168.66877191205532, -45.02831279707557], [168.6687424314719, -45.02834607316197], [168.66873404496204, -45.02834233647445], [168.66871210553052, -45.02836710063825], [168.6686931440295, -45.02835865291242], [168.66866863995315, -45.028386311849076], [168.66863074758575, -45.02836943104664], [168.6686198353944, -45.02838174869084]]]}, "properties": {"building_id": 4735032, "facet_count": 4, "obstruction_count": 2, "panel_count": 4, "kwp": 1.76, "ac_kwh_day_avg": 5.1, "ac_kwh_year": 1864.0, "facet_area_m2": 53.7, "avg_poa_kwh_m2": 1303.0}}, {"type": "Feature", "geometry": {"type": "Polygon", "coordinates": [[[168.6689936242491, -45.03117030216844], [168.66901982263263, -45.031191922728944], [168.6691253908623, -45.031127600311564], [168.66918973017195, -45.03118069758849], [168.669019766939, -45.03128425489908], [168.66892922924228, -45.031209537851005], [168.6689936242491, -45.03117030216844]]]}, "properties": {"building_id": 4735035, "facet_count": 1, "obstruction_count": 1, "panel_count": 40, "kwp": 17.6, "ac_kwh_day_avg": 49.2, "ac_kwh_year": 17949.0, "facet_area_m2": 135.1, "avg_poa_kwh_m2": 1222.0}}, {"type": "Feature", "geometry": {"type": "Polygon", "coordinates": [[[168.66878319421645, -45.0284614339742], [168.66874356754815, -45.02844584929901], [168.6687711808441, -45.02841054074669], [168.66876313067428, -45.02840737585936], [168.66878560380235, -45.02837863962123], [168.66879413840095, -45.02838199575026], [168.6688231834876, -45.02834485659049], [168.66892984286775, -45.02838680364363], [168.66890286482078, -45.02842130009479], [168.6688941181914, -45.02841786030164], [168.66887417445662, -45.02844336196488], [168.66885470377684, -45.02843570509036], [168.6688324793896, -45.02846412312414], [168.66879317938893, -45.02844866700307], [168.66878319421645, -45.0284614339742]]]}, "properties": {"building_id": 4735066, "facet_count": 4, "obstruction_count": 0, "panel_count": 8, "kwp": 3.52, "ac_kwh_day_avg": 10.0, "ac_kwh_year": 3652.0, "facet_area_m2": 70.5, "avg_poa_kwh_m2": 1274.0}}, {"type": "Feature", "geometry": {"type": "Polygon", "coordinates": [[[168.66821906434734, -45.029469227925574], [168.66825809858537, -45.029424678274914], [168.6683528225048, -45.029466412649775], [168.6683125503778, -45.02951237630021], [168.66838059919158, -45.02954235769657], [168.66831913515918, -45.029612507120774], [168.66812007865002, -45.02952480496365], [168.66817458546802, -45.02946259468885], [168.66818800846607, -45.02946850863459], [168.66819620374397, -45.02945915563218], [168.66821906434734, -45.029469227925574]]]}, "properties": {"building_id": 4735075, "facet_count": 9, "obstruction_count": 3, "panel_count": 19, "kwp": 8.36, "ac_kwh_day_avg": 23.6, "ac_kwh_year": 8600.0, "facet_area_m2": 145.3, "avg_poa_kwh_m2": 1232.0}}, {"type": "Feature", "geometry": {"type": "Polygon", "coordinates": [[[168.66829624667324, -45.027860577553], [168.66821653476714, -45.02782049024017], [168.66824737624825, -45.027789648808906], [168.6682051533719, -45.027768414711716], [168.6682137465626, -45.02775982308607], [168.66814202671213, -45.027723754519506], [168.66819528914317, -45.02767049433784], [168.66825221285248, -45.027699120439976], [168.66826322969138, -45.02768810488154], [168.66832369865645, -45.02771851482151], [168.66835344827294, -45.027688766108895], [168.6683988006457, -45.027711573780564], [168.6684038428334, -45.02770653257976], [168.66841877963205, -45.02771048399715], [168.66843440554382, -45.02771272423178], [168.66845033256484, -45.02771319713052], [168.66846616810162, -45.02771189047536], [168.66848151743505, -45.0277088369772], [168.6684960015772, -45.027704113154115], [168.66850925887618, -45.02769783489127], [168.66854497794125, -45.027764185022285], [168.66853109608638, -45.02776794332919], [168.6685422878596, -45.02778873181001], [168.66850907346608, -45.027797724654526], [168.66852192537243, -45.02783489576967], [168.66848595215555, -45.027840164109215], [168.66844930265162, -45.027841900497606], [168.66841266092808, -45.0278400733168], [168.66837671502913, -45.027834715914395], [168.6683773301655, -45.02782657546492], [168.66835985935964, -45.02782340003237], [168.66837321789185, -45.027786670397134], [168.66837103090535, -45.02778579422273], [168.66829624667324, -45.027860577553]]]}, "properties": {"building_id": 4735248, "facet_count": 6, "obstruction_count": 6, "panel_count": 68, "kwp": 29.92, "ac_kwh_day_avg": 77.7, "ac_kwh_year": 28362.0, "facet_area_m2": 284.4, "avg_poa_kwh_m2": 1140.0}}, {"type": "Feature", "geometry": {"type": "Polygon", "coordinates": [[[168.6681786024333, -45.028259352459216], [168.6682445837428, -45.028189779854145], [168.6682360044934, -45.02818568833192], [168.6682602612367, -45.028160111230925], [168.668267718202, -45.02816366679859], [168.66827543140303, -45.02815553323143], [168.6683952382454, -45.028212671513245], [168.6683626725458, -45.028247009514786], [168.66834613155027, -45.02823912091046], [168.66829081386143, -45.0282974494454], [168.66821792570744, -45.02826268771674], [168.66820785792996, -45.02827330454476], [168.6681786024333, -45.028259352459216]]]}, "properties": {"building_id": 4735300, "facet_count": 2, "obstruction_count": 2, "panel_count": 28, "kwp": 12.32, "ac_kwh_day_avg": 30.0, "ac_kwh_year": 10941.0, "facet_area_m2": 110.8, "avg_poa_kwh_m2": 1095.0}}, {"type": "Feature", "geometry": {"type": "Polygon", "coordinates": [[[168.668358593203, -45.02847883890573], [168.66828484430746, -45.02843409651017], [168.66837438025794, -45.02835988096702], [168.6684723221367, -45.02841930024036], [168.6683972184609, -45.028481552550254], [168.668373026722, -45.02846687564591], [168.668358593203, -45.02847883890573]]]}, "properties": {"building_id": 4735332, "facet_count": 4, "obstruction_count": 1, "panel_count": 6, "kwp": 2.64, "ac_kwh_day_avg": 7.7, "ac_kwh_year": 2825.0, "facet_area_m2": 63.1, "avg_poa_kwh_m2": 1226.0}}, {"type": "Feature", "geometry": {"type": "Polygon", "coordinates": [[[168.66874329649227, -45.029836547216206], [168.668825656413, -45.02986471453021], [168.6688334381697, -45.029853273532154], [168.6689749147186, -45.029901659244366], [168.6689656762203, -45.02991524316678], [168.66903626795786, -45.0299393858354], [168.66898220392355, -45.03001887628993], [168.6688550941622, -45.0299754041958], [168.6688648982604, -45.02996098839294], [168.66882642273382, -45.029947829390615], [168.66881761417542, -45.02996077969998], [168.6686887709466, -45.029916714942246], [168.66874329649227, -45.029836547216206]]]}, "properties": {"building_id": 4735339, "facet_count": 3, "obstruction_count": 11, "panel_count": 55, "kwp": 24.2, "ac_kwh_day_avg": 64.2, "ac_kwh_year": 23439.0, "facet_area_m2": 229.6, "avg_poa_kwh_m2": 1183.0}}, {"type": "Feature", "geometry": {"type": "Polygon", "coordinates": [[[168.66822011169526, -45.0292468757611], [168.66827172435706, -45.02930279812686], [168.66818540377125, -45.0293428601367], [168.66819509224425, -45.02935335725911], [168.66811607564955, -45.02939002940887], [168.66813165446982, -45.02939614051302], [168.66810006096517, -45.029436633974456], [168.66805097235604, -45.029417374976354], [168.66803547837483, -45.0294372348692], [168.66794647393354, -45.02940231508796], [168.66799007131291, -45.029346436319116], [168.66801369464127, -45.02935570406451], [168.6680324213696, -45.02933170192983], [168.66802484856683, -45.02932349606366], [168.66808981337104, -45.029293345656704], [168.66810828789, -45.02931336312319], [168.66815144293267, -45.0292933346568], [168.66814201619727, -45.02928312023492], [168.66822011169526, -45.0292468757611]]]}, "properties": {"building_id": 4735345, "facet_count": 5, "obstruction_count": 3, "panel_count": 1, "kwp": 0.44, "ac_kwh_day_avg": 1.0, "ac_kwh_year": 370.0, "facet_area_m2": 59.6, "avg_poa_kwh_m2": 1147.0}}, {"type": "Feature", "geometry": {"type": "Polygon", "coordinates": [[[168.6684676195953, -45.02832069835224], [168.66842696467384, -45.028305838754456], [168.66845305199283, -45.0282699456805], [168.66844472980603, -45.02826690366209], [168.66846593070056, -45.02823773566103], [168.66847478774122, -45.02824097353927], [168.66850230157263, -45.02820311823488], [168.6686105432745, -45.028242681699474], [168.66858502434837, -45.02827779073766], [168.6685763141929, -45.02827460795996], [168.66855750466857, -45.02830048663706], [168.66853754844408, -45.02829319203832], [168.66851650194695, -45.028322148073606], [168.6684770477103, -45.02830772750208], [168.6684676195953, -45.02832069835224]]]}, "properties": {"building_id": 4735347, "facet_count": 5, "obstruction_count": 0, "panel_count": 5, "kwp": 2.2, "ac_kwh_day_avg": 6.5, "ac_kwh_year": 2388.0, "facet_area_m2": 48.4, "avg_poa_kwh_m2": 1269.0}}, {"type": "Feature", "geometry": {"type": "Polygon", "coordinates": [[[168.67179830745616, -45.0314052015933], [168.67183605048294, -45.03145151727654], [168.6717641721366, -45.0314809698176], [168.67171405232773, -45.03141946514451], [168.67173616028182, -45.031410406118276], [168.67179830745616, -45.0314052015933]]]}, "properties": {"building_id": 4750887, "facet_count": 3, "obstruction_count": 1, "panel_count": 2, "kwp": 0.88, "ac_kwh_day_avg": 3.2, "ac_kwh_year": 1153.0, "facet_area_m2": 24.5, "avg_poa_kwh_m2": 1298.0}}, {"type": "Feature", "geometry": {"type": "Polygon", "coordinates": [[[168.67194464438512, -45.03056931168651], [168.67205605023042, -45.03056194896846], [168.6720706038951, -45.03067266859709], [168.67195919656828, -45.03068003127315], [168.67194464438512, -45.03056931168651]]]}, "properties": {"building_id": 4750888, "facet_count": 5, "obstruction_count": 0, "panel_count": 5, "kwp": 2.2, "ac_kwh_day_avg": 5.7, "ac_kwh_year": 2087.0, "facet_area_m2": 44.1, "avg_poa_kwh_m2": 1175.0}}, {"type": "Feature", "geometry": {"type": "Polygon", "coordinates": [[[168.66960086424726, -45.03117263322414], [168.6696177554603, -45.03118643479351], [168.66962875407992, -45.03117966550959], [168.66965515805714, -45.031201239722485], [168.66964456559364, -45.031207757982315], [168.66968161345497, -45.03123802909317], [168.6696461906374, -45.0312598281925], [168.6696531267278, -45.0312654955304], [168.66961361531034, -45.031289809259825], [168.66962182000472, -45.03129651320205], [168.669565775399, -45.0313310011042], [168.66951059407808, -45.03128591257523], [168.66952244464977, -45.03127862115079], [168.66951196938552, -45.0312700620679], [168.6695361446263, -45.031255185762845], [168.66951611003253, -45.031238815345866], [168.66954770650327, -45.03121937075087], [168.66952558302907, -45.031201294335155], [168.66955851610183, -45.03118102823109], [168.66957084697094, -45.03119110440956], [168.66960086424726, -45.03117263322414]]]}, "properties": {"building_id": 4750923, "facet_count": 5, "obstruction_count": 1, "panel_count": 2, "kwp": 0.88, "ac_kwh_day_avg": 2.0, "ac_kwh_year": 736.0, "facet_area_m2": 33.9, "avg_poa_kwh_m2": 1092.0}}, {"type": "Feature", "geometry": {"type": "Polygon", "coordinates": [[[168.66965660521342, -45.031095886953175], [168.66959585069708, -45.03113259765131], [168.66954161003198, -45.031087461154364], [168.669602363265, -45.03105075043637], [168.66965660521342, -45.031095886953175]]]}, "properties": {"building_id": 4750924, "facet_count": 1, "obstruction_count": 0, "panel_count": 4, "kwp": 1.76, "ac_kwh_day_avg": 6.3, "ac_kwh_year": 2282.0, "facet_area_m2": 17.9, "avg_poa_kwh_m2": 1554.0}}, {"type": "Feature", "geometry": {"type": "Polygon", "coordinates": [[[168.6693758202472, -45.03109179117381], [168.66944574505806, -45.03104913935613], [168.66955522215227, -45.03113938723175], [168.6694633721374, -45.03119541295687], [168.66942025359347, -45.031159868277086], [168.66944217875397, -45.031146494443405], [168.6693758202472, -45.03109179117381]]]}, "properties": {"building_id": 4750925, "facet_count": 3, "obstruction_count": 5, "panel_count": 21, "kwp": 9.24, "ac_kwh_day_avg": 23.9, "ac_kwh_year": 8732.0, "facet_area_m2": 87.6, "avg_poa_kwh_m2": 1167.0}}, {"type": "Feature", "geometry": {"type": "Polygon", "coordinates": [[[168.669333161402, -45.03090803954143], [168.66933884713197, -45.030905623398745], [168.66940551118884, -45.03098450660001], [168.6694350848179, -45.03097194005308], [168.66945845124152, -45.03099959041838], [168.669426453752, -45.03101318742268], [168.6694301628925, -45.031017576334285], [168.66939218192286, -45.0310337158933], [168.66939649814177, -45.031038823716734], [168.6693243830768, -45.03106946747483], [168.66929484983993, -45.03103452169952], [168.66930995013638, -45.031028105420766], [168.66929075070564, -45.03100538794725], [168.6692788637718, -45.03101043919367], [168.66925394867047, -45.03098095747869], [168.6692633068866, -45.030976980408965], [168.66924128517076, -45.03095092311832], [168.6692406350069, -45.03090477268127], [168.66928523155704, -45.030885822069386], [168.669333161402, -45.03090803954143]]]}, "properties": {"building_id": 4750926, "facet_count": 13, "obstruction_count": 1, "panel_count": 1, "kwp": 0.44, "ac_kwh_day_avg": 1.3, "ac_kwh_year": 484.0, "facet_area_m2": 52.2, "avg_poa_kwh_m2": 1307.0}}, {"type": "Feature", "geometry": {"type": "Polygon", "coordinates": [[[168.66913375001286, -45.03030463112997], [168.6690800528411, -45.03026006147433], [168.6691429654467, -45.030221947730325], [168.66919666263612, -45.03026651735702], [168.66913375001286, -45.03030463112997]]]}, "properties": {"building_id": 4750927, "facet_count": 3, "obstruction_count": 1, "panel_count": 2, "kwp": 0.88, "ac_kwh_day_avg": 2.4, "ac_kwh_year": 885.0, "facet_area_m2": 24.3, "avg_poa_kwh_m2": 1220.0}}, {"type": "Feature", "geometry": {"type": "Polygon", "coordinates": [[[168.66937136331072, -45.029707261905465], [168.66941827258023, -45.02978842552492], [168.66939732889867, -45.02979451179658], [168.66941803361888, -45.02980672721272], [168.66936763186948, -45.029849683243306], [168.66925822258315, -45.029759866244234], [168.66919516241904, -45.029736364538124], [168.6692478114301, -45.02966532881643], [168.66930502388965, -45.0297265414351], [168.66937136331072, -45.029707261905465]]]}, "properties": {"building_id": 4750929, "facet_count": 3, "obstruction_count": 6, "panel_count": 31, "kwp": 13.64, "ac_kwh_day_avg": 35.2, "ac_kwh_year": 12866.0, "facet_area_m2": 132.2, "avg_poa_kwh_m2": 1145.0}}, {"type": "Feature", "geometry": {"type": "Polygon", "coordinates": [[[168.66936119116122, -45.02868555395045], [168.66942855394154, -45.02871647816183], [168.66940994933097, -45.02873685830108], [168.6694393219998, -45.02875034192047], [168.66941952861333, -45.02877202358265], [168.66940932348234, -45.0287673383674], [168.66935438018342, -45.02882752343067], [168.66915063429056, -45.02873398992123], [168.66920725366793, -45.028671969234544], [168.66922222879563, -45.028678844919575], [168.669270374477, -45.028672088100414], [168.66927694888707, -45.02869564380276], [168.6693437793657, -45.02868626433177], [168.66934770444246, -45.028700327692526], [168.66936119116122, -45.02868555395045]]]}, "properties": {"building_id": 4750932, "facet_count": 6, "obstruction_count": 4, "panel_count": 54, "kwp": 23.76, "ac_kwh_day_avg": 53.4, "ac_kwh_year": 19493.0, "facet_area_m2": 184.5, "avg_poa_kwh_m2": 1029.0}}, {"type": "Feature", "geometry": {"type": "Polygon", "coordinates": [[[168.6692471302823, -45.028226436438025], [168.66938063687894, -45.02822264074782], [168.66945933149125, -45.028277725811506], [168.66945557452664, -45.028370257836535], [168.66935541303542, -45.02836821273421], [168.66935639200653, -45.02834410227886], [168.6692817098563, -45.0283034469077], [168.6692814788909, -45.028286485662925], [168.66924639657537, -45.028286725893246], [168.6692471302823, -45.028226436438025]]]}, "properties": {"building_id": 4750933, "facet_count": 2, "obstruction_count": 0, "panel_count": 35, "kwp": 15.4, "ac_kwh_day_avg": 46.0, "ac_kwh_year": 16782.0, "facet_area_m2": 122.8, "avg_poa_kwh_m2": 1306.0}}, {"type": "Feature", "geometry": {"type": "Polygon", "coordinates": [[[168.6695772235826, -45.02839584422709], [168.6696941989563, -45.028473809455704], [168.66974309676945, -45.02843691666711], [168.6698666799154, -45.02851928563622], [168.66981413277566, -45.02855893185391], [168.6700152179848, -45.02869295575839], [168.66999773960526, -45.02870614301133], [168.67000244094115, -45.028711378166705], [168.6700057888983, -45.028717112707916], [168.67000768175035, -45.02872317239393], [168.6700080619835, -45.02872937310434], [168.67000691804412, -45.02873552643367], [168.67000428468972, -45.02874144541609], [168.67000024193305, -45.028746950206205], [168.669994912611, -45.0287518735436], [168.66998845865214, -45.02875606583498], [168.6699810761569, -45.028759399699545], [168.66997298943875, -45.02876177383935], [168.66996444420897, -45.02876311611725], [168.66995570011048, -45.02876338574875], [168.66994702282878, -45.02876257454118], [168.66993867601914, -45.02876070714279], [168.6699309132955, -45.02875784029361], [168.66992501490034, -45.02875472122741], [168.6699050402135, -45.02876942888296], [168.6697019537555, -45.02863073031564], [168.66968883971214, -45.028640386348826], [168.66966342464661, -45.0286230289715], [168.66963388625732, -45.02864477843028], [168.66957449847055, -45.02860421909431], [168.66960108810628, -45.028584640852095], [168.66956909792015, -45.02856279288498], [168.6695834349629, -45.02855223635792], [168.66947171656915, -45.02847593715567], [168.6695772235826, -45.02839584422709]]]}, "properties": {"building_id": 4750934, "facet_count": 20, "obstruction_count": 21, "panel_count": 78, "kwp": 34.32, "ac_kwh_day_avg": 80.9, "ac_kwh_year": 29536.0, "facet_area_m2": 471.5, "avg_poa_kwh_m2": 1155.0}}, {"type": "Feature", "geometry": {"type": "Polygon", "coordinates": [[[168.6698885171126, -45.02829404060242], [168.6698950825149, -45.02829000779919], [168.66985526958476, -45.028257410043416], [168.669936088047, -45.028207771274396], [168.67000888669222, -45.02826737554935], [168.67003467023915, -45.0282515394128], [168.67011346297727, -45.02833442248146], [168.67024376718015, -45.028441109739845], [168.6703041022937, -45.02848018957171], [168.67023041229703, -45.02852544898887], [168.67017348675122, -45.028478841612085], [168.67013360321977, -45.028503338534186], [168.6700109871889, -45.028402946562615], [168.66999946850365, -45.02841002109816], [168.66990468967626, -45.02833241973072], [168.66992223327182, -45.02832164474282], [168.6698885171126, -45.02829404060242]]]}, "properties": {"building_id": 4750937, "facet_count": 2, "obstruction_count": 2, "panel_count": 90, "kwp": 39.6, "ac_kwh_day_avg": 118.2, "ac_kwh_year": 43152.0, "facet_area_m2": 359.0, "avg_poa_kwh_m2": 1307.0}}, {"type": "Feature", "geometry": {"type": "Polygon", "coordinates": [[[168.6715077222079, -45.03062020493332], [168.67157594982146, -45.03060418429032], [168.67161400511387, -45.03068567603003], [168.67154577741044, -45.03070169669241], [168.6715077222079, -45.03062020493332]]]}, "properties": {"building_id": 4750939, "facet_count": 1, "obstruction_count": 1, "panel_count": 13, "kwp": 5.72, "ac_kwh_day_avg": 17.1, "ac_kwh_year": 6233.0, "facet_area_m2": 48.4, "avg_poa_kwh_m2": 1306.0}}, {"type": "Feature", "geometry": {"type": "Polygon", "coordinates": [[[168.67090632308722, -45.0310096210358], [168.6708279703849, -45.03095992904856], [168.67090867875504, -45.03089593998808], [168.67100747823548, -45.03095859970993], [168.67103106863934, -45.0309398957727], [168.67119793252775, -45.03104572166703], [168.6711550566485, -45.03107971573503], [168.67103171281332, -45.03100149053125], [168.67095531335985, -45.03106206326657], [168.6708913464335, -45.03102149557349], [168.67090632308722, -45.0310096210358]]]}, "properties": {"building_id": 4750945, "facet_count": 11, "obstruction_count": 0, "panel_count": 9, "kwp": 3.96, "ac_kwh_day_avg": 9.4, "ac_kwh_year": 3428.0, "facet_area_m2": 88.4, "avg_poa_kwh_m2": 1114.0}}, {"type": "Feature", "geometry": {"type": "Polygon", "coordinates": [[[168.67046265081328, -45.029908081788435], [168.670493493232, -45.029964520415625], [168.67041526166375, -45.02998601796981], [168.67041175736574, -45.029979606041735], [168.67029630973568, -45.030011330301306], [168.6702454391529, -45.0299182411931], [168.67017525821052, -45.02982800402148], [168.670360223948, -45.02975566628564], [168.67039953320804, -45.02980620892273], [168.67027490193487, -45.02985495080731], [168.6703048459821, -45.02989344968185], [168.6703284855809, -45.02993670964012], [168.67038607389537, -45.02992088422072], [168.67038998981351, -45.0299280481396], [168.67046265081328, -45.029908081788435]]]}, "properties": {"building_id": 4750946, "facet_count": 4, "obstruction_count": 1, "panel_count": 38, "kwp": 16.72, "ac_kwh_day_avg": 45.1, "ac_kwh_year": 16460.0, "facet_area_m2": 148.1, "avg_poa_kwh_m2": 1193.0}}, {"type": "Feature", "geometry": {"type": "Polygon", "coordinates": [[[168.67036523760936, -45.030560136917515], [168.67042173324464, -45.03056833115641], [168.6705015736537, -45.03066043207114], [168.67040777002248, -45.03070132058033], [168.67041553072048, -45.030710272479396], [168.67037651750172, -45.03072727785139], [168.67026196334587, -45.03059513301488], [168.670307887937, -45.03057511350909], [168.67028798657736, -45.03055215619665], [168.67033903181036, -45.030529906067216], [168.67036523760936, -45.030560136917515]]]}, "properties": {"building_id": 4750950, "facet_count": 7, "obstruction_count": 2, "panel_count": 12, "kwp": 5.28, "ac_kwh_day_avg": 14.9, "ac_kwh_year": 5452.0, "facet_area_m2": 99.6, "avg_poa_kwh_m2": 1249.0}}, {"type": "Feature", "geometry": {"type": "Polygon", "coordinates": [[[168.67023552929632, -45.03015254867347], [168.6701878256188, -45.030089337584656], [168.67031903936368, -45.03003954468132], [168.67032974519728, -45.03005373208806], [168.67037351226085, -45.03003712636056], [168.6704426334385, -45.030128738279295], [168.67037305432459, -45.0301551355139], [168.67036571038744, -45.03014540046045], [168.67030752133485, -45.03016747079652], [168.67028275583706, -45.030134636950024], [168.67023552929632, -45.03015254867347]]]}, "properties": {"building_id": 4750953, "facet_count": 3, "obstruction_count": 0, "panel_count": 36, "kwp": 15.84, "ac_kwh_day_avg": 41.8, "ac_kwh_year": 15255.0, "facet_area_m2": 124.1, "avg_poa_kwh_m2": 1170.0}}, {"type": "Feature", "geometry": {"type": "Polygon", "coordinates": [[[168.67227438623456, -45.030902914590804], [168.67223352376234, -45.03096318013613], [168.67213668306562, -45.03096879514497], [168.67213959560542, -45.030930827690156], [168.67210473068403, -45.03092423784239], [168.67211100423134, -45.03084244802192], [168.67210554111742, -45.03084223699934], [168.6721098744435, -45.030785739066424], [168.6721937919607, -45.030814350155026], [168.6722151431873, -45.03078286017626], [168.6722628506624, -45.03079912581488], [168.67224164664486, -45.03083039814448], [168.67230181824618, -45.03085091238228], [168.67236526607923, -45.03089806336736], [168.67235066298545, -45.03092892018318], [168.67227438623456, -45.030902914590804]]]}, "properties": {"building_id": 4750957, "facet_count": 1, "obstruction_count": 1, "panel_count": 73, "kwp": 32.12, "ac_kwh_day_avg": 95.9, "ac_kwh_year": 35001.0, "facet_area_m2": 234.3, "avg_poa_kwh_m2": 1306.0}}, {"type": "Feature", "geometry": {"type": "Polygon", "coordinates": [[[168.66989469974314, -45.03067298727591], [168.66980697876653, -45.03072575841109], [168.66981628891494, -45.03073354045219], [168.6697046320091, -45.03080070996146], [168.66962881595592, -45.03073733790248], [168.6697550819387, -45.03066137947176], [168.66976453655607, -45.0306692822296], [168.66983764838213, -45.03062530013242], [168.66989469974314, -45.03067298727591]]]}, "properties": {"building_id": 4750964, "facet_count": 1, "obstruction_count": 2, "panel_count": 51, "kwp": 22.44, "ac_kwh_day_avg": 67.0, "ac_kwh_year": 24453.0, "facet_area_m2": 154.9, "avg_poa_kwh_m2": 1306.0}}, {"type": "Feature", "geometry": {"type": "Polygon", "coordinates": [[[168.67019612666556, -45.03049125465871], [168.67012789820592, -45.030411882203865], [168.67016907072764, -45.03039408575323], [168.67015814026334, -45.030381369464735], [168.67013112237174, -45.030393047572346], [168.6700866022869, -45.030341255487], [168.67016524518164, -45.03030726294274], [168.67022149760837, -45.03037270192973], [168.6702096159714, -45.030377837192646], [168.67026735513488, -45.030445006082644], [168.67023399608794, -45.0304594256822], [168.67024368497087, -45.03047069770804], [168.67019612666556, -45.03049125465871]]]}, "properties": {"building_id": 4750976, "facet_count": 3, "obstruction_count": 3, "panel_count": 5, "kwp": 2.2, "ac_kwh_day_avg": 5.3, "ac_kwh_year": 1917.0, "facet_area_m2": 53.5, "avg_poa_kwh_m2": 1044.0}}, {"type": "Feature", "geometry": {"type": "Polygon", "coordinates": [[[168.67085128081013, -45.030252351401394], [168.67086711438466, -45.03024604999418], [168.67088608785673, -45.030270022778936], [168.67087020130552, -45.03027634524606], [168.6708953088953, -45.03030806860986], [168.67088448101924, -45.03031237779284], [168.67093567687124, -45.030377064567915], [168.67086337437735, -45.03040583855875], [168.67081868605214, -45.03034937391369], [168.6707885561421, -45.030361364540205], [168.67071153251854, -45.030264042635466], [168.6708079767191, -45.03022566138688], [168.6708344128053, -45.03025906425734], [168.67085128081013, -45.030252351401394]]]}, "properties": {"building_id": 4750988, "facet_count": 2, "obstruction_count": 4, "panel_count": 30, "kwp": 13.2, "ac_kwh_day_avg": 36.1, "ac_kwh_year": 13167.0, "facet_area_m2": 151.0, "avg_poa_kwh_m2": 1235.0}}, {"type": "Feature", "geometry": {"type": "Polygon", "coordinates": [[[168.6719329887664, -45.031063734971255], [168.67201737195742, -45.03106049201025], [168.67202100966858, -45.031108083187554], [168.67210828631926, -45.03110472840852], [168.6721062841393, -45.0310785344427], [168.67214099065336, -45.03107720034921], [168.6721427097647, -45.031099691091036], [168.6721780849065, -45.03109833172256], [168.6721858781587, -45.03120028526414], [168.67194413569476, -45.031209576469095], [168.67194171699606, -45.03117792804262], [168.6719329887664, -45.031063734971255]]]}, "properties": {"building_id": 4751000, "facet_count": 6, "obstruction_count": 5, "panel_count": 51, "kwp": 22.44, "ac_kwh_day_avg": 58.3, "ac_kwh_year": 21271.0, "facet_area_m2": 211.2, "avg_poa_kwh_m2": 1160.0}}, {"type": "Feature", "geometry": {"type": "Polygon", "coordinates": [[[168.67057450133234, -45.03041378992746], [168.67056505723696, -45.030402368793716], [168.6705146845681, -45.03042331408922], [168.67048729911332, -45.030390196567524], [168.67044662114017, -45.03040711082742], [168.6703925621917, -45.03034173726284], [168.670523820124, -45.03028715895717], [168.6705373947956, -45.03030357460138], [168.67057437411796, -45.03028819778394], [168.6706516894054, -45.030381694302804], [168.67057450133234, -45.03041378992746]]]}, "properties": {"building_id": 4751008, "facet_count": 5, "obstruction_count": 0, "panel_count": 40, "kwp": 17.6, "ac_kwh_day_avg": 46.6, "ac_kwh_year": 17006.0, "facet_area_m2": 146.2, "avg_poa_kwh_m2": 1194.0}}, {"type": "Feature", "geometry": {"type": "Polygon", "coordinates": [[[168.67198385691748, -45.030916883092715], [168.6719432684731, -45.03095897329999], [168.67180643487666, -45.0308926269567], [168.67188993563715, -45.03080603323344], [168.6720527069575, -45.030884956034264], [168.67200979354772, -45.030929458718454], [168.67198385691748, -45.030916883092715]]]}, "properties": {"building_id": 4751011, "facet_count": 3, "obstruction_count": 2, "panel_count": 35, "kwp": 15.4, "ac_kwh_day_avg": 42.8, "ac_kwh_year": 15625.0, "facet_area_m2": 155.4, "avg_poa_kwh_m2": 1224.0}}, {"type": "Feature", "geometry": {"type": "Polygon", "coordinates": [[[168.66942301721863, -45.0301581491035], [168.66932316003374, -45.03007607662442], [168.66943366590797, -45.03000846857417], [168.6695335218821, -45.03009054091048], [168.66942301721863, -45.0301581491035]]]}, "properties": {"building_id": 4751014, "facet_count": 1, "obstruction_count": 3, "panel_count": 39, "kwp": 17.16, "ac_kwh_day_avg": 47.9, "ac_kwh_year": 17500.0, "facet_area_m2": 118.5, "avg_poa_kwh_m2": 1222.0}}, {"type": "Feature", "geometry": {"type": "Polygon", "coordinates": [[[168.67055258857016, -45.03002798598007], [168.6706564910828, -45.02998882399379], [168.67067047421858, -45.030007478605576], [168.67070599687938, -45.029994089851826], [168.67072058666955, -45.03001355336412], [168.67075988172238, -45.02999874153791], [168.67080338693407, -45.03005678174385], [168.67072913368406, -45.03008476884551], [168.67072607875158, -45.03008069288359], [168.6706508910813, -45.03010903332698], [168.6706319051318, -45.03008370463376], [168.67060262557072, -45.03009474063652], [168.67055258857016, -45.03002798598007]]]}, "properties": {"building_id": 4751019, "facet_count": 4, "obstruction_count": 5, "panel_count": 37, "kwp": 16.28, "ac_kwh_day_avg": 43.0, "ac_kwh_year": 15699.0, "facet_area_m2": 135.8, "avg_poa_kwh_m2": 1174.0}}, {"type": "Feature", "geometry": {"type": "Polygon", "coordinates": [[[168.6698969957638, -45.031386951261], [168.66975822339776, -45.031467401997176], [168.66963338108098, -45.031359121321536], [168.66977215207123, -45.03127867068501], [168.6698969957638, -45.031386951261]]]}, "properties": {"building_id": 4751039, "facet_count": 3, "obstruction_count": 4, "panel_count": 31, "kwp": 13.64, "ac_kwh_day_avg": 39.2, "ac_kwh_year": 14296.0, "facet_area_m2": 160.8, "avg_poa_kwh_m2": 1274.0}}, {"type": "Feature", "geometry": {"type": "Polygon", "coordinates": [[[168.66920137592047, -45.03144473097593], [168.66930759603372, -45.03138142876764], [168.6694259105304, -45.0314812520687], [168.66930490659865, -45.031553365493565], [168.6692541760126, -45.03151056318142], [168.6692689597559, -45.031501752078775], [168.66920137592047, -45.03144473097593]]]}, "properties": {"building_id": 4751049, "facet_count": 4, "obstruction_count": 4, "panel_count": 34, "kwp": 14.96, "ac_kwh_day_avg": 45.0, "ac_kwh_year": 16426.0, "facet_area_m2": 155.7, "avg_poa_kwh_m2": 1274.0}}, {"type": "Feature", "geometry": {"type": "Polygon", "coordinates": [[[168.67057955216086, -45.031222270466834], [168.6706371943256, -45.03126887424104], [168.67065025526242, -45.03126075008394], [168.67069736185144, -45.031298835767096], [168.67068593013883, -45.03130594518069], [168.6707131008859, -45.031327911946114], [168.67064205012906, -45.03137209981211], [168.67059505720115, -45.031334105741614], [168.67058741777504, -45.031338857552186], [168.6705269711572, -45.03128998677942], [168.6705431490002, -45.03127992588604], [168.670518670357, -45.03126013446803], [168.67057955216086, -45.031222270466834]]]}, "properties": {"building_id": 4751054, "facet_count": 3, "obstruction_count": 2, "panel_count": 12, "kwp": 5.28, "ac_kwh_day_avg": 14.0, "ac_kwh_year": 5099.0, "facet_area_m2": 79.8, "avg_poa_kwh_m2": 1187.0}}, {"type": "Feature", "geometry": {"type": "Polygon", "coordinates": [[[168.67176218253596, -45.03158237718485], [168.6717998814855, -45.03156764842556], [168.6717836898093, -45.031546810852745], [168.6718088181377, -45.03153699241324], [168.67178785585574, -45.03151001714255], [168.67186126680068, -45.031481333929186], [168.67195031660555, -45.031595934471405], [168.67187574398093, -45.03162507143849], [168.67187193845604, -45.031620173940745], [168.6718102739545, -45.03164426751494], [168.67176218253596, -45.03158237718485]]]}, "properties": {"building_id": 4751225, "facet_count": 8, "obstruction_count": 6, "panel_count": 10, "kwp": 4.4, "ac_kwh_day_avg": 10.0, "ac_kwh_year": 3655.0, "facet_area_m2": 92.1, "avg_poa_kwh_m2": 1127.0}}, {"type": "Feature", "geometry": {"type": "Polygon", "coordinates": [[[168.6713198865338, -45.03048327549909], [168.67122905719302, -45.03040681543938], [168.67128633733736, -45.03037259958145], [168.67129386526798, -45.03037893653123], [168.67130381877533, -45.030372990678956], [168.67134109081314, -45.03040436619476], [168.67136096722035, -45.03039249312297], [168.67137636326055, -45.0304054535879], [168.67138426322788, -45.03038420483323], [168.67149686554905, -45.0304052557871], [168.67147831974205, -45.03045513412183], [168.67142289538003, -45.030444772922685], [168.67145913747748, -45.03047528111405], [168.67143064623193, -45.03049230112182], [168.67143808228315, -45.0304985607574], [168.67137962156193, -45.03053348171849], [168.67134663075348, -45.03050571111951], [168.67132803318214, -45.030516820780534], [168.67130134217462, -45.03049435296926], [168.6713198865338, -45.03048327549909]]]}, "properties": {"building_id": 4751239, "facet_count": 5, "obstruction_count": 2, "panel_count": 48, "kwp": 21.12, "ac_kwh_day_avg": 59.8, "ac_kwh_year": 21824.0, "facet_area_m2": 177.5, "avg_poa_kwh_m2": 1253.0}}, {"type": "Feature", "geometry": {"type": "Polygon", "coordinates": [[[168.66943544130078, -45.02937518023883], [168.66953421229925, -45.029450683727354], [168.66951318994904, -45.02946451225021], [168.66955270377525, -45.02949471795909], [168.66950937200914, -45.029523222324784], [168.66937108717843, -45.02941751371641], [168.66943544130078, -45.02937518023883]]]}, "properties": {"building_id": 4751240, "facet_count": 2, "obstruction_count": 2, "panel_count": 15, "kwp": 6.6, "ac_kwh_day_avg": 17.2, "ac_kwh_year": 6275.0, "facet_area_m2": 84.4, "avg_poa_kwh_m2": 1186.0}}, {"type": "Feature", "geometry": {"type": "Polygon", "coordinates": [[[168.67141670053323, -45.031474533265346], [168.67138428913054, -45.03149443713699], [168.6713333990602, -45.03145276843786], [168.6713658104548, -45.03143286458037], [168.67141670053323, -45.031474533265346]]]}, "properties": {"building_id": 4751246, "facet_count": 1, "obstruction_count": 0, "panel_count": 2, "kwp": 0.88, "ac_kwh_day_avg": 2.6, "ac_kwh_year": 959.0, "facet_area_m2": 11.6, "avg_poa_kwh_m2": 1306.0}}, {"type": "Feature", "geometry": {"type": "Polygon", "coordinates": [[[168.65689960240564, -45.02663493833002], [168.65697909416647, -45.02647758618475], [168.65729564182877, -45.02655800738423], [168.65721615180962, -45.02671535919264], [168.65689960240564, -45.02663493833002]]]}, "properties": {"building_id": 5370888, "facet_count": 2, "obstruction_count": 6, "panel_count": 175, "kwp": 77.0, "ac_kwh_day_avg": 203.1, "ac_kwh_year": 74114.0, "facet_area_m2": 464.4, "avg_poa_kwh_m2": 1174.0}}, {"type": "Feature", "geometry": {"type": "Polygon", "coordinates": [[[168.66143796533953, -45.02542079939225], [168.66133575961823, -45.02547671697286], [168.66127074032315, -45.02541694773357], [168.661287063534, -45.02540801712521], [168.6612320869001, -45.02535747988884], [168.66121416280626, -45.02536728575188], [168.66114944407704, -45.02530779163902], [168.66116454642136, -45.025299528427844], [168.66111529743037, -45.025254255619316], [168.6610995476299, -45.025262872258736], [168.66103189177386, -45.02520067913034], [168.66113520949614, -45.02514415421227], [168.66119624314086, -45.02520026017867], [168.66120772636927, -45.02519397825246], [168.66127383133343, -45.025254744855054], [168.66126380997244, -45.02526022725045], [168.66131529736805, -45.0253075575116], [168.66132640857205, -45.02530147835903], [168.66138849880437, -45.02535855523479], [168.66137706056406, -45.025364812786044], [168.66143796533953, -45.02542079939225]]]}, "properties": {"building_id": 5371075, "facet_count": 6, "obstruction_count": 0, "panel_count": 0, "kwp": 0, "ac_kwh_day_avg": 0, "ac_kwh_year": 0, "facet_area_m2": 58.1, "avg_poa_kwh_m2": 1328.0}}, {"type": "Feature", "geometry": {"type": "Polygon", "coordinates": [[[168.66027077558047, -45.026284955517966], [168.6602964438608, -45.02623491626998], [168.66035309390705, -45.02624953075584], [168.66032742566773, -45.02629957001812], [168.66027077558047, -45.026284955517966]]]}, "properties": {"building_id": 5371079, "facet_count": 2, "obstruction_count": 2, "panel_count": 2, "kwp": 0.88, "ac_kwh_day_avg": 2.6, "ac_kwh_year": 959.0, "facet_area_m2": 24.5, "avg_poa_kwh_m2": 1293.0}}, {"type": "Feature", "geometry": {"type": "Polygon", "coordinates": [[[168.6580169157378, -45.0265695796008], [168.65812822525575, -45.02659960908019], [168.65811062891282, -45.0266324096959], [168.6579993193429, -45.02660238019736], [168.6580169157378, -45.0265695796008]]]}, "properties": {"building_id": 5371086, "facet_count": 1, "obstruction_count": 0, "panel_count": 3, "kwp": 1.32, "ac_kwh_day_avg": 4.2, "ac_kwh_year": 1522.0, "facet_area_m2": 15.2, "avg_poa_kwh_m2": 1382.0}}, {"type": "Feature", "geometry": {"type": "Polygon", "coordinates": [[[168.6579143714561, -45.02647752591991], [168.6579861291332, -45.02634092698223], [168.6580863066128, -45.026367392596306], [168.65797888900627, -45.02657187497879], [168.65776064916997, -45.02651421941243], [168.65779630957613, -45.02644633521681], [168.6579143714561, -45.02647752591991]]]}, "properties": {"building_id": 5371087, "facet_count": 6, "obstruction_count": 9, "panel_count": 53, "kwp": 23.32, "ac_kwh_day_avg": 60.2, "ac_kwh_year": 21988.0, "facet_area_m2": 220.1, "avg_poa_kwh_m2": 1168.0}}, {"type": "Feature", "geometry": {"type": "Polygon", "coordinates": [[[168.6567030643909, -45.02616958142442], [168.65681715446058, -45.02619804198414], [168.6567979247679, -45.02623681143832], [168.6566838333677, -45.02620835080869], [168.6567030643909, -45.02616958142442]]]}, "properties": {"building_id": 5371091, "facet_count": 2, "obstruction_count": 0, "panel_count": 2, "kwp": 0.88, "ac_kwh_day_avg": 2.6, "ac_kwh_year": 949.0, "facet_area_m2": 21.2, "avg_poa_kwh_m2": 1299.0}}, {"type": "Feature", "geometry": {"type": "Polygon", "coordinates": [[[168.65688272307696, -45.026241747399084], [168.6568595101243, -45.026286632219275], [168.65681034141141, -45.02627384307378], [168.65683355313024, -45.02622895821658], [168.65688272307696, -45.026241747399084]]]}, "properties": {"building_id": 5371092, "facet_count": 1, "obstruction_count": 1, "panel_count": 2, "kwp": 0.88, "ac_kwh_day_avg": 2.6, "ac_kwh_year": 959.0, "facet_area_m2": 14.3, "avg_poa_kwh_m2": 1306.0}}, {"type": "Feature", "geometry": {"type": "Polygon", "coordinates": [[[168.6567033168284, -45.02592918080426], [168.65665384058784, -45.02594451352235], [168.65663607568152, -45.025915682256155], [168.6566855506351, -45.02590034949674], [168.6567033168284, -45.02592918080426]]]}, "properties": {"building_id": 5371094, "facet_count": 1, "obstruction_count": 1, "panel_count": 2, "kwp": 0.88, "ac_kwh_day_avg": 2.6, "ac_kwh_year": 959.0, "facet_area_m2": 11.9, "avg_poa_kwh_m2": 1306.0}}, {"type": "Feature", "geometry": {"type": "Polygon", "coordinates": [[[168.65871288298854, -45.02581035788033], [168.65872755636582, -45.02577886814743], [168.65880853122616, -45.02579784585269], [168.65879385662123, -45.02582933554926], [168.65871288298854, -45.02581035788033]]]}, "properties": {"building_id": 5371095, "facet_count": 1, "obstruction_count": 0, "panel_count": 3, "kwp": 1.32, "ac_kwh_day_avg": 4.2, "ac_kwh_year": 1526.0, "facet_area_m2": 16.8, "avg_poa_kwh_m2": 1386.0}}, {"type": "Feature", "geometry": {"type": "Polygon", "coordinates": [[[168.6583511030743, -45.02537675237448], [168.65840053248755, -45.02538867489815], [168.65836712139148, -45.02545833822024], [168.65831769192727, -45.02544641568016], [168.6583511030743, -45.02537675237448]]]}, "properties": {"building_id": 5371096, "facet_count": 1, "obstruction_count": 0, "panel_count": 6, "kwp": 2.64, "ac_kwh_day_avg": 7.7, "ac_kwh_year": 2805.0, "facet_area_m2": 29.2, "avg_poa_kwh_m2": 1274.0}}, {"type": "Feature", "geometry": {"type": "Polygon", "coordinates": [[[168.65829214683373, -45.02536138200606], [168.6583397740915, -45.02537321610899], [168.65830579841838, -45.02544198652467], [168.65825817237828, -45.02543015245395], [168.65829214683373, -45.02536138200606]]]}, "properties": {"building_id": 5371097, "facet_count": 1, "obstruction_count": 0, "panel_count": 6, "kwp": 2.64, "ac_kwh_day_avg": 8.0, "ac_kwh_year": 2932.0, "facet_area_m2": 28.5, "avg_poa_kwh_m2": 1331.0}}, {"type": "Feature", "geometry": {"type": "Polygon", "coordinates": [[[168.65864347677638, -45.02460482063342], [168.6586772404134, -45.0245835081795], [168.65871969819952, -45.02461733673423], [168.65864562968366, -45.0246640892517], [168.65854219879745, -45.024581676703534], [168.65858250238696, -45.02455623664002], [168.65864347677638, -45.02460482063342]]]}, "properties": {"building_id": 5371103, "facet_count": 3, "obstruction_count": 1, "panel_count": 6, "kwp": 2.64, "ac_kwh_day_avg": 7.5, "ac_kwh_year": 2749.0, "facet_area_m2": 50.6, "avg_poa_kwh_m2": 1259.0}}, {"type": "Feature", "geometry": {"type": "Polygon", "coordinates": [[[168.65685144770902, -45.027796266414775], [168.6568316747161, -45.027799191198405], [168.65686474668007, -45.02791164280787], [168.65676881903144, -45.02792582950703], [168.65670821899187, -45.02771977500143], [168.65682391926393, -45.0277026635604], [168.65685144770902, -45.027796266414775]]]}, "properties": {"building_id": 5371126, "facet_count": 3, "obstruction_count": 0, "panel_count": 3, "kwp": 1.32, "ac_kwh_day_avg": 3.6, "ac_kwh_year": 1298.0, "facet_area_m2": 31.0, "avg_poa_kwh_m2": 1216.0}}, {"type": "Feature", "geometry": {"type": "Polygon", "coordinates": [[[168.6600091681869, -45.02502125096882], [168.66001049320278, -45.02504975040472], [168.6599289795008, -45.025051656435316], [168.65992765442115, -45.02502315721938], [168.6600091681869, -45.02502125096882]]]}, "properties": {"building_id": 5373518, "facet_count": 1, "obstruction_count": 0, "panel_count": 2, "kwp": 0.88, "ac_kwh_day_avg": 3.3, "ac_kwh_year": 1189.0, "facet_area_m2": 13.5, "avg_poa_kwh_m2": 1620.0}}, {"type": "Feature", "geometry": {"type": "Polygon", "coordinates": [[[168.65975377794362, -45.024762136296076], [168.65967977920266, -45.02480383244602], [168.6596523631071, -45.024779361554266], [168.65972636217163, -45.02473766557332], [168.65975377794362, -45.024762136296076]]]}, "properties": {"building_id": 5373519, "facet_count": 1, "obstruction_count": 1, "panel_count": 2, "kwp": 0.88, "ac_kwh_day_avg": 2.7, "ac_kwh_year": 996.0, "facet_area_m2": 17.5, "avg_poa_kwh_m2": 1357.0}}, {"type": "Feature", "geometry": {"type": "Polygon", "coordinates": [[[168.66081903812824, -45.02682162955395], [168.66083062985922, -45.026785604262], [168.6608844234784, -45.02679430901327], [168.66087283156136, -45.02683033441764], [168.66081903812824, -45.02682162955395]]]}, "properties": {"building_id": 5373526, "facet_count": 1, "obstruction_count": 1, "panel_count": 2, "kwp": 0.88, "ac_kwh_day_avg": 2.6, "ac_kwh_year": 959.0, "facet_area_m2": 12.1, "avg_poa_kwh_m2": 1306.0}}, {"type": "Feature", "geometry": {"type": "Polygon", "coordinates": [[[168.6560027140176, -45.02848667845889], [168.65600805405455, -45.02847541084143], [168.6559331165244, -45.02845755241543], [168.65600094952057, -45.02831441563103], [168.65631496881556, -45.02838924981697], [168.65632133336464, -45.02844682996424], [168.656276151627, -45.028542170334454], [168.65628073421553, -45.02862336568161], [168.65619371834563, -45.02860292090756], [168.65615019025597, -45.028605611855916], [168.65615338476337, -45.02863428132437], [168.65614725573772, -45.02863420079033], [168.65614122004285, -45.02863344146844], [168.65613542461762, -45.02863202426162], [168.65613001425072, -45.02862998169323], [168.65612511831088, -45.02862736550329], [168.6561208589536, -45.02862423885935], [168.656117340791, -45.02862067866354], [168.6561146497621, -45.02861677370898], [168.656112852411, -45.02861261745087], [168.65611221232564, -45.0286048154149], [168.65610967343378, -45.02859721107514], [168.6561053123294, -45.02859003329807], [168.65609926218454, -45.0285835014038], [168.65609170610662, -45.02857781231016], [168.65608287214357, -45.028573139442315], [168.65601989030068, -45.02853403580543], [168.65601217433743, -45.02852561573763], [168.65600647700165, -45.02851642191849], [168.65600295008306, -45.028506695982756], [168.65600168458764, -45.02849669435229], [168.6560027140176, -45.02848667845889]]]}, "properties": {"building_id": 4733095, "facet_count": 7, "obstruction_count": 3, "panel_count": 180, "kwp": 79.2, "ac_kwh_day_avg": 245.1, "ac_kwh_year": 89461.0, "facet_area_m2": 569.5, "avg_poa_kwh_m2": 1331.0}}, {"type": "Feature", "geometry": {"type": "Polygon", "coordinates": [[[168.65706780801725, -45.024997644501425], [168.6571009377484, -45.025046254961566], [168.65712606836576, -45.025037640707716], [168.65716658825875, -45.02509709284487], [168.6570750498823, -45.02512846963399], [168.65707955086398, -45.025135072982394], [168.6568729211993, -45.025205900235825], [168.65684851458897, -45.02517008971672], [168.65679864028525, -45.02518718430752], [168.65670941197612, -45.02516509559295], [168.6565079502719, -45.02523415038214], [168.6565559463659, -45.02530457287783], [168.65646580957082, -45.02533546876932], [168.65639300177133, -45.02522863955945], [168.656407008479, -45.02522383877151], [168.65638579968808, -45.025192718475395], [168.65637850104977, -45.025123527174316], [168.6564773374348, -45.02492273774275], [168.65653564272262, -45.02493717145652], [168.6565393573433, -45.024929625375265], [168.656835642477, -45.025002973113374], [168.65696669330114, -45.024958052606806], [168.6569811270725, -45.02497923041182], [168.6570099587217, -45.02496934749816], [168.65703654847766, -45.025008360321806], [168.65706780801725, -45.024997644501425]], [[168.656979199972, -45.02503306849216], [168.6568463792373, -45.02507859581822], [168.65654178434374, -45.02500319049875], [168.6564585927391, -45.02517219899034], [168.65669351366026, -45.02509167521002], [168.65684751521846, -45.025129799623905], [168.65700770424576, -45.025074891746435], [168.656979199972, -45.02503306849216]]]}, "properties": {"building_id": 4733096, "facet_count": 10, "obstruction_count": 14, "panel_count": 197, "kwp": 86.68, "ac_kwh_day_avg": 218.2, "ac_kwh_year": 79647.0, "facet_area_m2": 700.5, "avg_poa_kwh_m2": 1112.0}}, {"type": "Feature", "geometry": {"type": "Polygon", "coordinates": [[[168.65974098484398, -45.02695290218637], [168.6596078535929, -45.02691882518712], [168.65960307865907, -45.02692820698973], [168.65952385448412, -45.02690792822729], [168.6595595038238, -45.026837886202884], [168.65977186031787, -45.026892241944445], [168.65974098484398, -45.02695290218637]]]}, "properties": {"building_id": 4734699, "facet_count": 6, "obstruction_count": 1, "panel_count": 13, "kwp": 5.72, "ac_kwh_day_avg": 14.2, "ac_kwh_year": 5174.0, "facet_area_m2": 75.2, "avg_poa_kwh_m2": 1130.0}}, {"type": "Feature", "geometry": {"type": "Polygon", "coordinates": [[[168.65964994512555, -45.026787118750974], [168.65978642446603, -45.026822289088116], [168.6597551114105, -45.02688339807111], [168.65955989599897, -45.02683309231963], [168.65960123193696, -45.02675242312474], [168.65965996781867, -45.026767558473146], [168.65964994512555, -45.026787118750974]]]}, "properties": {"building_id": 4734700, "facet_count": 6, "obstruction_count": 0, "panel_count": 11, "kwp": 4.84, "ac_kwh_day_avg": 10.0, "ac_kwh_year": 3651.0, "facet_area_m2": 67.8, "avg_poa_kwh_m2": 1030.0}}, {"type": "Feature", "geometry": {"type": "Polygon", "coordinates": [[[168.6597850054862, -45.026086653536154], [168.65979427462707, -45.02606822489839], [168.65983766031437, -45.0260486926711], [168.6598993431561, -45.026064295679525], [168.65987303776436, -45.026116593462845], [168.66000209683958, -45.026149240438656], [168.6599799187287, -45.0261933326215], [168.65990007483748, -45.026173135847166], [168.65988685038985, -45.02619942738823], [168.6598373074521, -45.026186895361825], [168.65985037502895, -45.02616091562072], [168.65978860992212, -45.02614529144966], [168.6597734681829, -45.026109589481194], [168.6597850054862, -45.026086653536154]]]}, "properties": {"building_id": 4734788, "facet_count": 6, "obstruction_count": 1, "panel_count": 12, "kwp": 5.28, "ac_kwh_day_avg": 15.8, "ac_kwh_year": 5780.0, "facet_area_m2": 84.8, "avg_poa_kwh_m2": 1301.0}}, {"type": "Feature", "geometry": {"type": "Polygon", "coordinates": [[[168.6575276672885, -45.026983218073674], [168.65752684127946, -45.02692446359207], [168.65762090119554, -45.026923797973495], [168.6576217285669, -45.02698255250631], [168.6575276672885, -45.026983218073674]]]}, "properties": {"building_id": 4734789, "facet_count": 2, "obstruction_count": 2, "panel_count": 6, "kwp": 2.64, "ac_kwh_day_avg": 7.8, "ac_kwh_year": 2857.0, "facet_area_m2": 28.3, "avg_poa_kwh_m2": 1294.0}}, {"type": "Feature", "geometry": {"type": "Polygon", "coordinates": [[[168.65736342515157, -45.024764912365335], [168.65739637479786, -45.024713516423226], [168.65744468256347, -45.02472909281394], [168.65741173421512, -45.02478048881945], [168.65736342515157, -45.024764912365335]]]}, "properties": {"building_id": 4734796, "facet_count": 1, "obstruction_count": 0, "panel_count": 1, "kwp": 0.44, "ac_kwh_day_avg": 1.1, "ac_kwh_year": 393.0, "facet_area_m2": 9.0, "avg_poa_kwh_m2": 1071.0}}, {"type": "Feature", "geometry": {"type": "Polygon", "coordinates": [[[168.66083792056875, -45.0273394778855], [168.6608712752049, -45.02736505182727], [168.66078312903235, -45.027422863389546], [168.66074977567155, -45.02739728947054], [168.66083792056875, -45.0273394778855]]]}, "properties": {"building_id": 4734834, "facet_count": 1, "obstruction_count": 1, "panel_count": 1, "kwp": 0.44, "ac_kwh_day_avg": 1.3, "ac_kwh_year": 479.0, "facet_area_m2": 13.5, "avg_poa_kwh_m2": 1306.0}}, {"type": "Feature", "geometry": {"type": "Polygon", "coordinates": [[[168.66106762924056, -45.02728753833925], [168.6610680843068, -45.027237201718336], [168.66113811038997, -45.02723752043932], [168.66113822645102, -45.02722463323226], [168.66120519939125, -45.027224938317715], [168.6612037543894, -45.027384805716736], [168.6610956402998, -45.027384313704054], [168.66109651449216, -45.0272876701465], [168.66106762924056, -45.02728753833925]]]}, "properties": {"building_id": 4734835, "facet_count": 3, "obstruction_count": 2, "panel_count": 42, "kwp": 18.48, "ac_kwh_day_avg": 54.3, "ac_kwh_year": 19808.0, "facet_area_m2": 141.1, "avg_poa_kwh_m2": 1288.0}}, {"type": "Feature", "geometry": {"type": "Polygon", "coordinates": [[[168.6613186351395, -45.027031844321506], [168.6613320257934, -45.02697666733446], [168.66139070454423, -45.026983828427696], [168.66137731394414, -45.027039005423696], [168.6613186351395, -45.027031844321506]]]}, "properties": {"building_id": 4734836, "facet_count": 1, "obstruction_count": 0, "panel_count": 5, "kwp": 2.2, "ac_kwh_day_avg": 5.7, "ac_kwh_year": 2079.0, "facet_area_m2": 19.9, "avg_poa_kwh_m2": 1133.0}}, {"type": "Feature", "geometry": {"type": "Polygon", "coordinates": [[[168.66122783955922, -45.02666733733306], [168.66118719089368, -45.02666445240862], [168.66119510662983, -45.02660836162268], [168.66123575496633, -45.02661124643648], [168.66122783955922, -45.02666733733306]]]}, "properties": {"building_id": 4734839, "facet_count": 1, "obstruction_count": 1, "panel_count": 3, "kwp": 1.32, "ac_kwh_day_avg": 4.0, "ac_kwh_year": 1451.0, "facet_area_m2": 15.6, "avg_poa_kwh_m2": 1317.0}}, {"type": "Feature", "geometry": {"type": "Polygon", "coordinates": [[[168.66039087434007, -45.027413549564564], [168.66037130622522, -45.02746311982133], [168.6602372577666, -45.027436509927924], [168.6602862704331, -45.02731234750306], [168.66038795556233, -45.027332532944065], [168.6603585112322, -45.02740712516982], [168.66039087434007, -45.027413549564564]]]}, "properties": {"building_id": 4734843, "facet_count": 3, "obstruction_count": 5, "panel_count": 32, "kwp": 14.08, "ac_kwh_day_avg": 38.8, "ac_kwh_year": 14169.0, "facet_area_m2": 120.8, "avg_poa_kwh_m2": 1209.0}}, {"type": "Feature", "geometry": {"type": "Polygon", "coordinates": [[[168.66047792696952, -45.02713331997234], [168.66046324251374, -45.02719174229919], [168.66049988449413, -45.027196374347454], [168.6604854889492, -45.02725364643028], [168.66028184922598, -45.02722790516696], [168.66029714546923, -45.02716705493737], [168.66036859115206, -45.02717608620961], [168.66038237646526, -45.027121242127265], [168.66047792696952, -45.02713331997234]]]}, "properties": {"building_id": 4734846, "facet_count": 7, "obstruction_count": 1, "panel_count": 16, "kwp": 7.04, "ac_kwh_day_avg": 20.8, "ac_kwh_year": 7599.0, "facet_area_m2": 80.0, "avg_poa_kwh_m2": 1280.0}}, {"type": "Feature", "geometry": {"type": "Polygon", "coordinates": [[[168.6606920549978, -45.026892655458354], [168.66068854097227, -45.02690786992997], [168.66064148470383, -45.026902404892255], [168.66063893705527, -45.026913438759536], [168.66053507240926, -45.026901377604055], [168.6605594409368, -45.0267958505983], [168.6607758043735, -45.026820977493585], [168.66075749793166, -45.026900255317564], [168.6606920549978, -45.026892655458354]]]}, "properties": {"building_id": 4734848, "facet_count": 3, "obstruction_count": 5, "panel_count": 50, "kwp": 22.0, "ac_kwh_day_avg": 65.6, "ac_kwh_year": 23955.0, "facet_area_m2": 170.9, "avg_poa_kwh_m2": 1300.0}}, {"type": "Feature", "geometry": {"type": "Polygon", "coordinates": [[[168.66059231422298, -45.026728120477635], [168.6606221632492, -45.026635243625066], [168.6608101223265, -45.026665621068574], [168.66078027484755, -45.026758498029196], [168.66059231422298, -45.026728120477635]]]}, "properties": {"building_id": 4734849, "facet_count": 2, "obstruction_count": 2, "panel_count": 44, "kwp": 19.36, "ac_kwh_day_avg": 57.7, "ac_kwh_year": 21073.0, "facet_area_m2": 149.3, "avg_poa_kwh_m2": 1303.0}}, {"type": "Feature", "geometry": {"type": "Polygon", "coordinates": [[[168.66069741584388, -45.02649795415039], [168.66073516163806, -45.02639809714272], [168.6608215911467, -45.026414527375856], [168.66078384422235, -45.026514384369094], [168.66069741584388, -45.02649795415039]]]}, "properties": {"building_id": 4734850, "facet_count": 1, "obstruction_count": 2, "panel_count": 21, "kwp": 9.24, "ac_kwh_day_avg": 27.2, "ac_kwh_year": 9929.0, "facet_area_m2": 71.4, "avg_poa_kwh_m2": 1288.0}}, {"type": "Feature", "geometry": {"type": "Polygon", "coordinates": [[[168.6614001196558, -45.02639660646843], [168.66129036242697, -45.02639032688913], [168.661302091546, -45.026287229841365], [168.66122668604197, -45.02628291576008], [168.66123199026006, -45.02623628075419], [168.66137412699004, -45.02624441306245], [168.6614408022789, -45.02627929559329], [168.66141010866247, -45.02630880042446], [168.6614001196558, -45.02639660646843]]]}, "properties": {"building_id": 4734852, "facet_count": 4, "obstruction_count": 3, "panel_count": 40, "kwp": 17.6, "ac_kwh_day_avg": 51.8, "ac_kwh_year": 18923.0, "facet_area_m2": 148.1, "avg_poa_kwh_m2": 1292.0}}, {"type": "Feature", "geometry": {"type": "Polygon", "coordinates": [[[168.66130688892196, -45.02552603323822], [168.66103521474383, -45.025666578531634], [168.66094871583738, -45.0255824875094], [168.66122038979776, -45.0254419424138], [168.66130688892196, -45.02552603323822]]]}, "properties": {"building_id": 4734853, "facet_count": 2, "obstruction_count": 6, "panel_count": 70, "kwp": 30.8, "ac_kwh_day_avg": 89.3, "ac_kwh_year": 32582.0, "facet_area_m2": 263.1, "avg_poa_kwh_m2": 1273.0}}, {"type": "Feature", "geometry": {"type": "Polygon", "coordinates": [[[168.66002433408283, -45.02673422600818], [168.65993600814528, -45.026712326321416], [168.6599584254102, -45.0266668560613], [168.66001357679855, -45.026680529668106], [168.66003446281135, -45.02663816526058], [168.6600702875641, -45.026647047637695], [168.66008750823275, -45.02661211876842], [168.66018211642083, -45.026635575398814], [168.66016337365053, -45.02667359159649], [168.6601456518553, -45.026669198188614], [168.6601125362217, -45.02673636713671], [168.660124972511, -45.02673945027902], [168.6601098618843, -45.02677009896827], [168.6600178900121, -45.026747296270585], [168.66002433408283, -45.02673422600818]]]}, "properties": {"building_id": 4734854, "facet_count": 8, "obstruction_count": 1, "panel_count": 20, "kwp": 8.8, "ac_kwh_day_avg": 26.3, "ac_kwh_year": 9590.0, "facet_area_m2": 116.6, "avg_poa_kwh_m2": 1308.0}}, {"type": "Feature", "geometry": {"type": "Polygon", "coordinates": [[[168.6599526425416, -45.026830657755184], [168.65999116898143, -45.02679426623052], [168.66005407521115, -45.02682775750542], [168.66006616463937, -45.02680358228817], [168.66015689164823, -45.02682639786375], [168.6600982749555, -45.02694361958909], [168.65996977278706, -45.026911305394684], [168.65997722515726, -45.026904266092515], [168.65987589718415, -45.026850319642016], [168.659916873603, -45.02681161431774], [168.6599526425416, -45.026830657755184]]]}, "properties": {"building_id": 4734855, "facet_count": 3, "obstruction_count": 5, "panel_count": 48, "kwp": 21.12, "ac_kwh_day_avg": 58.8, "ac_kwh_year": 21450.0, "facet_area_m2": 181.4, "avg_poa_kwh_m2": 1231.0}}, {"type": "Feature", "geometry": {"type": "Polygon", "coordinates": [[[168.6593496989451, -45.02616943097158], [168.6593652181893, -45.02614006090925], [168.65932973485832, -45.02613063139232], [168.65936533684425, -45.02606325578578], [168.6594721439163, -45.0260916388844], [168.65942102408482, -45.02618838464956], [168.6593496989451, -45.02616943097158]]]}, "properties": {"building_id": 4734865, "facet_count": 4, "obstruction_count": 2, "panel_count": 8, "kwp": 3.52, "ac_kwh_day_avg": 8.7, "ac_kwh_year": 3193.0, "facet_area_m2": 65.0, "avg_poa_kwh_m2": 1170.0}}, {"type": "Feature", "geometry": {"type": "Polygon", "coordinates": [[[168.65843934052234, -45.026527196078625], [168.6583724272726, -45.02651029212565], [168.65841537098598, -45.026424804666505], [168.65848228288658, -45.02644170854292], [168.65843934052234, -45.026527196078625]]]}, "properties": {"building_id": 4734867, "facet_count": 1, "obstruction_count": 0, "panel_count": 16, "kwp": 7.04, "ac_kwh_day_avg": 21.0, "ac_kwh_year": 7672.0, "facet_area_m2": 50.7, "avg_poa_kwh_m2": 1306.0}}, {"type": "Feature", "geometry": {"type": "Polygon", "coordinates": [[[168.65842261400743, -45.026372210562066], [168.6584138966708, -45.026389095574025], [168.65834868166397, -45.02637216267028], [168.65842710548569, -45.02622027017148], [168.65853403163655, -45.02624803395559], [168.65846432537575, -45.02638304152127], [168.65842261400743, -45.026372210562066]]]}, "properties": {"building_id": 4734870, "facet_count": 2, "obstruction_count": 5, "panel_count": 31, "kwp": 13.64, "ac_kwh_day_avg": 39.4, "ac_kwh_year": 14394.0, "facet_area_m2": 135.4, "avg_poa_kwh_m2": 1268.0}}, {"type": "Feature", "geometry": {"type": "Polygon", "coordinates": [[[168.65824594876577, -45.02612466803654], [168.6583419978122, -45.02614756625321], [168.6583056886806, -45.02622416135923], [168.65820963952487, -45.02620126310783], [168.65824594876577, -45.02612466803654]]]}, "properties": {"building_id": 4734871, "facet_count": 1, "obstruction_count": 2, "panel_count": 21, "kwp": 9.24, "ac_kwh_day_avg": 27.8, "ac_kwh_year": 10153.0, "facet_area_m2": 65.9, "avg_poa_kwh_m2": 1317.0}}, {"type": "Feature", "geometry": {"type": "Polygon", "coordinates": [[[168.65811675104356, -45.02638966892212], [168.65815086690208, -45.026318874878505], [168.65820400985433, -45.02633175451019], [168.65816989405144, -45.02640254857182], [168.65811675104356, -45.02638966892212]]]}, "properties": {"building_id": 4734876, "facet_count": 1, "obstruction_count": 1, "panel_count": 7, "kwp": 3.08, "ac_kwh_day_avg": 9.0, "ac_kwh_year": 3273.0, "facet_area_m2": 31.9, "avg_poa_kwh_m2": 1274.0}}, {"type": "Feature", "geometry": {"type": "Polygon", "coordinates": [[[168.6582634618412, -45.02633175955303], [168.65815942687115, -45.02630567737339], [168.6581765816283, -45.02627126389167], [168.658280616546, -45.02629734605369], [168.6582634618412, -45.02633175955303]]]}, "properties": {"building_id": 4734877, "facet_count": 1, "obstruction_count": 1, "panel_count": 5, "kwp": 2.2, "ac_kwh_day_avg": 6.9, "ac_kwh_year": 2536.0, "facet_area_m2": 30.4, "avg_poa_kwh_m2": 1382.0}}, {"type": "Feature", "geometry": {"type": "Polygon", "coordinates": [[[168.65803048229373, -45.026169750225776], [168.65814168377705, -45.02619606769374], [168.65810050657717, -45.026283569451], [168.65798930494893, -45.026257251937395], [168.65803048229373, -45.026169750225776]]]}, "properties": {"building_id": 4734879, "facet_count": 1, "obstruction_count": 3, "panel_count": 25, "kwp": 11.0, "ac_kwh_day_avg": 33.5, "ac_kwh_year": 12217.0, "facet_area_m2": 87.4, "avg_poa_kwh_m2": 1331.0}}, {"type": "Feature", "geometry": {"type": "Polygon", "coordinates": [[[168.6576469778211, -45.026129950315195], [168.6578910974561, -45.026190234789496], [168.65785616560584, -45.026261374851785], [168.65761204571567, -45.026201090293036], [168.6576469778211, -45.026129950315195]]]}, "properties": {"building_id": 4734880, "facet_count": 2, "obstruction_count": 5, "panel_count": 38, "kwp": 16.72, "ac_kwh_day_avg": 46.8, "ac_kwh_year": 17077.0, "facet_area_m2": 145.2, "avg_poa_kwh_m2": 1254.0}}, {"type": "Feature", "geometry": {"type": "Polygon", "coordinates": [[[168.65789388410886, -45.02605567516502], [168.65799938764903, -45.02607945503055], [168.65798088926417, -45.026120730766266], [168.65787538439253, -45.02609695083291], [168.65789388410886, -45.02605567516502]]]}, "properties": {"building_id": 4734881, "facet_count": 1, "obstruction_count": 1, "panel_count": 8, "kwp": 3.52, "ac_kwh_day_avg": 11.7, "ac_kwh_year": 4256.0, "facet_area_m2": 34.0, "avg_poa_kwh_m2": 1450.0}}, {"type": "Feature", "geometry": {"type": "Polygon", "coordinates": [[[168.65729772722648, -45.02630834058531], [168.65727860353712, -45.026345764773716], [168.65728794947557, -45.026348166970514], [168.65726673799503, -45.026389674995954], [168.6572163424513, -45.0263767240617], [168.65720692373796, -45.02639515489191], [168.65710994403065, -45.02637023263729], [168.65711924215836, -45.02635203667141], [168.65706753557473, -45.026338748560114], [168.65708827341118, -45.02629816592535], [168.65711840557438, -45.02630590965122], [168.6571261315756, -45.02629078824988], [168.6571462155791, -45.02629594907126], [168.65716754344348, -45.02625421235289], [168.65726334626194, -45.026278833166685], [168.65725400943617, -45.02629710508647], [168.65729772722648, -45.02630834058531]]]}, "properties": {"building_id": 4734884, "facet_count": 4, "obstruction_count": 0, "panel_count": 23, "kwp": 10.12, "ac_kwh_day_avg": 30.2, "ac_kwh_year": 11028.0, "facet_area_m2": 129.5, "avg_poa_kwh_m2": 1278.0}}, {"type": "Feature", "geometry": {"type": "Polygon", "coordinates": [[[168.6575303381807, -45.02598866892316], [168.65758691125646, -45.026002309651595], [168.65759101035692, -45.02599375916804], [168.65764823789127, -45.02600755802605], [168.65755742270593, -45.02619697766586], [168.6574436217838, -45.026169537979], [168.6575303381807, -45.02598866892316]]]}, "properties": {"building_id": 4734885, "facet_count": 1, "obstruction_count": 4, "panel_count": 66, "kwp": 29.04, "ac_kwh_day_avg": 86.7, "ac_kwh_year": 31645.0, "facet_area_m2": 196.5, "avg_poa_kwh_m2": 1306.0}}, {"type": "Feature", "geometry": {"type": "Polygon", "coordinates": [[[168.65700948018488, -45.02622376617947], [168.65699281666517, -45.02625624388842], [168.65703163555966, -45.026266260319304], [168.65700926497095, -45.02630986298659], [168.65688330739823, -45.02627736228888], [168.65692234162705, -45.02620128195466], [168.65700948018488, -45.02622376617947]]]}, "properties": {"building_id": 4734886, "facet_count": 3, "obstruction_count": 2, "panel_count": 17, "kwp": 7.48, "ac_kwh_day_avg": 21.8, "ac_kwh_year": 7972.0, "facet_area_m2": 75.1, "avg_poa_kwh_m2": 1272.0}}, {"type": "Feature", "geometry": {"type": "Polygon", "coordinates": [[[168.65656843713398, -45.026118171003596], [168.65664042723012, -45.026135489114694], [168.6565855152722, -45.026250288257046], [168.65651352505364, -45.026232970106626], [168.65656843713398, -45.026118171003596]]]}, "properties": {"building_id": 4734887, "facet_count": 2, "obstruction_count": 2, "panel_count": 20, "kwp": 8.8, "ac_kwh_day_avg": 26.4, "ac_kwh_year": 9653.0, "facet_area_m2": 74.2, "avg_poa_kwh_m2": 1314.0}}, {"type": "Feature", "geometry": {"type": "Polygon", "coordinates": [[[168.65720941400735, -45.025854729570064], [168.65724877340935, -45.02587084931105], [168.65717631036554, -45.0259598263817], [168.65713873703913, -45.025944433317065], [168.6571325188121, -45.0259520584822], [168.6570232910946, -45.02590721162821], [168.65700786157657, -45.02592610045767], [168.657041317523, -45.025939852559155], [168.65700494069588, -45.02598433802721], [168.65691971408037, -45.02594927963572], [168.6569585357105, -45.02590182890247], [168.65697111052046, -45.02590700996814], [168.6569828491089, -45.02589270098823], [168.65696687461144, -45.02588610347034], [168.6570080309938, -45.02583603729155], [168.65705562519798, -45.02585571910007], [168.65708570966802, -45.025819140612136], [168.65712958766886, -45.025837293718986], [168.65715852439857, -45.02580212370237], [168.6572287788289, -45.02583119674412], [168.65720941400735, -45.025854729570064]]]}, "properties": {"building_id": 4734889, "facet_count": 7, "obstruction_count": 0, "panel_count": 18, "kwp": 7.92, "ac_kwh_day_avg": 23.7, "ac_kwh_year": 8659.0, "facet_area_m2": 137.6, "avg_poa_kwh_m2": 1300.0}}, {"type": "Feature", "geometry": {"type": "Polygon", "coordinates": [[[168.65884851814425, -45.02585328564353], [168.65880021757255, -45.02595090906408], [168.65872842330572, -45.02593304436291], [168.65871766969275, -45.02595477858785], [168.6586579816807, -45.025939926955715], [168.6587011417021, -45.025852694052475], [168.6587453183323, -45.02586368631464], [168.65876121268192, -45.02583156163461], [168.65884851814425, -45.02585328564353]]]}, "properties": {"building_id": 4734893, "facet_count": 4, "obstruction_count": 1, "panel_count": 13, "kwp": 5.72, "ac_kwh_day_avg": 15.5, "ac_kwh_year": 5671.0, "facet_area_m2": 87.3, "avg_poa_kwh_m2": 1203.0}}, {"type": "Feature", "geometry": {"type": "Polygon", "coordinates": [[[168.65785459940253, -45.025748848520095], [168.65789261363395, -45.025658442973175], [168.65795329690735, -45.02567127598488], [168.65796241294137, -45.025649596477436], [168.65805959338476, -45.02567014802598], [168.6579997664676, -45.025812426188516], [168.6578965876667, -45.02579060637458], [168.65790928342, -45.02576041240384], [168.65785459940253, -45.025748848520095]]]}, "properties": {"building_id": 4734896, "facet_count": 3, "obstruction_count": 6, "panel_count": 43, "kwp": 18.92, "ac_kwh_day_avg": 56.1, "ac_kwh_year": 20492.0, "facet_area_m2": 166.2, "avg_poa_kwh_m2": 1284.0}}, {"type": "Feature", "geometry": {"type": "Polygon", "coordinates": [[[168.6582798714225, -45.025602790200416], [168.65826183502497, -45.02563835656897], [168.65816008122587, -45.025612406286875], [168.65817811641026, -45.02557683988821], [168.6582798714225, -45.025602790200416]]]}, "properties": {"building_id": 4734897, "facet_count": 1, "obstruction_count": 0, "panel_count": 7, "kwp": 3.08, "ac_kwh_day_avg": 8.6, "ac_kwh_year": 3141.0, "facet_area_m2": 30.5, "avg_poa_kwh_m2": 1222.0}}, {"type": "Feature", "geometry": {"type": "Polygon", "coordinates": [[[168.6577574742697, -45.025447134337234], [168.65767288141302, -45.02557658007653], [168.6576459559115, -45.02556773079572], [168.65761114264072, -45.02562100202311], [168.65750782383287, -45.02558704465604], [168.65759968068423, -45.025446483855966], [168.65761674628794, -45.02545209222601], [168.6576442945764, -45.02540993614576], [168.6577574742697, -45.025447134337234]]]}, "properties": {"building_id": 4734899, "facet_count": 6, "obstruction_count": 1, "panel_count": 26, "kwp": 11.44, "ac_kwh_day_avg": 33.1, "ac_kwh_year": 12088.0, "facet_area_m2": 175.7, "avg_poa_kwh_m2": 1263.0}}, {"type": "Feature", "geometry": {"type": "Polygon", "coordinates": [[[168.6579709512926, -45.02549899130085], [168.65802478068983, -45.02551231665428], [168.65803725802257, -45.02548696547462], [168.658138918596, -45.02551213185097], [168.65806792485319, -45.02565636300077], [168.6579661519186, -45.02563116887615], [168.6579828717176, -45.02559720065111], [168.65792915566485, -45.02558390300043], [168.6579709512926, -45.02549899130085]]]}, "properties": {"building_id": 4734908, "facet_count": 3, "obstruction_count": 4, "panel_count": 48, "kwp": 21.12, "ac_kwh_day_avg": 62.0, "ac_kwh_year": 22624.0, "facet_area_m2": 173.7, "avg_poa_kwh_m2": 1283.0}}, {"type": "Feature", "geometry": {"type": "Polygon", "coordinates": [[[168.65975625694531, -45.0265616587616], [168.65992631008336, -45.02656972879915], [168.6599191314778, -45.02664581771775], [168.6597490768507, -45.02663774761282], [168.65975625694531, -45.0265616587616]]]}, "properties": {"building_id": 4734909, "facet_count": 2, "obstruction_count": 1, "panel_count": 33, "kwp": 14.52, "ac_kwh_day_avg": 41.8, "ac_kwh_year": 15246.0, "facet_area_m2": 101.3, "avg_poa_kwh_m2": 1240.0}}, {"type": "Feature", "geometry": {"type": "Polygon", "coordinates": [[[168.65772191638254, -45.02562364030381], [168.65784218978806, -45.02564872112088], [168.6577992770051, -45.025752215154476], [168.65767900340785, -45.025727134284885], [168.65772191638254, -45.02562364030381]]]}, "properties": {"building_id": 4734910, "facet_count": 2, "obstruction_count": 3, "panel_count": 23, "kwp": 10.12, "ac_kwh_day_avg": 29.8, "ac_kwh_year": 10890.0, "facet_area_m2": 91.4, "avg_poa_kwh_m2": 1285.0}}, {"type": "Feature", "geometry": {"type": "Polygon", "coordinates": [[[168.659693716981, -45.026596097926216], [168.65966517615013, -45.02665033506841], [168.65962240951146, -45.026639017873975], [168.65965095164128, -45.02658478079194], [168.659693716981, -45.026596097926216]]]}, "properties": {"building_id": 4734911, "facet_count": 1, "obstruction_count": 1, "panel_count": 1, "kwp": 0.44, "ac_kwh_day_avg": 1.2, "ac_kwh_year": 423.0, "facet_area_m2": 11.4, "avg_poa_kwh_m2": 1153.0}}, {"type": "Feature", "geometry": {"type": "Polygon", "coordinates": [[[168.657355547767, -45.02538630266727], [168.65731051339824, -45.025329686142456], [168.6574013174253, -45.0252933607465], [168.6573936716296, -45.025283748890985], [168.65748453052896, -45.02524740121374], [168.65752787406478, -45.025301891819666], [168.65743831757925, -45.025337718428695], [168.6574476543389, -45.02534945613756], [168.657355547767, -45.02538630266727]]]}, "properties": {"building_id": 4734945, "facet_count": 3, "obstruction_count": 2, "panel_count": 8, "kwp": 3.52, "ac_kwh_day_avg": 8.6, "ac_kwh_year": 3146.0, "facet_area_m2": 55.9, "avg_poa_kwh_m2": 1234.0}}, {"type": "Feature", "geometry": {"type": "Polygon", "coordinates": [[[168.65806651272973, -45.02511844274523], [168.65829191794978, -45.02517913514075], [168.65824694802816, -45.02526313028393], [168.65802154253862, -45.02520243778929], [168.65806651272973, -45.02511844274523]]]}, "properties": {"building_id": 4734947, "facet_count": 2, "obstruction_count": 6, "panel_count": 49, "kwp": 21.56, "ac_kwh_day_avg": 60.6, "ac_kwh_year": 22124.0, "facet_area_m2": 177.3, "avg_poa_kwh_m2": 1246.0}}, {"type": "Feature", "geometry": {"type": "Polygon", "coordinates": [[[168.6601171139888, -45.02551296129924], [168.66007729168126, -45.025590074954465], [168.6599701635084, -45.025562252719176], [168.65996714258907, -45.02556810236028], [168.65985729820756, -45.02553957437235], [168.6598527482738, -45.02554838413062], [168.65970785950628, -45.02551075391196], [168.6597471081856, -45.02543475098347], [168.65989186114277, -45.02547234537481], [168.65989713845045, -45.02546212660601], [168.6600033289516, -45.02548970616546], [168.66000619526076, -45.02548415490102], [168.6601171139888, -45.02551296129924]]]}, "properties": {"building_id": 4734951, "facet_count": 8, "obstruction_count": 4, "panel_count": 39, "kwp": 17.16, "ac_kwh_day_avg": 51.1, "ac_kwh_year": 18666.0, "facet_area_m2": 185.6, "avg_poa_kwh_m2": 1300.0}}, {"type": "Feature", "geometry": {"type": "Polygon", "coordinates": [[[168.65810522899156, -45.025461848520024], [168.65797464893794, -45.025443702928655], [168.65798443455793, -45.025408288614614], [168.65795360155064, -45.0254040039584], [168.6579742642999, -45.02532922186577], [168.65818576663133, -45.02535861186959], [168.65816500941676, -45.025433739676146], [168.65811491861254, -45.02542677891179], [168.65810522899156, -45.025461848520024]]]}, "properties": {"building_id": 4734957, "facet_count": 3, "obstruction_count": 5, "panel_count": 47, "kwp": 20.68, "ac_kwh_day_avg": 54.5, "ac_kwh_year": 19876.0, "facet_area_m2": 161.5, "avg_poa_kwh_m2": 1171.0}}, {"type": "Feature", "geometry": {"type": "Polygon", "coordinates": [[[168.6587382611713, -45.02479788016191], [168.65875096400129, -45.024791218242754], [168.65874301039395, -45.024783590476865], [168.65884934120106, -45.02472782692757], [168.65895069962735, -45.02482502871371], [168.6587326827959, -45.02493936488279], [168.658679602596, -45.02488846024231], [168.6587785843033, -45.02483655053622], [168.6587382611713, -45.02479788016191]]]}, "properties": {"building_id": 4734960, "facet_count": 4, "obstruction_count": 9, "panel_count": 47, "kwp": 20.68, "ac_kwh_day_avg": 61.8, "ac_kwh_year": 22539.0, "facet_area_m2": 211.3, "avg_poa_kwh_m2": 1277.0}}, {"type": "Feature", "geometry": {"type": "Polygon", "coordinates": [[[168.6592398122706, -45.02501774673532], [168.65910979865887, -45.025090782702655], [168.6590207084276, -45.025011022261396], [168.6591507219566, -45.02493798639248], [168.6592398122706, -45.02501774673532]]]}, "properties": {"building_id": 4734968, "facet_count": 4, "obstruction_count": 3, "panel_count": 19, "kwp": 8.36, "ac_kwh_day_avg": 22.5, "ac_kwh_year": 8197.0, "facet_area_m2": 120.2, "avg_poa_kwh_m2": 1233.0}}, {"type": "Feature", "geometry": {"type": "Polygon", "coordinates": [[[168.66058543573004, -45.02534896519348], [168.66065378054572, -45.02536142599494], [168.66064855749553, -45.02537583353269], [168.66073522946527, -45.02539163568113], [168.66070110170241, -45.02548577587784], [168.6606268382251, -45.02547223608021], [168.66063956568266, -45.02543712792865], [168.6605697604622, -45.02542440095761], [168.6605787804359, -45.025399519705246], [168.66056783248408, -45.02539752367353], [168.66058543573004, -45.02534896519348]]]}, "properties": {"building_id": 4735007, "facet_count": 6, "obstruction_count": 2, "panel_count": 5, "kwp": 2.2, "ac_kwh_day_avg": 6.3, "ac_kwh_year": 2289.0, "facet_area_m2": 43.0, "avg_poa_kwh_m2": 1218.0}}, {"type": "Feature", "geometry": {"type": "Polygon", "coordinates": [[[168.66122586540712, -45.025125833830245], [168.66122851182035, -45.02510998678878], [168.66111278635626, -45.02510026528454], [168.66112543278905, -45.02502455994901], [168.6614368123798, -45.0250507178401], [168.66142152125278, -45.02514227032151], [168.66122586540712, -45.025125833830245]]]}, "properties": {"building_id": 4735008, "facet_count": 1, "obstruction_count": 0, "panel_count": 52, "kwp": 22.88, "ac_kwh_day_avg": 68.3, "ac_kwh_year": 24933.0, "facet_area_m2": 183.7, "avg_poa_kwh_m2": 1306.0}}, {"type": "Feature", "geometry": {"type": "Polygon", "coordinates": [[[168.6577028493829, -45.02536844903509], [168.65772386968283, -45.025326572665854], [168.65769866746976, -45.02532021145737], [168.6577302015555, -45.025257390290015], [168.6579201081436, -45.0253053311089], [168.65788559475368, -45.025374089017916], [168.65784335741347, -45.02536342594893], [168.65782531667014, -45.02539936566228], [168.6577028493829, -45.02536844903509]]]}, "properties": {"building_id": 4735029, "facet_count": 3, "obstruction_count": 7, "panel_count": 35, "kwp": 15.4, "ac_kwh_day_avg": 43.1, "ac_kwh_year": 15724.0, "facet_area_m2": 143.1, "avg_poa_kwh_m2": 1233.0}}, {"type": "Feature", "geometry": {"type": "Polygon", "coordinates": [[[168.6567218229963, -45.02527629776077], [168.65688168357434, -45.02533571213515], [168.6568418784515, -45.02538957585461], [168.65681157076403, -45.02537831164001], [168.65677548955364, -45.025384861016235], [168.6567317156107, -45.02544409478976], [168.65671897055833, -45.02543935802437], [168.6566820910704, -45.02548926221831], [168.65658979221368, -45.02545495822748], [168.6567218229963, -45.02527629776077]]]}, "properties": {"building_id": 4735037, "facet_count": 9, "obstruction_count": 3, "panel_count": 35, "kwp": 15.4, "ac_kwh_day_avg": 46.1, "ac_kwh_year": 16809.0, "facet_area_m2": 174.4, "avg_poa_kwh_m2": 1279.0}}, {"type": "Feature", "geometry": {"type": "Polygon", "coordinates": [[[168.66059914784879, -45.02524727404966], [168.6606314310044, -45.02529612330689], [168.66050986102678, -45.02533652970872], [168.66044661855082, -45.02524083429189], [168.66053626642014, -45.02521103776204], [168.66056722610364, -45.02525788406619], [168.66059914784879, -45.02524727404966]]]}, "properties": {"building_id": 4735048, "facet_count": 4, "obstruction_count": 1, "panel_count": 3, "kwp": 1.32, "ac_kwh_day_avg": 3.5, "ac_kwh_year": 1285.0, "facet_area_m2": 41.4, "avg_poa_kwh_m2": 1236.0}}, {"type": "Feature", "geometry": {"type": "Polygon", "coordinates": [[[168.6575776437578, -45.02518613385457], [168.6576305376971, -45.025225629201536], [168.65759494038863, -45.02524960536691], [168.65754204645427, -45.025210110003634], [168.6575776437578, -45.02518613385457]]]}, "properties": {"building_id": 4735056, "facet_count": 1, "obstruction_count": 0, "panel_count": 1, "kwp": 0.44, "ac_kwh_day_avg": 1.1, "ac_kwh_year": 386.0, "facet_area_m2": 5.9, "avg_poa_kwh_m2": 1051.0}}, {"type": "Feature", "geometry": {"type": "Polygon", "coordinates": [[[168.65822927324726, -45.02547803285105], [168.65824580183772, -45.02544507811971], [168.65834387967905, -45.025469817085515], [168.6583273511357, -45.02550277183285], [168.65822927324726, -45.02547803285105]]]}, "properties": {"building_id": 4735068, "facet_count": 1, "obstruction_count": 0, "panel_count": 6, "kwp": 2.64, "ac_kwh_day_avg": 8.3, "ac_kwh_year": 3044.0, "facet_area_m2": 27.4, "avg_poa_kwh_m2": 1382.0}}, {"type": "Feature", "geometry": {"type": "Polygon", "coordinates": [[[168.656960412659, -45.024707693592624], [168.65698505899613, -45.02468055480284], [168.65697991710311, -45.02467820653655], [168.65704996831704, -45.024601075449795], [168.6570718301014, -45.024611061525675], [168.657134938903, -45.0245415740522], [168.65723247972576, -45.024586127416164], [168.65715816622378, -45.02466795185237], [168.65714158124175, -45.02466037590435], [168.65708342860447, -45.02472440711681], [168.65705864439357, -45.02471308543903], [168.65703330299857, -45.0247409881299], [168.656960412659, -45.024707693592624]]]}, "properties": {"building_id": 4735084, "facet_count": 10, "obstruction_count": 1, "panel_count": 10, "kwp": 4.4, "ac_kwh_day_avg": 13.4, "ac_kwh_year": 4906.0, "facet_area_m2": 81.6, "avg_poa_kwh_m2": 1311.0}}, {"type": "Feature", "geometry": {"type": "Polygon", "coordinates": [[[168.65689275149768, -45.024313064654756], [168.65692955236523, -45.02417614985724], [168.65718501057472, -45.02421068313411], [168.65714821154887, -45.02434759808414], [168.65689275149768, -45.024313064654756]]]}, "properties": {"building_id": 4735090, "facet_count": 2, "obstruction_count": 1, "panel_count": 5, "kwp": 2.2, "ac_kwh_day_avg": 4.7, "ac_kwh_year": 1698.0, "facet_area_m2": 28.4, "avg_poa_kwh_m2": 997.0}}, {"type": "Feature", "geometry": {"type": "Polygon", "coordinates": [[[168.6575325917669, -45.02456540520492], [168.65754167083924, -45.024550530661436], [168.65749517975246, -45.02453625948224], [168.65755723638767, -45.02443458768878], [168.65766771669644, -45.0244685027644], [168.65759658115192, -45.024585049172735], [168.6575325917669, -45.02456540520492]]]}, "properties": {"building_id": 4735091, "facet_count": 2, "obstruction_count": 3, "panel_count": 28, "kwp": 12.32, "ac_kwh_day_avg": 31.1, "ac_kwh_year": 11344.0, "facet_area_m2": 104.7, "avg_poa_kwh_m2": 1132.0}}, {"type": "Feature", "geometry": {"type": "Polygon", "coordinates": [[[168.65811875565157, -45.0244869435195], [168.6581112747326, -45.02451256244483], [168.65806849556967, -45.02450627895122], [168.65809031234608, -45.02443157049726], [168.65811068196493, -45.02443456176698], [168.65811954572777, -45.02440420920262], [168.65809365127683, -45.02440040616016], [168.65810574584705, -45.02435898729436], [168.6581606178675, -45.0243670465767], [168.65815677888708, -45.02438019346039], [168.65823678717592, -45.024391944036964], [168.6582189208103, -45.024453126396935], [168.6581748247187, -45.02444665055137], [168.65816123609028, -45.02449318230857], [168.65811875565157, -45.0244869435195]]]}, "properties": {"building_id": 4735105, "facet_count": 3, "obstruction_count": 3, "panel_count": 26, "kwp": 11.44, "ac_kwh_day_avg": 34.4, "ac_kwh_year": 12573.0, "facet_area_m2": 104.1, "avg_poa_kwh_m2": 1311.0}}, {"type": "Feature", "geometry": {"type": "Polygon", "coordinates": [[[168.65937160239062, -45.02448737259928], [168.65954763357828, -45.024389225127756], [168.65961172310696, -45.02444703624833], [168.65943569183648, -45.02454518381563], [168.65937160239062, -45.02448737259928]]]}, "properties": {"building_id": 4735107, "facet_count": 2, "obstruction_count": 1, "panel_count": 34, "kwp": 14.96, "ac_kwh_day_avg": 39.7, "ac_kwh_year": 14489.0, "facet_area_m2": 128.1, "avg_poa_kwh_m2": 1190.0}}, {"type": "Feature", "geometry": {"type": "Polygon", "coordinates": [[[168.65740489265218, -45.02463082896734], [168.65739932268278, -45.024688139837025], [168.65735168318452, -45.024685810883746], [168.657357253201, -45.02462850001819], [168.65740489265218, -45.02463082896734]]]}, "properties": {"building_id": 4735109, "facet_count": 2, "obstruction_count": 0, "panel_count": 3, "kwp": 1.32, "ac_kwh_day_avg": 3.8, "ac_kwh_year": 1373.0, "facet_area_m2": 14.9, "avg_poa_kwh_m2": 1262.0}}, {"type": "Feature", "geometry": {"type": "Polygon", "coordinates": [[[168.65743852096134, -45.02459110013068], [168.6573615086312, -45.02458906276175], [168.6573633159131, -45.02455469752938], [168.65744032819728, -45.02455673489536], [168.65743852096134, -45.02459110013068]]]}, "properties": {"building_id": 4735117, "facet_count": 1, "obstruction_count": 0, "panel_count": 1, "kwp": 0.44, "ac_kwh_day_avg": 0.7, "ac_kwh_year": 272.0, "facet_area_m2": 7.9, "avg_poa_kwh_m2": 740.0}}, {"type": "Feature", "geometry": {"type": "Polygon", "coordinates": [[[168.6566238806899, -45.02461305253546], [168.65666288804996, -45.02454667981138], [168.65667821600638, -45.024551210297965], [168.65671452612364, -45.024489425673636], [168.65679143030104, -45.02451215653968], [168.6567565700755, -45.02457147500012], [168.6567406697805, -45.02456677508505], [168.65670021266217, -45.024635614028455], [168.6566238806899, -45.02461305253546]]]}, "properties": {"building_id": 4735121, "facet_count": 3, "obstruction_count": 2, "panel_count": 4, "kwp": 1.76, "ac_kwh_day_avg": 4.9, "ac_kwh_year": 1777.0, "facet_area_m2": 42.4, "avg_poa_kwh_m2": 1187.0}}, {"type": "Feature", "geometry": {"type": "Polygon", "coordinates": [[[168.65895842251683, -45.024654955855205], [168.65899731210646, -45.02468830233121], [168.65894840846997, -45.02471698643939], [168.65890951841283, -45.02468364026694], [168.65895842251683, -45.024654955855205]]]}, "properties": {"building_id": 4735124, "facet_count": 1, "obstruction_count": 2, "panel_count": 3, "kwp": 1.32, "ac_kwh_day_avg": 3.9, "ac_kwh_year": 1418.0, "facet_area_m2": 20.4, "avg_poa_kwh_m2": 1288.0}}, {"type": "Feature", "geometry": {"type": "Polygon", "coordinates": [[[168.65972871124762, -45.02539578969703], [168.65966823141426, -45.02542357386934], [168.6596148608654, -45.025409046108685], [168.65965020756576, -45.02534374012841], [168.65969603737503, -45.02535621547043], [168.65968156426118, -45.025382956348786], [168.65972871124762, -45.02539578969703]]]}, "properties": {"building_id": 4735169, "facet_count": 2, "obstruction_count": 2, "panel_count": 5, "kwp": 2.2, "ac_kwh_day_avg": 6.4, "ac_kwh_year": 2338.0, "facet_area_m2": 33.7, "avg_poa_kwh_m2": 1258.0}}, {"type": "Feature", "geometry": {"type": "Polygon", "coordinates": [[[168.66108581585684, -45.02540442031165], [168.66102252134476, -45.02543473562281], [168.66096977196693, -45.02537934369607], [168.6610998497093, -45.02531704371278], [168.66117515310495, -45.02539611570476], [168.66110836837856, -45.02542810219372], [168.66108581585684, -45.02540442031165]]]}, "properties": {"building_id": 4735255, "facet_count": 3, "obstruction_count": 1, "panel_count": 4, "kwp": 1.76, "ac_kwh_day_avg": 4.6, "ac_kwh_year": 1685.0, "facet_area_m2": 41.3, "avg_poa_kwh_m2": 1217.0}}, {"type": "Feature", "geometry": {"type": "Polygon", "coordinates": [[[168.66024646565282, -45.02757677374712], [168.66034008865398, -45.02762224338504], [168.66025678320173, -45.027708501932075], [168.66006497741205, -45.0276153479436], [168.6601038479525, -45.02757509963224], [168.66020203061115, -45.02762278453838], [168.66024646565282, -45.02757677374712]]]}, "properties": {"building_id": 4735279, "facet_count": 3, "obstruction_count": 0, "panel_count": 8, "kwp": 3.52, "ac_kwh_day_avg": 10.2, "ac_kwh_year": 3725.0, "facet_area_m2": 77.5, "avg_poa_kwh_m2": 1270.0}}, {"type": "Feature", "geometry": {"type": "Polygon", "coordinates": [[[168.65757886315026, -45.028348332821395], [168.65761926431122, -45.02831911692485], [168.657682811262, -45.02836330657302], [168.65764244364692, -45.02839249856469], [168.65768670481032, -45.02842327703641], [168.65775390262186, -45.02840102585551], [168.6578025224896, -45.028474861685226], [168.65758484531636, -45.02854694103049], [168.6573603671423, -45.02839084170172], [168.65745431015205, -45.02823606910585], [168.6575637310475, -45.028269467710906], [168.65753456230465, -45.028317526690174], [168.65757886315026, -45.028348332821395]]]}, "properties": {"building_id": 4735285, "facet_count": 3, "obstruction_count": 0, "panel_count": 179, "kwp": 78.76, "ac_kwh_day_avg": 250.1, "ac_kwh_year": 91304.0, "facet_area_m2": 517.6, "avg_poa_kwh_m2": 1380.0}}, {"type": "Feature", "geometry": {"type": "Polygon", "coordinates": [[[168.65824478779084, -45.02817937474843], [168.6582042282059, -45.028243016208705], [168.65778794279456, -45.02810960322973], [168.6578285014595, -45.0280459618824], [168.65824478779084, -45.02817937474843]]]}, "properties": {"building_id": 4735325, "facet_count": 2, "obstruction_count": 1, "panel_count": 64, "kwp": 28.16, "ac_kwh_day_avg": 88.1, "ac_kwh_year": 32150.0, "facet_area_m2": 254.0, "avg_poa_kwh_m2": 1318.0}}, {"type": "Feature", "geometry": {"type": "Polygon", "coordinates": [[[168.66026065460395, -45.02457709355439], [168.66031528422843, -45.024469389776755], [168.6605430483203, -45.02452749214658], [168.66048841905223, -45.02463519604682], [168.66026065460395, -45.02457709355439]]]}, "properties": {"building_id": 4735343, "facet_count": 1, "obstruction_count": 12, "panel_count": 83, "kwp": 36.52, "ac_kwh_day_avg": 102.0, "ac_kwh_year": 37243.0, "facet_area_m2": 225.1, "avg_poa_kwh_m2": 1222.0}}, {"type": "Feature", "geometry": {"type": "Polygon", "coordinates": [[[168.65869672722582, -45.028305049348205], [168.65844091678838, -45.0282204113855], [168.65849028987347, -45.028145369746525], [168.65874610006537, -45.02823000758918], [168.65869672722582, -45.028305049348205]]]}, "properties": {"building_id": 4735358, "facet_count": 3, "obstruction_count": 9, "panel_count": 45, "kwp": 19.8, "ac_kwh_day_avg": 60.8, "ac_kwh_year": 22208.0, "facet_area_m2": 187.2, "avg_poa_kwh_m2": 1307.0}}, {"type": "Feature", "geometry": {"type": "Polygon", "coordinates": [[[168.6607441846537, -45.024429634219715], [168.6605278261267, -45.02448740148359], [168.6604160566034, -45.02440289981653], [168.66067065975085, -45.024334920416536], [168.6607441846537, -45.024429634219715]]]}, "properties": {"building_id": 4735362, "facet_count": 1, "obstruction_count": 0, "panel_count": 9, "kwp": 3.96, "ac_kwh_day_avg": 7.7, "ac_kwh_year": 2812.0, "facet_area_m2": 34.6, "avg_poa_kwh_m2": 851.0}}, {"type": "Feature", "geometry": {"type": "Polygon", "coordinates": [[[168.65901213955806, -45.02822190524059], [168.65896730746354, -45.028291402934556], [168.65874836274799, -45.02822037891157], [168.65879319503964, -45.028150881311156], [168.65901213955806, -45.02822190524059]]]}, "properties": {"building_id": 4735375, "facet_count": 1, "obstruction_count": 3, "panel_count": 54, "kwp": 23.76, "ac_kwh_day_avg": 70.9, "ac_kwh_year": 25891.0, "facet_area_m2": 152.5, "avg_poa_kwh_m2": 1306.0}}, {"type": "Feature", "geometry": {"type": "Polygon", "coordinates": [[[168.65865631819474, -45.024806120599], [168.6584982005382, -45.02489968015608], [168.65829428494644, -45.02472635569585], [168.6584524024149, -45.02463279641435], [168.65865631819474, -45.024806120599]]]}, "properties": {"building_id": 4735389, "facet_count": 3, "obstruction_count": 13, "panel_count": 97, "kwp": 42.68, "ac_kwh_day_avg": 129.7, "ac_kwh_year": 47350.0, "facet_area_m2": 345.5, "avg_poa_kwh_m2": 1318.0}}, {"type": "Feature", "geometry": {"type": "Polygon", "coordinates": [[[168.65746214594242, -45.024844753841066], [168.6575083898146, -45.024828843932475], [168.65754881293816, -45.02488793487198], [168.65752904045573, -45.024894737817355], [168.65754227754286, -45.02491408758504], [168.65757645545602, -45.02490232875875], [168.65759326030815, -45.024926895111726], [168.65761079894864, -45.02492086043663], [168.65765290893492, -45.0249824182086], [168.6575569711584, -45.025015424571144], [168.6575310912563, -45.02497759295624], [168.65749765228503, -45.02498909726003], [168.65745101801778, -45.02492092710756], [168.65741621838623, -45.024932899860666], [168.65738644624344, -45.024889378356995], [168.65747243576422, -45.02485979464797], [168.65746214594242, -45.024844753841066]]]}, "properties": {"building_id": 4735415, "facet_count": 5, "obstruction_count": 2, "panel_count": 11, "kwp": 4.84, "ac_kwh_day_avg": 14.0, "ac_kwh_year": 5113.0, "facet_area_m2": 74.6, "avg_poa_kwh_m2": 1188.0}}, {"type": "Feature", "geometry": {"type": "Polygon", "coordinates": [[[168.65676158926752, -45.030643343861406], [168.65681021496465, -45.03067673449088], [168.65678455391546, -45.03069552480127], [168.65679364345812, -45.03070176688836], [168.65668483313863, -45.03078143396268], [168.65662131660147, -45.03073781184196], [168.65660107617464, -45.03075263030596], [168.65651930252864, -45.03069646454496], [168.65665692467817, -45.03059571346198], [168.65666937990625, -45.0306042687086], [168.65668648094453, -45.030591750294775], [168.65676158926752, -45.030643343861406]]]}, "properties": {"building_id": 5370885, "facet_count": 4, "obstruction_count": 7, "panel_count": 72, "kwp": 31.68, "ac_kwh_day_avg": 91.2, "ac_kwh_year": 33277.0, "facet_area_m2": 232.3, "avg_poa_kwh_m2": 1269.0}}, {"type": "Feature", "geometry": {"type": "Polygon", "coordinates": [[[168.65809669485327, -45.02912279082709], [168.65804291579877, -45.029145507442365], [168.65802002317872, -45.02911825355153], [168.6580738009493, -45.02909553689815], [168.65809669485327, -45.02912279082709]]]}, "properties": {"building_id": 5370947, "facet_count": 1, "obstruction_count": 1, "panel_count": 2, "kwp": 0.88, "ac_kwh_day_avg": 3.0, "ac_kwh_year": 1107.0, "facet_area_m2": 11.7, "avg_poa_kwh_m2": 1508.0}}, {"type": "Feature", "geometry": {"type": "Polygon", "coordinates": [[[168.657334938101, -45.033538458460505], [168.65721253671092, -45.033598896903435], [168.65711142982767, -45.03349594560145], [168.657233831088, -45.033435507262126], [168.657334938101, -45.033538458460505]]]}, "properties": {"building_id": 5371120, "facet_count": 1, "obstruction_count": 4, "panel_count": 20, "kwp": 8.8, "ac_kwh_day_avg": 26.3, "ac_kwh_year": 9589.0, "facet_area_m2": 123.5, "avg_poa_kwh_m2": 1306.0}}, {"type": "Feature", "geometry": {"type": "Polygon", "coordinates": [[[168.65686523660568, -45.0313504111312], [168.65694292956925, -45.03130956000912], [168.65699234713753, -45.03135681694633], [168.65698182010468, -45.031362351710236], [168.6570387921697, -45.03141683332401], [168.65710438342077, -45.03138234445113], [168.6572013237625, -45.03147504770612], [168.6570857374876, -45.03153582308597], [168.65697740394467, -45.03143222543385], [168.65694929740255, -45.031447003289756], [168.65689869619942, -45.03139861290603], [168.6569096304668, -45.03139286411764], [168.65686523660568, -45.0313504111312]]]}, "properties": {"building_id": 5371151, "facet_count": 7, "obstruction_count": 3, "panel_count": 16, "kwp": 7.04, "ac_kwh_day_avg": 20.9, "ac_kwh_year": 7624.0, "facet_area_m2": 117.7, "avg_poa_kwh_m2": 1298.0}}, {"type": "Feature", "geometry": {"type": "Polygon", "coordinates": [[[168.65632287509456, -45.03225102370696], [168.65639920460154, -45.03232700419847], [168.65646391353627, -45.032392221320606], [168.65632006386238, -45.03246398687027], [168.65617175208027, -45.032314509951284], [168.6562335828009, -45.0322836635757], [168.65624148486546, -45.032291628020204], [168.65632287509456, -45.03225102370696]]]}, "properties": {"building_id": 5372640, "facet_count": 2, "obstruction_count": 14, "panel_count": 71, "kwp": 31.24, "ac_kwh_day_avg": 83.0, "ac_kwh_year": 30311.0, "facet_area_m2": 247.8, "avg_poa_kwh_m2": 1167.0}}, {"type": "Feature", "geometry": {"type": "Polygon", "coordinates": [[[168.65835568219472, -45.02906098610459], [168.6583748176442, -45.029031707110825], [168.65834440135393, -45.02902171052443], [168.65836341766112, -45.02899261333387], [168.6583522120554, -45.028988930538034], [168.65832656476084, -45.02902817685601], [168.65821965617843, -45.02899304279534], [168.65824557471433, -45.02895338374354], [168.65817778623168, -45.02893110551375], [168.65819006849372, -45.028912311980264], [168.6581435405414, -45.0288970215525], [168.658127794951, -45.02892111490746], [168.65807029550606, -45.02890221896261], [168.65808639858378, -45.02887757931441], [168.65802180579414, -45.0288563517153], [168.65814142369524, -45.02867331837842], [168.65832761412273, -45.02873450727916], [168.6583093200395, -45.02876250043419], [168.65833965201952, -45.02877246861356], [168.65830903833782, -45.028819313308745], [168.6583348890761, -45.02882780912725], [168.6582880689982, -45.02889945159892], [168.65833629904682, -45.02891487643856], [168.65838183979702, -45.028845190843015], [168.65866654922826, -45.02893918040509], [168.65854565025666, -45.02912417472342], [168.65847819340203, -45.0291020056244], [168.65846309831485, -45.02912510388624], [168.6584066662643, -45.02910655843224], [168.65842216912134, -45.02908283657411], [168.65835568219472, -45.02906098610459]]]}, "properties": {"building_id": 5373364, "facet_count": 13, "obstruction_count": 6, "panel_count": 39, "kwp": 17.16, "ac_kwh_day_avg": 50.7, "ac_kwh_year": 18501.0, "facet_area_m2": 320.6, "avg_poa_kwh_m2": 1294.0}}, {"type": "Feature", "geometry": {"type": "Polygon", "coordinates": [[[168.65789680663337, -45.03186332005937], [168.6581634435199, -45.032126429373115], [168.6580235795319, -45.032194178171274], [168.65787362835005, -45.032038524234494], [168.65776592060064, -45.031926719840385], [168.65789680663337, -45.03186332005937]]]}, "properties": {"building_id": 5373530, "facet_count": 6, "obstruction_count": 4, "panel_count": 117, "kwp": 51.48, "ac_kwh_day_avg": 147.2, "ac_kwh_year": 53726.0, "facet_area_m2": 378.5, "avg_poa_kwh_m2": 1236.0}}, {"type": "Feature", "geometry": {"type": "Polygon", "coordinates": [[[168.6559451011379, -45.033569659902916], [168.6559631340288, -45.033588965762036], [168.6559732347117, -45.0335842223156], [168.65608896598422, -45.033708127550184], [168.65603452646084, -45.033733693244045], [168.6560435189326, -45.03374331959772], [168.6559357930049, -45.03379390793735], [168.65592957300254, -45.03378724893795], [168.65587190689587, -45.03381432903341], [168.65577098660233, -45.033706280474], [168.65576751622362, -45.03368498654952], [168.6558549261892, -45.033643938488446], [168.65584033273606, -45.033628314041245], [168.65586921704826, -45.03361474985302], [168.65588244370633, -45.0336289107095], [168.65591239833128, -45.03361484268567], [168.65589303517172, -45.03359411063127], [168.6559451011379, -45.033569659902916]]]}, "properties": {"building_id": 4725196, "facet_count": 6, "obstruction_count": 5, "panel_count": 42, "kwp": 18.48, "ac_kwh_day_avg": 50.5, "ac_kwh_year": 18440.0, "facet_area_m2": 234.1, "avg_poa_kwh_m2": 1207.0}}, {"type": "Feature", "geometry": {"type": "Polygon", "coordinates": [[[168.65592427747924, -45.03243382497678], [168.65592985471687, -45.03243946567161], [168.65600817787126, -45.03240052960761], [168.6560993391178, -45.03249273179845], [168.65585279294345, -45.03261529482563], [168.6558024941331, -45.03256442195603], [168.6558466589778, -45.03254246703904], [168.65580021952422, -45.03249549684399], [168.65592427747924, -45.03243382497678]]]}, "properties": {"building_id": 4725197, "facet_count": 1, "obstruction_count": 12, "panel_count": 75, "kwp": 33.0, "ac_kwh_day_avg": 93.3, "ac_kwh_year": 34071.0, "facet_area_m2": 238.0, "avg_poa_kwh_m2": 1238.0}}, {"type": "Feature", "geometry": {"type": "Polygon", "coordinates": [[[168.6561621918749, -45.03339229227389], [168.65610412490355, -45.03342086593], [168.65608808611174, -45.03340447888528], [168.6560683805516, -45.03341417553266], [168.65607829453862, -45.03342430600071], [168.65596885817794, -45.03347815719205], [168.65597475779074, -45.03348418554904], [168.65592129292367, -45.033510494981996], [168.65589409230074, -45.033482703813945], [168.65588424939463, -45.03348754709639], [168.65582451900352, -45.033426518030545], [168.65588559679662, -45.03339646232467], [168.6559090480434, -45.03342042342731], [168.65603728144367, -45.03335732083283], [168.65602073838176, -45.03334041855655], [168.6561377240807, -45.03328285186321], [168.6561812968712, -45.03332737218104], [168.65617080128388, -45.03333253628893], [168.6561929541754, -45.03335517048584], [168.65614766959038, -45.03337745374318], [168.6561621918749, -45.03339229227389]]]}, "properties": {"building_id": 4725202, "facet_count": 3, "obstruction_count": 6, "panel_count": 39, "kwp": 17.16, "ac_kwh_day_avg": 42.9, "ac_kwh_year": 15644.0, "facet_area_m2": 152.4, "avg_poa_kwh_m2": 1113.0}}, {"type": "Feature", "geometry": {"type": "Polygon", "coordinates": [[[168.65646890535834, -45.03247172096954], [168.65645582413717, -45.03245874137012], [168.65655798752977, -45.03240696746911], [168.65658404496185, -45.03243282182036], [168.65663521112094, -45.032406891682236], [168.6566795570587, -45.03245088945539], [168.65644253510638, -45.03257100447619], [168.65641124821116, -45.0325399619668], [168.65646966771487, -45.032510357364984], [168.65644363385215, -45.03248452729068], [168.65646890535834, -45.03247172096954]]]}, "properties": {"building_id": 4725631, "facet_count": 6, "obstruction_count": 1, "panel_count": 15, "kwp": 6.6, "ac_kwh_day_avg": 18.7, "ac_kwh_year": 6810.0, "facet_area_m2": 85.0, "avg_poa_kwh_m2": 1227.0}}, {"type": "Feature", "geometry": {"type": "Polygon", "coordinates": [[[168.6567026558242, -45.03248146146272], [168.6567743289184, -45.03255448015474], [168.65650935154963, -45.032685255106855], [168.6564376786548, -45.03261223625587], [168.6567026558242, -45.03248146146272]]]}, "properties": {"building_id": 4725632, "facet_count": 2, "obstruction_count": 3, "panel_count": 49, "kwp": 21.56, "ac_kwh_day_avg": 63.6, "ac_kwh_year": 23210.0, "facet_area_m2": 212.0, "avg_poa_kwh_m2": 1274.0}}, {"type": "Feature", "geometry": {"type": "Polygon", "coordinates": [[[168.65635113588056, -45.03349763831547], [168.65634019750902, -45.03351263094248], [168.6564104959966, -45.03353841852661], [168.6563690519473, -45.03359522106835], [168.65622828080885, -45.033543581556344], [168.65628066333667, -45.03347178644956], [168.65635113588056, -45.03349763831547]]]}, "properties": {"building_id": 4725634, "facet_count": 1, "obstruction_count": 0, "panel_count": 29, "kwp": 12.76, "ac_kwh_day_avg": 37.1, "ac_kwh_year": 13555.0, "facet_area_m2": 91.2, "avg_poa_kwh_m2": 1273.0}}, {"type": "Feature", "geometry": {"type": "Polygon", "coordinates": [[[168.6561787246597, -45.033659065746974], [168.65619950107614, -45.03367972263096], [168.65615294620295, -45.03370326412145], [168.6560602371106, -45.033611087702475], [168.65618237033635, -45.03354932729947], [168.6562449740391, -45.03361157262413], [168.65623122456634, -45.03361852488559], [168.65624055352097, -45.033627799910406], [168.6561787246597, -45.033659065746974]]]}, "properties": {"building_id": 4725721, "facet_count": 7, "obstruction_count": 2, "panel_count": 6, "kwp": 2.64, "ac_kwh_day_avg": 7.8, "ac_kwh_year": 2861.0, "facet_area_m2": 70.2, "avg_poa_kwh_m2": 1285.0}}, {"type": "Feature", "geometry": {"type": "Polygon", "coordinates": [[[168.65607991059701, -45.03264861994716], [168.65616066165342, -45.03260897513402], [168.65622307941547, -45.03267289882521], [168.65605545885117, -45.03275519239706], [168.65597898808915, -45.03267687553547], [168.6560658562069, -45.03263422682625], [168.65607991059701, -45.03264861994716]]]}, "properties": {"building_id": 4725735, "facet_count": 4, "obstruction_count": 3, "panel_count": 24, "kwp": 10.56, "ac_kwh_day_avg": 32.2, "ac_kwh_year": 11753.0, "facet_area_m2": 126.7, "avg_poa_kwh_m2": 1320.0}}, {"type": "Feature", "geometry": {"type": "Polygon", "coordinates": [[[168.6562335078284, -45.03156382017205], [168.65618920124672, -45.0315180911033], [168.65624995095146, -45.031488495353216], [168.65626187385226, -45.03150080134724], [168.6563251516278, -45.03146997520297], [168.65631234732604, -45.031456759230934], [168.65637060864032, -45.03142837654721], [168.65644659580917, -45.031506804333844], [168.6563877784345, -45.03153545989047], [168.65637872902477, -45.031526123140225], [168.65632347586427, -45.03155305919386], [168.65633334897348, -45.031563238349946], [168.65626526043684, -45.0315964594522], [168.6562554766835, -45.03160147597271], [168.65622270691205, -45.03156936276619], [168.6562335078284, -45.03156382017205]]]}, "properties": {"building_id": 4733106, "facet_count": 2, "obstruction_count": 1, "panel_count": 12, "kwp": 5.28, "ac_kwh_day_avg": 16.4, "ac_kwh_year": 5977.0, "facet_area_m2": 66.8, "avg_poa_kwh_m2": 1323.0}}, {"type": "Feature", "geometry": {"type": "Polygon", "coordinates": [[[168.6560911075243, -45.0314631688069], [168.65602056984824, -45.03138955201204], [168.65610950764358, -45.03134670308083], [168.65618004538953, -45.03142031982335], [168.6560911075243, -45.0314631688069]]]}, "properties": {"building_id": 4733116, "facet_count": 3, "obstruction_count": 1, "panel_count": 9, "kwp": 3.96, "ac_kwh_day_avg": 10.4, "ac_kwh_year": 3783.0, "facet_area_m2": 50.7, "avg_poa_kwh_m2": 1182.0}}, {"type": "Feature", "geometry": {"type": "Polygon", "coordinates": [[[168.65609075038515, -45.03039769567558], [168.65613144871773, -45.03043946352251], [168.6559654436554, -45.03052079682262], [168.65592474539503, -45.03047902891919], [168.65609075038515, -45.03039769567558]]]}, "properties": {"building_id": 4733123, "facet_count": 2, "obstruction_count": 4, "panel_count": 14, "kwp": 6.16, "ac_kwh_day_avg": 16.4, "ac_kwh_year": 5977.0, "facet_area_m2": 80.5, "avg_poa_kwh_m2": 1244.0}}, {"type": "Feature", "geometry": {"type": "Polygon", "coordinates": [[[168.65768559949274, -45.029158518364476], [168.65770469464536, -45.02910227815386], [168.6577368987974, -45.029107776354216], [168.65776000860745, -45.02903971203944], [168.6578209028339, -45.029050108237634], [168.65783801708864, -45.02899970499374], [168.65797529153818, -45.029023142304226], [168.65797666436995, -45.02901909603257], [168.6580606517227, -45.029033436014075], [168.65804161891353, -45.029089495020735], [168.65798053663332, -45.02907906657226], [168.6579673156881, -45.02911800929009], [168.65794039760664, -45.02911341376285], [168.65793393365524, -45.029132450507966], [168.65782689859284, -45.029182572769784], [168.65779915019698, -45.02915277536282], [168.65775982435198, -45.02917119129484], [168.65768559949274, -45.029158518364476]]]}, "properties": {"building_id": 4734781, "facet_count": 10, "obstruction_count": 6, "panel_count": 38, "kwp": 16.72, "ac_kwh_day_avg": 49.5, "ac_kwh_year": 18064.0, "facet_area_m2": 224.7, "avg_poa_kwh_m2": 1308.0}}, {"type": "Feature", "geometry": {"type": "Polygon", "coordinates": [[[168.65719099206004, -45.03131945862225], [168.6572379353173, -45.0313661665876], [168.65729045000427, -45.03133962859035], [168.65734480673498, -45.03139371424862], [168.65723185569587, -45.031450794072704], [168.65713055446273, -45.03135000122314], [168.65719099206004, -45.03131945862225]]]}, "properties": {"building_id": 4734948, "facet_count": 1, "obstruction_count": 1, "panel_count": 29, "kwp": 12.76, "ac_kwh_day_avg": 38.1, "ac_kwh_year": 13905.0, "facet_area_m2": 102.5, "avg_poa_kwh_m2": 1306.0}}, {"type": "Feature", "geometry": {"type": "Polygon", "coordinates": [[[168.65691463126655, -45.03103633365951], [168.65700184547313, -45.03099192224133], [168.6570961096018, -45.031085002524385], [168.6570088953157, -45.03112941401166], [168.65691463126655, -45.03103633365951]]]}, "properties": {"building_id": 4734958, "facet_count": 3, "obstruction_count": 5, "panel_count": 19, "kwp": 8.36, "ac_kwh_day_avg": 24.2, "ac_kwh_year": 8850.0, "facet_area_m2": 97.1, "avg_poa_kwh_m2": 1262.0}}, {"type": "Feature", "geometry": {"type": "Polygon", "coordinates": [[[168.65648568115424, -45.03121815433859], [168.6565381643429, -45.03119360940957], [168.65655798356065, -45.03121491685353], [168.6566177580058, -45.03118696253986], [168.65669676820835, -45.03127191112106], [168.65662942990332, -45.03130340307059], [168.6566145467411, -45.03128740130366], [168.65656962730205, -45.0313084086737], [168.65648568115424, -45.03121815433859]]]}, "properties": {"building_id": 4734964, "facet_count": 6, "obstruction_count": 0, "panel_count": 3, "kwp": 1.32, "ac_kwh_day_avg": 4.5, "ac_kwh_year": 1655.0, "facet_area_m2": 43.5, "avg_poa_kwh_m2": 1366.0}}, {"type": "Feature", "geometry": {"type": "Polygon", "coordinates": [[[168.65689074617353, -45.03127432518606], [168.65691364960105, -45.03129809626698], [168.6568656151873, -45.03132136716138], [168.65684271153887, -45.031297596066366], [168.65689074617353, -45.03127432518606]]]}, "properties": {"building_id": 4735078, "facet_count": 1, "obstruction_count": 0, "panel_count": 1, "kwp": 0.44, "ac_kwh_day_avg": 1.4, "ac_kwh_year": 498.0, "facet_area_m2": 7.9, "avg_poa_kwh_m2": 1357.0}}, {"type": "Feature", "geometry": {"type": "Polygon", "coordinates": [[[168.6581948602957, -45.03051352401879], [168.6583214286655, -45.03044978919167], [168.65840518848825, -45.03053342768274], [168.65822165424652, -45.03062584860205], [168.65812360721299, -45.03052794236766], [168.65818057285554, -45.03049925730889], [168.6581948602957, -45.03051352401879]]]}, "properties": {"building_id": 4735094, "facet_count": 1, "obstruction_count": 2, "panel_count": 64, "kwp": 28.16, "ac_kwh_day_avg": 84.1, "ac_kwh_year": 30686.0, "facet_area_m2": 184.3, "avg_poa_kwh_m2": 1306.0}}, {"type": "Feature", "geometry": {"type": "Polygon", "coordinates": [[[168.656894219377, -45.03229671669559], [168.65685520134417, -45.032255284108196], [168.65691024682422, -45.03222921989625], [168.6569320987178, -45.032252424005094], [168.6569129808228, -45.03226147614986], [168.65693014698314, -45.03227970461325], [168.656894219377, -45.03229671669559]]]}, "properties": {"building_id": 4735168, "facet_count": 1, "obstruction_count": 0, "panel_count": 4, "kwp": 1.76, "ac_kwh_day_avg": 5.5, "ac_kwh_year": 2008.0, "facet_area_m2": 21.1, "avg_poa_kwh_m2": 1367.0}}, {"type": "Feature", "geometry": {"type": "Polygon", "coordinates": [[[168.65795831163584, -45.0315663579245], [168.6579445824866, -45.031554002851635], [168.6580151094258, -45.03151460008866], [168.65807607747328, -45.03156947014524], [168.65797745043506, -45.03162457309604], [168.65793021031192, -45.03158205801633], [168.65795831163584, -45.0315663579245]]]}, "properties": {"building_id": 4735224, "facet_count": 1, "obstruction_count": 1, "panel_count": 18, "kwp": 7.92, "ac_kwh_day_avg": 24.6, "ac_kwh_year": 8966.0, "facet_area_m2": 67.3, "avg_poa_kwh_m2": 1357.0}}, {"type": "Feature", "geometry": {"type": "Polygon", "coordinates": [[[168.65787174642116, -45.032064336607945], [168.65802952564704, -45.03222231685837], [168.65793545397815, -45.03226955639599], [168.65777767490133, -45.032111576021066], [168.65787174642116, -45.032064336607945]]]}, "properties": {"building_id": 4735225, "facet_count": 6, "obstruction_count": 5, "panel_count": 26, "kwp": 11.44, "ac_kwh_day_avg": 30.2, "ac_kwh_year": 11010.0, "facet_area_m2": 153.1, "avg_poa_kwh_m2": 1186.0}}, {"type": "Feature", "geometry": {"type": "Polygon", "coordinates": [[[168.6563145285631, -45.03163560027822], [168.65646142247408, -45.031565581877906], [168.6565576879324, -45.03166713043655], [168.65641079385992, -45.03173714895473], [168.6563145285631, -45.03163560027822]]]}, "properties": {"building_id": 4735356, "facet_count": 2, "obstruction_count": 7, "panel_count": 49, "kwp": 21.56, "ac_kwh_day_avg": 66.4, "ac_kwh_year": 24223.0, "facet_area_m2": 175.6, "avg_poa_kwh_m2": 1325.0}}, {"type": "Feature", "geometry": {"type": "Polygon", "coordinates": [[[168.65685529474746, -45.03197471556318], [168.6569489021552, -45.0320673820569], [168.65678868546837, -45.032148757057065], [168.65669507947263, -45.03205609048562], [168.65685529474746, -45.03197471556318]]]}, "properties": {"building_id": 4735405, "facet_count": 4, "obstruction_count": 4, "panel_count": 46, "kwp": 20.24, "ac_kwh_day_avg": 57.0, "ac_kwh_year": 20810.0, "facet_area_m2": 183.7, "avg_poa_kwh_m2": 1240.0}}, {"type": "Feature", "geometry": {"type": "Polygon", "coordinates": [[[168.6566223593317, -45.03178697857102], [168.65664365108086, -45.03180911087072], [168.6565507283511, -45.03185638417629], [168.65644024684025, -45.031744308858265], [168.65649993792368, -45.03171543593784], [168.65652214503788, -45.03173852133435], [168.65658123778312, -45.031709937937464], [168.6566448739426, -45.03177608808765], [168.6566223593317, -45.03178697857102]]]}, "properties": {"building_id": 4735409, "facet_count": 5, "obstruction_count": 5, "panel_count": 7, "kwp": 3.08, "ac_kwh_day_avg": 8.8, "ac_kwh_year": 3200.0, "facet_area_m2": 87.7, "avg_poa_kwh_m2": 1244.0}}, {"type": "Feature", "geometry": {"type": "Polygon", "coordinates": [[[168.65747704541917, -45.03104596949792], [168.6575664280132, -45.03109245142349], [168.65741993393624, -45.03123410020394], [168.65733055125736, -45.031187618160324], [168.65747704541917, -45.03104596949792]]]}, "properties": {"building_id": 4735411, "facet_count": 2, "obstruction_count": 3, "panel_count": 38, "kwp": 16.72, "ac_kwh_day_avg": 47.5, "ac_kwh_year": 17356.0, "facet_area_m2": 159.0, "avg_poa_kwh_m2": 1273.0}}, {"type": "Feature", "geometry": {"type": "Polygon", "coordinates": [[[168.65701127927935, -45.03095407130974], [168.6571150223987, -45.030905095468924], [168.65724422512096, -45.03104270959508], [168.65714048184506, -45.03109168554746], [168.65701127927935, -45.03095407130974]]]}, "properties": {"building_id": 4735416, "facet_count": 1, "obstruction_count": 6, "panel_count": 55, "kwp": 24.2, "ac_kwh_day_avg": 68.5, "ac_kwh_year": 24986.0, "facet_area_m2": 164.3, "avg_poa_kwh_m2": 1238.0}}, {"type": "Feature", "geometry": {"type": "Polygon", "coordinates": [[[168.6573799884919, -45.03212631671012], [168.65777023209824, -45.03193728937822], [168.65777423444143, -45.03193535070195], [168.65787362835005, -45.032038524234494], [168.65785209710907, -45.03204895371577], [168.65747938196972, -45.03222949056995], [168.6573799884919, -45.03212631671012]]]}, "properties": {"building_id": 4735612, "facet_count": 9, "obstruction_count": 16, "panel_count": 89, "kwp": 39.16, "ac_kwh_day_avg": 116.7, "ac_kwh_year": 42592.0, "facet_area_m2": 387.9, "avg_poa_kwh_m2": 1276.0}}, {"type": "Feature", "geometry": {"type": "Polygon", "coordinates": [[[168.65719610257705, -45.031187565405794], [168.65722634971786, -45.0312234860669], [168.6571750411295, -45.0312452103823], [168.65714479398358, -45.0312092903669], [168.65719610257705, -45.031187565405794]]]}, "properties": {"building_id": 4735626, "facet_count": 1, "obstruction_count": 0, "panel_count": 1, "kwp": 0.44, "ac_kwh_day_avg": 1.2, "ac_kwh_year": 449.0, "facet_area_m2": 13.0, "avg_poa_kwh_m2": 1223.0}}, {"type": "Feature", "geometry": {"type": "Polygon", "coordinates": [[[168.65769007815783, -45.03057088740268], [168.65777950395483, -45.03066624122557], [168.65767858867125, -45.03071383018429], [168.65758916297995, -45.03061847628628], [168.65769007815783, -45.03057088740268]]]}, "properties": {"building_id": 4735631, "facet_count": 5, "obstruction_count": 3, "panel_count": 12, "kwp": 5.28, "ac_kwh_day_avg": 15.0, "ac_kwh_year": 5466.0, "facet_area_m2": 86.9, "avg_poa_kwh_m2": 1279.0}}, {"type": "Feature", "geometry": {"type": "Polygon", "coordinates": [[[168.65756145733778, -45.030736129782504], [168.6576284085646, -45.0308018565605], [168.65750108672276, -45.0308670706277], [168.65743413557715, -45.03080134377804], [168.65756145733778, -45.030736129782504]]]}, "properties": {"building_id": 4735636, "facet_count": 2, "obstruction_count": 1, "panel_count": 26, "kwp": 11.44, "ac_kwh_day_avg": 28.4, "ac_kwh_year": 10360.0, "facet_area_m2": 99.8, "avg_poa_kwh_m2": 1151.0}}, {"type": "Feature", "geometry": {"type": "Polygon", "coordinates": [[[168.67436773624385, -45.0305721256153], [168.67440778585353, -45.03057062256463], [168.6744160771641, -45.03068168937481], [168.6743265149764, -45.03068505111692], [168.67432177749856, -45.03062158258002], [168.6743712898759, -45.03061972478615], [168.67436773624385, -45.0305721256153]]]}, "properties": {"building_id": 5370886, "facet_count": 4, "obstruction_count": 2, "panel_count": 8, "kwp": 3.52, "ac_kwh_day_avg": 12.0, "ac_kwh_year": 4369.0, "facet_area_m2": 46.4, "avg_poa_kwh_m2": 1440.0}}, {"type": "Feature", "geometry": {"type": "Polygon", "coordinates": [[[168.67454994705676, -45.02966267936712], [168.67450682316152, -45.029832971413285], [168.67439966248253, -45.02982124257033], [168.67442921010002, -45.02969941913846], [168.67443982924783, -45.02965062682991], [168.67454994705676, -45.02966267936712]]]}, "properties": {"building_id": 5370945, "facet_count": 1, "obstruction_count": 5, "panel_count": 41, "kwp": 18.04, "ac_kwh_day_avg": 57.1, "ac_kwh_year": 20856.0, "facet_area_m2": 147.4, "avg_poa_kwh_m2": 1386.0}}, {"type": "Feature", "geometry": {"type": "Polygon", "coordinates": [[[168.67013807831898, -45.029731932260525], [168.6701657865841, -45.02977145798052], [168.6700972936508, -45.02979560361677], [168.6700679868199, -45.02975379728881], [168.67005741032506, -45.02976078069247], [168.66999105015103, -45.02971024559321], [168.66999419533258, -45.029708168603335], [168.66992639242324, -45.02965653444135], [168.66998721934215, -45.02961637048314], [168.67004612852188, -45.02966123221466], [168.67009129918836, -45.02963140449163], [168.67010001528763, -45.02963804140787], [168.67016911922929, -45.029592410737074], [168.67023033332725, -45.0296390270769], [168.67011558171177, -45.0297148004866], [168.67013807831898, -45.029731932260525]]]}, "properties": {"building_id": 5371195, "facet_count": 10, "obstruction_count": 2, "panel_count": 24, "kwp": 10.56, "ac_kwh_day_avg": 30.0, "ac_kwh_year": 10933.0, "facet_area_m2": 157.5, "avg_poa_kwh_m2": 1243.0}}, {"type": "Feature", "geometry": {"type": "Polygon", "coordinates": [[[168.66773856153486, -45.03092108434071], [168.66775101176466, -45.03091215954201], [168.66772365772604, -45.03089297118873], [168.66776751386655, -45.03086153530311], [168.6678237541815, -45.030900987430066], [168.6678419825333, -45.03088792080065], [168.66788715352467, -45.03091960755279], [168.66787054257244, -45.030931514100914], [168.66793280121945, -45.03097518724287], [168.6679501691867, -45.03096273783489], [168.66799689548515, -45.030995515269275], [168.66797978387882, -45.031007780886284], [168.66803338311095, -45.03104537986715], [168.66798707478182, -45.031078573452724], [168.66796074173533, -45.031060100901456], [168.6679456849997, -45.03107089357967], [168.66791683720533, -45.03105065649457], [168.66791085637846, -45.03105494364828], [168.66788109715156, -45.031034067887916], [168.66789039587965, -45.031027402503554], [168.66779527973426, -45.03096068067074], [168.66778867474227, -45.030965415795784], [168.66776221394315, -45.03094685462529], [168.66776868595034, -45.030942216169066], [168.66773856153486, -45.03092108434071]]]}, "properties": {"building_id": 5371203, "facet_count": 8, "obstruction_count": 1, "panel_count": 6, "kwp": 2.64, "ac_kwh_day_avg": 5.5, "ac_kwh_year": 2021.0, "facet_area_m2": 72.7, "avg_poa_kwh_m2": 1112.0}}, {"type": "Feature", "geometry": {"type": "Polygon", "coordinates": [[[168.67266053660705, -45.02989464769221], [168.67258621830834, -45.02992040282107], [168.6725687540094, -45.02989560805004], [168.67251519584156, -45.029885418152126], [168.67253688467642, -45.029828094670705], [168.67252577283952, -45.02982598046391], [168.67254569799084, -45.029773319622606], [168.67268113997554, -45.0297990892959], [168.67266219188346, -45.02984916769968], [168.67262084190585, -45.02984130020072], [168.67260983127983, -45.02987039853365], [168.672626962688, -45.0298736585478], [168.67264200157877, -45.02986833232511], [168.67266053660705, -45.02989464769221]]]}, "properties": {"building_id": 5371211, "facet_count": 4, "obstruction_count": 0, "panel_count": 4, "kwp": 1.76, "ac_kwh_day_avg": 3.3, "ac_kwh_year": 1221.0, "facet_area_m2": 31.7, "avg_poa_kwh_m2": 909.0}}, {"type": "Feature", "geometry": {"type": "Polygon", "coordinates": [[[168.67096352691985, -45.03129080110623], [168.6709630252605, -45.03133685737753], [168.67085555031494, -45.031304474595046], [168.67088656723328, -45.031252712401695], [168.67096322590137, -45.03127581051317], [168.67096352691985, -45.03129080110623]]]}, "properties": {"building_id": 5371213, "facet_count": 2, "obstruction_count": 0, "panel_count": 7, "kwp": 3.08, "ac_kwh_day_avg": 7.9, "ac_kwh_year": 2868.0, "facet_area_m2": 39.6, "avg_poa_kwh_m2": 1064.0}}, {"type": "Feature", "geometry": {"type": "Polygon", "coordinates": [[[168.67442921010002, -45.02969941913846], [168.67439966248253, -45.02982124257033], [168.67429607540615, -45.02980990476212], [168.67432266277586, -45.02968775776989], [168.67442921010002, -45.02969941913846]]]}, "properties": {"building_id": 5373414, "facet_count": 2, "obstruction_count": 1, "panel_count": 35, "kwp": 15.4, "ac_kwh_day_avg": 50.0, "ac_kwh_year": 18251.0, "facet_area_m2": 101.8, "avg_poa_kwh_m2": 1422.0}}, {"type": "Feature", "geometry": {"type": "Polygon", "coordinates": [[[168.67450682316152, -45.029832971413285], [168.67454994705676, -45.02966267936712], [168.67462771719738, -45.02967119134334], [168.67461515737648, -45.02972889762207], [168.6746526551357, -45.02973300117794], [168.67462800924324, -45.029846235224234], [168.67450682316152, -45.029832971413285]]]}, "properties": {"building_id": 5373415, "facet_count": 1, "obstruction_count": 5, "panel_count": 51, "kwp": 22.44, "ac_kwh_day_avg": 71.1, "ac_kwh_year": 25943.0, "facet_area_m2": 150.5, "avg_poa_kwh_m2": 1386.0}}, {"type": "Feature", "geometry": {"type": "Polygon", "coordinates": [[[168.6681403318593, -45.02868573678558], [168.66836077270315, -45.02878016832865], [168.66838657783356, -45.02875208982544], [168.66861973615056, -45.028860397667174], [168.6685879036038, -45.02889381909263], [168.6686037524638, -45.028903038568025], [168.66859596833254, -45.02895043030809], [168.66862871255722, -45.02896350049655], [168.66861869394316, -45.02897414412088], [168.66863293522084, -45.028991988314395], [168.66852089079495, -45.02903550131532], [168.6684191871275, -45.02898836848876], [168.66847799578727, -45.02892335974337], [168.6681611126751, -45.028777204149776], [168.66812799144955, -45.02881073159822], [168.66806250435872, -45.028782875531704], [168.6681403318593, -45.02868573678558]]]}, "properties": {"building_id": 5373417, "facet_count": 2, "obstruction_count": 22, "panel_count": 107, "kwp": 47.08, "ac_kwh_day_avg": 140.6, "ac_kwh_year": 51304.0, "facet_area_m2": 473.4, "avg_poa_kwh_m2": 1309.0}}, {"type": "Feature", "geometry": {"type": "Polygon", "coordinates": [[[168.66886859955738, -45.02940289269337], [168.66879084470887, -45.029551903363114], [168.66867374277135, -45.02952117638979], [168.66875149883344, -45.02937216576702], [168.66886859955738, -45.02940289269337]]]}, "properties": {"building_id": 5373418, "facet_count": 2, "obstruction_count": 8, "panel_count": 30, "kwp": 13.2, "ac_kwh_day_avg": 39.4, "ac_kwh_year": 14384.0, "facet_area_m2": 119.9, "avg_poa_kwh_m2": 1302.0}}, {"type": "Feature", "geometry": {"type": "Polygon", "coordinates": [[[168.66717817361592, -45.02837892032504], [168.66715920009767, -45.02837220157598], [168.6671370357573, -45.0284036767339], [168.66726877869294, -45.028450329612426], [168.6672150789802, -45.02852658498511], [168.66720770287785, -45.02852397178413], [168.66717852692895, -45.028565366567186], [168.6669263876886, -45.028475994388195], [168.66699355365802, -45.02838070759664], [168.66701590991536, -45.02838863329977], [168.6670602431205, -45.02832575713401], [168.66707120153055, -45.028329643702875], [168.66710685375105, -45.02827910617905], [168.66722021794936, -45.028319324172784], [168.66717817361592, -45.02837892032504]]]}, "properties": {"building_id": 5373421, "facet_count": 2, "obstruction_count": 10, "panel_count": 118, "kwp": 51.92, "ac_kwh_day_avg": 155.0, "ac_kwh_year": 56578.0, "facet_area_m2": 397.6, "avg_poa_kwh_m2": 1306.0}}, {"type": "Feature", "geometry": {"type": "Polygon", "coordinates": [[[168.66819012766803, -45.03041742394313], [168.6680927975486, -45.03038753983914], [168.6681279715336, -45.03032993474002], [168.66815441842877, -45.03028618511721], [168.66812213682582, -45.03027637293867], [168.66815808623954, -45.030216898583205], [168.6682912118718, -45.03025736053719], [168.6682497837368, -45.03032590054467], [168.66823379453862, -45.03032104101489], [168.6682018847926, -45.03037383644044], [168.66821420781062, -45.030377581554205], [168.66819012766803, -45.03041742394313]]]}, "properties": {"building_id": 5373427, "facet_count": 5, "obstruction_count": 4, "panel_count": 24, "kwp": 10.56, "ac_kwh_day_avg": 31.5, "ac_kwh_year": 11505.0, "facet_area_m2": 105.2, "avg_poa_kwh_m2": 1298.0}}, {"type": "Feature", "geometry": {"type": "Polygon", "coordinates": [[[168.6678059489589, -45.03107925050107], [168.66773827305158, -45.03112918290013], [168.66769882017468, -45.03110224317107], [168.66768922584538, -45.03110930869175], [168.66763875214818, -45.03107484374923], [168.66773459303042, -45.031008556207], [168.6677450986999, -45.03100082047019], [168.6677847736609, -45.031027911754066], [168.6677683798319, -45.0310399849725], [168.6677792673313, -45.03104741934307], [168.6677786354032, -45.03106060021312], [168.6678059489589, -45.03107925050107]]]}, "properties": {"building_id": 5373431, "facet_count": 1, "obstruction_count": 4, "panel_count": 23, "kwp": 10.12, "ac_kwh_day_avg": 30.2, "ac_kwh_year": 11028.0, "facet_area_m2": 86.8, "avg_poa_kwh_m2": 1306.0}}, {"type": "Feature", "geometry": {"type": "Polygon", "coordinates": [[[168.66703090083635, -45.030495090922024], [168.66718854034326, -45.03060571743185], [168.66706689182288, -45.0306830965128], [168.66691268587525, -45.030579912886786], [168.66703090083635, -45.030495090922024]]]}, "properties": {"building_id": 5373438, "facet_count": 3, "obstruction_count": 2, "panel_count": 44, "kwp": 19.36, "ac_kwh_day_avg": 57.6, "ac_kwh_year": 21033.0, "facet_area_m2": 161.4, "avg_poa_kwh_m2": 1294.0}}, {"type": "Feature", "geometry": {"type": "Polygon", "coordinates": [[[168.66843965952444, -45.030654114153776], [168.66844438279077, -45.03064540156081], [168.66843323417874, -45.030642362861464], [168.66844114843948, -45.030627760057605], [168.6684219570642, -45.03062252983384], [168.66843849938445, -45.03059200916814], [168.66840414300322, -45.03058264601917], [168.66841879998032, -45.030555604962224], [168.66842833571846, -45.030555057229535], [168.66843493254942, -45.03055467867675], [168.6684415499609, -45.03054247060836], [168.66843898885847, -45.03054177285973], [168.66843773461537, -45.03054108426317], [168.66843664364515, -45.03054026774268], [168.66843574237168, -45.030539343206314], [168.66843505215536, -45.03053833036981], [168.66843458881849, -45.0305372550397], [168.66843436192198, -45.03053614188445], [168.66843437962538, -45.03053501731965], [168.6684346398936, -45.03053390827367], [168.66847009495046, -45.0304684938687], [168.6685443588647, -45.0304887336303], [168.66853840659056, -45.030499716615424], [168.66859494944748, -45.03051512678032], [168.66856644678052, -45.030567714843976], [168.66856351422376, -45.03057312517565], [168.668552380537, -45.03057009065589], [168.66853051898303, -45.03061042472588], [168.66851791885364, -45.03060698970631], [168.66849838929852, -45.030643023057806], [168.66848440091357, -45.03063921121311], [168.6684792113768, -45.03064878557528], [168.66847675546632, -45.03065111376265], [168.66847382790314, -45.030653148569186], [168.6684704957099, -45.03065484303119], [168.66846683816053, -45.03065615605174], [168.6684629399763, -45.03065705844335], [168.66845889433245, -45.03065752674094], [168.6684547945846, -45.03065755188932], [168.6684507372754, -45.03065713305618], [168.66843965952444, -45.030654114153776]]]}, "properties": {"building_id": 4734777, "facet_count": 2, "obstruction_count": 3, "panel_count": 36, "kwp": 15.84, "ac_kwh_day_avg": 47.3, "ac_kwh_year": 17261.0, "facet_area_m2": 144.5, "avg_poa_kwh_m2": 1301.0}}, {"type": "Feature", "geometry": {"type": "Polygon", "coordinates": [[[168.66875891131033, -45.030676366109525], [168.66866809188983, -45.03075490539701], [168.66860451852648, -45.030717941326834], [168.66859459253112, -45.030726525544544], [168.66852879879727, -45.03068826990599], [168.66860982692512, -45.03061819674108], [168.6686767309003, -45.03065709764706], [168.66869644703053, -45.030640046459744], [168.66875891131033, -45.030676366109525]]]}, "properties": {"building_id": 4735024, "facet_count": 2, "obstruction_count": 0, "panel_count": 6, "kwp": 2.64, "ac_kwh_day_avg": 7.9, "ac_kwh_year": 2877.0, "facet_area_m2": 48.1, "avg_poa_kwh_m2": 1301.0}}, {"type": "Feature", "geometry": {"type": "Polygon", "coordinates": [[[168.66684463987917, -45.02905290780345], [168.66683407416858, -45.029046999694394], [168.6668954062936, -45.02899184322419], [168.6669634945922, -45.029029916080674], [168.6668135664828, -45.02916474724414], [168.66661250488536, -45.02905231991297], [168.6666610068508, -45.02900870235617], [168.66680454451952, -45.02908896474659], [168.66684463987917, -45.02905290780345]]]}, "properties": {"building_id": 4735036, "facet_count": 5, "obstruction_count": 5, "panel_count": 28, "kwp": 12.32, "ac_kwh_day_avg": 32.7, "ac_kwh_year": 11933.0, "facet_area_m2": 171.2, "avg_poa_kwh_m2": 1204.0}}, {"type": "Feature", "geometry": {"type": "Polygon", "coordinates": [[[168.6669195206186, -45.03091258175181], [168.666788551809, -45.03081656149166], [168.66689811618042, -45.03074141703734], [168.66702908502077, -45.03083743717284], [168.6669195206186, -45.03091258175181]]]}, "properties": {"building_id": 4735038, "facet_count": 4, "obstruction_count": 2, "panel_count": 18, "kwp": 7.92, "ac_kwh_day_avg": 22.9, "ac_kwh_year": 8348.0, "facet_area_m2": 155.5, "avg_poa_kwh_m2": 1297.0}}, {"type": "Feature", "geometry": {"type": "Polygon", "coordinates": [[[168.66809146470678, -45.03069843676542], [168.6681708601471, -45.03074687669579], [168.66801156260883, -45.03087816398975], [168.66793216713796, -45.03082972394731], [168.66809146470678, -45.03069843676542]]]}, "properties": {"building_id": 4735039, "facet_count": 2, "obstruction_count": 9, "panel_count": 37, "kwp": 16.28, "ac_kwh_day_avg": 45.8, "ac_kwh_year": 16701.0, "facet_area_m2": 152.7, "avg_poa_kwh_m2": 1253.0}}, {"type": "Feature", "geometry": {"type": "Polygon", "coordinates": [[[168.66868012004844, -45.02861338444561], [168.66859331159895, -45.02858294604099], [168.66865442704338, -45.02849529792375], [168.66876993200538, -45.028535798865214], [168.66871873717002, -45.02860921841838], [168.6686900405383, -45.02859915581762], [168.66868012004844, -45.02861338444561]]]}, "properties": {"building_id": 4735047, "facet_count": 4, "obstruction_count": 1, "panel_count": 7, "kwp": 3.08, "ac_kwh_day_avg": 8.9, "ac_kwh_year": 3249.0, "facet_area_m2": 68.6, "avg_poa_kwh_m2": 1251.0}}, {"type": "Feature", "geometry": {"type": "Polygon", "coordinates": [[[168.6674656895641, -45.03134790743772], [168.66750002806342, -45.031321713738684], [168.66748183512266, -45.03130972205055], [168.667541292644, -45.03126436195068], [168.66761266260744, -45.031311399445116], [168.667625697903, -45.031301451553226], [168.66766148515944, -45.031325023841504], [168.66765221907932, -45.031332100528935], [168.66767177356667, -45.03134496920703], [168.667589479917, -45.031407859541766], [168.66752825422742, -45.031367577493526], [168.66751314547568, -45.03137912532602], [168.6674656895641, -45.03134790743772]]]}, "properties": {"building_id": 4735067, "facet_count": 4, "obstruction_count": 0, "panel_count": 2, "kwp": 0.88, "ac_kwh_day_avg": 2.8, "ac_kwh_year": 1026.0, "facet_area_m2": 45.2, "avg_poa_kwh_m2": 1370.0}}, {"type": "Feature", "geometry": {"type": "Polygon", "coordinates": [[[168.66704772894104, -45.02982660142041], [168.66701436460494, -45.029846559643566], [168.66693742134103, -45.02978188176784], [168.66696223391077, -45.029767038337745], [168.6668088824573, -45.029638133993906], [168.66688401002702, -45.02959319160267], [168.6669499778993, -45.029648643046926], [168.66697183911415, -45.029612403329786], [168.66719797742894, -45.029680999655355], [168.66716014019931, -45.02974372426899], [168.66714931004205, -45.02974043919365], [168.6671392319995, -45.02975714712191], [168.6670915381151, -45.029742680225795], [168.66707118899683, -45.02975485324953], [168.66713543721377, -45.029808859226264], [168.66707186488603, -45.029846889169825], [168.66704772894104, -45.02982660142041]]]}, "properties": {"building_id": 4735154, "facet_count": 6, "obstruction_count": 0, "panel_count": 76, "kwp": 33.44, "ac_kwh_day_avg": 98.5, "ac_kwh_year": 35955.0, "facet_area_m2": 362.7, "avg_poa_kwh_m2": 1266.0}}, {"type": "Feature", "geometry": {"type": "Polygon", "coordinates": [[[168.66879107325514, -45.02745956510705], [168.66881006405518, -45.02744042129938], [168.6688493304272, -45.02746000981169], [168.66892861067208, -45.02738008762239], [168.66901888713386, -45.027425121797336], [168.6689510857836, -45.027493472559], [168.66896403434203, -45.02749993190644], [168.66894509987492, -45.02751901936782], [168.66901720083868, -45.02755498668371], [168.66907382144637, -45.027497908149314], [168.66927360902545, -45.02759757114625], [168.66920881419807, -45.027662891022054], [168.66909544510156, -45.02760633666514], [168.66902918799875, -45.02767313120377], [168.66893290357567, -45.027625099776415], [168.66890307964536, -45.027655164484656], [168.6687851846234, -45.02759635301049], [168.6688156723713, -45.027565617708916], [168.66869052725855, -45.02750318824989], [168.66875275977011, -45.02744045297473], [168.66879107325514, -45.02745956510705]]]}, "properties": {"building_id": 4735246, "facet_count": 15, "obstruction_count": 10, "panel_count": 49, "kwp": 21.56, "ac_kwh_day_avg": 51.7, "ac_kwh_year": 18861.0, "facet_area_m2": 272.4, "avg_poa_kwh_m2": 1146.0}}, {"type": "Feature", "geometry": {"type": "Polygon", "coordinates": [[[168.66758002409216, -45.028593285871274], [168.66756106718634, -45.0285863909592], [168.6676816012613, -45.02841974515249], [168.6679101858705, -45.02850288649537], [168.6677693756548, -45.02869756621662], [168.66755974742762, -45.02862131948716], [168.66758002409216, -45.028593285871274]]]}, "properties": {"building_id": 4735277, "facet_count": 3, "obstruction_count": 15, "panel_count": 106, "kwp": 46.64, "ac_kwh_day_avg": 115.3, "ac_kwh_year": 42075.0, "facet_area_m2": 379.6, "avg_poa_kwh_m2": 1096.0}}, {"type": "Feature", "geometry": {"type": "Polygon", "coordinates": [[[168.6678195676181, -45.03073786512039], [168.66775406095448, -45.030786631409605], [168.66769461622096, -45.0307464795369], [168.66776012288412, -45.03069771328182], [168.6678195676181, -45.03073786512039]]]}, "properties": {"building_id": 4735301, "facet_count": 2, "obstruction_count": 3, "panel_count": 5, "kwp": 2.2, "ac_kwh_day_avg": 6.0, "ac_kwh_year": 2174.0, "facet_area_m2": 43.1, "avg_poa_kwh_m2": 1276.0}}, {"type": "Feature", "geometry": {"type": "Polygon", "coordinates": [[[168.66727370262774, -45.03083657767307], [168.66724041057847, -45.03082309394948], [168.6671175365289, -45.0307361964149], [168.66728827953037, -45.03060074994761], [168.66746488194886, -45.030382064811484], [168.66761173649968, -45.03044169746101], [168.6676205852038, -45.03043073999179], [168.66787008567022, -45.03053205452144], [168.6677739378662, -45.03065111428573], [168.66771470331014, -45.03062706130771], [168.66770670757558, -45.030636961972526], [168.66758846773976, -45.03058894834722], [168.6675225644301, -45.03067055546346], [168.66750011487628, -45.03066143935267], [168.6674732647084, -45.03069468725455], [168.66727370262774, -45.03083657767307]]]}, "properties": {"building_id": 4735304, "facet_count": 2, "obstruction_count": 31, "panel_count": 375, "kwp": 165.0, "ac_kwh_day_avg": 511.7, "ac_kwh_year": 186763.0, "facet_area_m2": 1124.4, "avg_poa_kwh_m2": 1357.0}}, {"type": "Feature", "geometry": {"type": "Polygon", "coordinates": [[[168.6678320807712, -45.028206967420246], [168.66789785501882, -45.02813725031795], [168.66788942498206, -45.028133250858566], [168.66791359623102, -45.028107630973935], [168.66792112183455, -45.028111201775616], [168.66792879443486, -45.02810306848933], [168.66804851098235, -45.02815986703454], [168.66801579515538, -45.02819454310405], [168.66799907353715, -45.028186609776796], [168.66794412096868, -45.02824485659896], [168.66787123339466, -45.02821027560784], [168.66786128258425, -45.028220822134735], [168.6678320807712, -45.028206967420246]]]}, "properties": {"building_id": 4735311, "facet_count": 2, "obstruction_count": 2, "panel_count": 28, "kwp": 12.32, "ac_kwh_day_avg": 30.1, "ac_kwh_year": 10971.0, "facet_area_m2": 116.2, "avg_poa_kwh_m2": 1112.0}}, {"type": "Feature", "geometry": {"type": "Polygon", "coordinates": [[[168.66908067815694, -45.02984305418529], [168.66906704194045, -45.02986094407189], [168.66880342540662, -45.02975990507324], [168.66885966435373, -45.02968612172858], [168.66917337716322, -45.02980636199587], [168.66913077475297, -45.02986225471457], [168.66908067815694, -45.02984305418529]]]}, "properties": {"building_id": 4735320, "facet_count": 3, "obstruction_count": 2, "panel_count": 57, "kwp": 25.08, "ac_kwh_day_avg": 65.1, "ac_kwh_year": 23761.0, "facet_area_m2": 205.6, "avg_poa_kwh_m2": 1166.0}}, {"type": "Feature", "geometry": {"type": "Polygon", "coordinates": [[[168.66697167986413, -45.028020869199246], [168.66692031481423, -45.02803426489377], [168.66694968794633, -45.028090905193885], [168.66683482532218, -45.02812086129883], [168.66675985704813, -45.0279763025776], [168.66685057785386, -45.02795264294772], [168.66686447549358, -45.027979442402824], [168.66693998332624, -45.02795975035678], [168.66697167986413, -45.028020869199246]]]}, "properties": {"building_id": 4735346, "facet_count": 6, "obstruction_count": 1, "panel_count": 7, "kwp": 3.08, "ac_kwh_day_avg": 9.0, "ac_kwh_year": 3295.0, "facet_area_m2": 92.5, "avg_poa_kwh_m2": 1279.0}}, {"type": "Feature", "geometry": {"type": "Polygon", "coordinates": [[[168.6679421862743, -45.029964354153115], [168.66792207888565, -45.02999739932081], [168.66796874024175, -45.03001167629566], [168.66789340226035, -45.030135493260715], [168.6676837528289, -45.030071348118675], [168.66774153471954, -45.02997638488695], [168.6678114826751, -45.02999778617544], [168.66784914651666, -45.029935887432224], [168.6679421862743, -45.029964354153115]]]}, "properties": {"building_id": 4735353, "facet_count": 1, "obstruction_count": 4, "panel_count": 91, "kwp": 40.04, "ac_kwh_day_avg": 111.9, "ac_kwh_year": 40833.0, "facet_area_m2": 258.2, "avg_poa_kwh_m2": 1222.0}}, {"type": "Feature", "geometry": {"type": "Polygon", "coordinates": [[[168.6683403843643, -45.02985457119232], [168.66834884114127, -45.02978004269449], [168.6684565493658, -45.02978618829425], [168.66852986480373, -45.029732163325484], [168.6686082154139, -45.02978562961942], [168.66849448398725, -45.02986943649049], [168.6683403843643, -45.02985457119232]]]}, "properties": {"building_id": 4735354, "facet_count": 8, "obstruction_count": 0, "panel_count": 13, "kwp": 5.72, "ac_kwh_day_avg": 21.3, "ac_kwh_year": 7779.0, "facet_area_m2": 88.7, "avg_poa_kwh_m2": 1347.0}}, {"type": "Feature", "geometry": {"type": "Polygon", "coordinates": [[[168.6683563450494, -45.029278173628], [168.66845579311075, -45.02930472929482], [168.66843007851767, -45.0293531536737], [168.66852987640038, -45.029379802685625], [168.66848675189485, -45.0294610120759], [168.6682654101553, -45.02940190585833], [168.66831057748004, -45.02931684935232], [168.66833267428234, -45.02932274992276], [168.6683563450494, -45.029278173628]]]}, "properties": {"building_id": 4735363, "facet_count": 11, "obstruction_count": 3, "panel_count": 25, "kwp": 11.0, "ac_kwh_day_avg": 30.3, "ac_kwh_year": 11042.0, "facet_area_m2": 155.9, "avg_poa_kwh_m2": 1240.0}}, {"type": "Feature", "geometry": {"type": "Polygon", "coordinates": [[[168.66852614442385, -45.02855374182844], [168.66844329417935, -45.0285181128895], [168.6685148723205, -45.028434412778736], [168.6686249810827, -45.02848176360597], [168.66856514550236, -45.028551734696485], [168.66853788569907, -45.02854001179286], [168.66852614442385, -45.02855374182844]]]}, "properties": {"building_id": 4735368, "facet_count": 4, "obstruction_count": 1, "panel_count": 7, "kwp": 3.08, "ac_kwh_day_avg": 9.1, "ac_kwh_year": 3333.0, "facet_area_m2": 68.2, "avg_poa_kwh_m2": 1262.0}}, {"type": "Feature", "geometry": {"type": "Polygon", "coordinates": [[[168.66805101405413, -45.0300350014769], [168.6680840568192, -45.03004611969272], [168.6681330418695, -45.030087601332724], [168.66812706561913, -45.03009653275252], [168.6681584445492, -45.03010709171157], [168.66812158822626, -45.03016217169841], [168.66811068162968, -45.030158502129396], [168.6681080146195, -45.03016036498993], [168.66810493147977, -45.03016187176441], [168.668101527081, -45.030162976547736], [168.66809790427237, -45.030163645440425], [168.66809417254842, -45.030163857398286], [168.6680904452458, -45.03016360772658], [168.66808683481935, -45.030162903399464], [168.6680834527063, -45.03016176485536], [168.66808040026194, -45.03016022835293], [168.66807777056832, -45.030158338838405], [168.66807564176568, -45.03015615419293], [168.6680740811894, -45.03015374088902], [168.668073135311, -45.030151172707974], [168.66807283134335, -45.030148526299946], [168.6680731796366, -45.030145883075356], [168.66802933179073, -45.030131128843884], [168.668031682549, -45.03014635037597], [168.6680039289713, -45.03014728325643], [168.66799238702214, -45.030156286710906], [168.6679889180812, -45.03015831263297], [168.66798503084374, -45.030159910370955], [168.667980828634, -45.03016103974222], [168.66797642302643, -45.03016166897941], [168.66797193210493, -45.030161780965656], [168.6679674752641, -45.030161374837256], [168.66796316995408, -45.03016045865858], [168.66795913346635, -45.030159059392005], [168.66795547102146, -45.03015721254299], [168.6679522816912, -45.03015496778646], [168.6679496484755, -45.03015238588893], [168.66794764377283, -45.030149533515434], [168.66794631877863, -45.03014648912777], [168.66794571069647, -45.030143331556246], [168.66796004935944, -45.03012052015583], [168.66795621797183, -45.030110931553146], [168.6679933503976, -45.030055441723974], [168.66802925289576, -45.03006752201697], [168.66805101405413, -45.0300350014769]]]}, "properties": {"building_id": 4735373, "facet_count": 1, "obstruction_count": 4, "panel_count": 43, "kwp": 18.92, "ac_kwh_day_avg": 56.5, "ac_kwh_year": 20617.0, "facet_area_m2": 134.9, "avg_poa_kwh_m2": 1306.0}}, {"type": "Feature", "geometry": {"type": "Polygon", "coordinates": [[[168.6687867538759, -45.02920135719041], [168.66880566953014, -45.02913320238016], [168.6690253092623, -45.02916385448291], [168.66900639511968, -45.02923200938699], [168.6687867538759, -45.02920135719041]]]}, "properties": {"building_id": 4735382, "facet_count": 2, "obstruction_count": 0, "panel_count": 33, "kwp": 14.52, "ac_kwh_day_avg": 40.6, "ac_kwh_year": 14827.0, "facet_area_m2": 122.6, "avg_poa_kwh_m2": 1257.0}}, {"type": "Feature", "geometry": {"type": "Polygon", "coordinates": [[[168.66703868518613, -45.03128105925154], [168.66700526978158, -45.03130233610744], [168.66694244962844, -45.031252728665514], [168.66699585155288, -45.031218725825475], [168.66698087227584, -45.03120689594505], [168.66702081469623, -45.03118146257492], [168.6672154414032, -45.03133515412874], [168.66712883606348, -45.03139029979183], [168.66705693514933, -45.03133352109895], [168.66708361015364, -45.03131653577217], [168.66703868518613, -45.03128105925154]]]}, "properties": {"building_id": 4735402, "facet_count": 7, "obstruction_count": 3, "panel_count": 15, "kwp": 6.6, "ac_kwh_day_avg": 18.1, "ac_kwh_year": 6596.0, "facet_area_m2": 97.4, "avg_poa_kwh_m2": 1209.0}}, {"type": "Feature", "geometry": {"type": "Polygon", "coordinates": [[[168.66811399651903, -45.03140087951574], [168.6681305569685, -45.03139002873639], [168.6681129209543, -45.03137649480388], [168.66819784685563, -45.03132084797602], [168.6682122275869, -45.03133188348703], [168.66824372433254, -45.03131124541402], [168.66830101203377, -45.03135520834919], [168.66826792595432, -45.031376886973284], [168.66827905141935, -45.031385424069555], [168.66819443004835, -45.03144087098606], [168.6681753949522, -45.031426263079744], [168.66816011800884, -45.03143627325432], [168.66811399651903, -45.03140087951574]]]}, "properties": {"building_id": 4735619, "facet_count": 3, "obstruction_count": 0, "panel_count": 1, "kwp": 0.44, "ac_kwh_day_avg": 1.3, "ac_kwh_year": 479.0, "facet_area_m2": 20.3, "avg_poa_kwh_m2": 1381.0}}, {"type": "Feature", "geometry": {"type": "Polygon", "coordinates": [[[168.669108805207, -45.02963502579963], [168.66894449532927, -45.02959929534583], [168.66895792075408, -45.029568251088406], [168.66887868279775, -45.02955102007661], [168.66889748891165, -45.0295075335009], [168.6689067158781, -45.02949495825854], [168.66891874873895, -45.02948363737001], [168.66893325415163, -45.029473883137456], [168.66894983600463, -45.02946596496956], [168.66897088417852, -45.02948834946196], [168.66899378562425, -45.02947752073713], [168.66902821525724, -45.02952466656983], [168.6690029368534, -45.02953726658204], [168.66903759204737, -45.0295618379131], [168.6690431960704, -45.029550303355684], [168.6690982596703, -45.02955982743625], [168.66909391347605, -45.029572607939656], [168.66914223422143, -45.029568450374036], [168.66914121163202, -45.02956131892424], [168.66913862121996, -45.029554389862135], [168.66913452744996, -45.02954783487261], [168.66912903343916, -45.029541818107184], [168.66918701542158, -45.029503744751025], [168.6692347470155, -45.029540298363834], [168.66917546409994, -45.02957922520787], [168.66913646638383, -45.02958213646801], [168.669108805207, -45.02963502579963]]]}, "properties": {"building_id": 4735621, "facet_count": 11, "obstruction_count": 3, "panel_count": 16, "kwp": 7.04, "ac_kwh_day_avg": 21.5, "ac_kwh_year": 7851.0, "facet_area_m2": 144.5, "avg_poa_kwh_m2": 1340.0}}, {"type": "Feature", "geometry": {"type": "Polygon", "coordinates": [[[168.6681357404125, -45.030964898557194], [168.66803938104928, -45.03093005942226], [168.66811271051586, -45.0308280757629], [168.66820906976142, -45.03086291483142], [168.6681357404125, -45.030964898557194]]]}, "properties": {"building_id": 4735634, "facet_count": 5, "obstruction_count": 2, "panel_count": 4, "kwp": 1.76, "ac_kwh_day_avg": 5.5, "ac_kwh_year": 2014.0, "facet_area_m2": 51.0, "avg_poa_kwh_m2": 1249.0}}, {"type": "Feature", "geometry": {"type": "Polygon", "coordinates": [[[168.67410097809798, -45.029622442566456], [168.67409059273103, -45.02968086055761], [168.6740746166134, -45.02967943238542], [168.6740688212884, -45.02971203428053], [168.67395877265915, -45.029702196538665], [168.6739786727425, -45.02959025607781], [168.67405270115376, -45.02959687422702], [168.67404898204197, -45.02961779393148], [168.67410097809798, -45.029622442566456]]]}, "properties": {"building_id": 4750867, "facet_count": 2, "obstruction_count": 1, "panel_count": 33, "kwp": 14.52, "ac_kwh_day_avg": 44.1, "ac_kwh_year": 16107.0, "facet_area_m2": 105.4, "avg_poa_kwh_m2": 1330.0}}, {"type": "Feature", "geometry": {"type": "Polygon", "coordinates": [[[168.67271723442553, -45.0292819527448], [168.6727636531911, -45.02929684507301], [168.67278396751388, -45.029265003254984], [168.67286245380564, -45.02929669156758], [168.67284705334944, -45.02931587332306], [168.6728756460202, -45.029340864179595], [168.67285950437096, -45.02935703367014], [168.6728973834929, -45.02937604870817], [168.6729545594215, -45.02939439104999], [168.67294359825897, -45.02941157097673], [168.67298045878113, -45.029423396210476], [168.6729392270473, -45.029488023823035], [168.67292837037297, -45.029483640060356], [168.67289859516384, -45.02952072464469], [168.6728433329942, -45.02947242278192], [168.67283584827265, -45.029476728721704], [168.67281852715433, -45.02946158893023], [168.6727377874995, -45.02942899137127], [168.67269927493672, -45.029395330445425], [168.67271488270947, -45.029386351233136], [168.6726426491114, -45.02936317833802], [168.67264806284192, -45.02935469252395], [168.6726095837138, -45.02934234843808], [168.6726512821968, -45.02927698970546], [168.67270865746724, -45.02929539645084], [168.67271723442553, -45.0292819527448]]]}, "properties": {"building_id": 4750891, "facet_count": 4, "obstruction_count": 4, "panel_count": 22, "kwp": 9.68, "ac_kwh_day_avg": 27.6, "ac_kwh_year": 10092.0, "facet_area_m2": 186.3, "avg_poa_kwh_m2": 1246.0}}, {"type": "Feature", "geometry": {"type": "Polygon", "coordinates": [[[168.67042687873908, -45.03087377611278], [168.67035737676213, -45.03077046367802], [168.6704532618805, -45.030732109236546], [168.67047068693685, -45.03075789043011], [168.67051796458492, -45.030769498372074], [168.67054171638645, -45.03080251872793], [168.6705437192903, -45.030819178101375], [168.6705316453924, -45.030849277366045], [168.67051716679845, -45.03084635634484], [168.67047212932243, -45.03086509985294], [168.67049190557265, -45.030888993079174], [168.67048593291076, -45.030903880415835], [168.67049872343534, -45.03091933458377], [168.67053662625892, -45.03092698010724], [168.6705513211796, -45.03094473457132], [168.67049181768314, -45.030969498232984], [168.67046422841352, -45.0309596464779], [168.67042215920205, -45.03095968063462], [168.67039789510682, -45.03095215553288], [168.6704021806709, -45.030935541162826], [168.67040211479468, -45.03089606262887], [168.670411738923, -45.030880077127925], [168.67042687873908, -45.03087377611278]]]}, "properties": {"building_id": 4750893, "facet_count": 3, "obstruction_count": 0, "panel_count": 19, "kwp": 8.36, "ac_kwh_day_avg": 25.0, "ac_kwh_year": 9110.0, "facet_area_m2": 94.3, "avg_poa_kwh_m2": 1290.0}}, {"type": "Feature", "geometry": {"type": "Polygon", "coordinates": [[[168.67078115843404, -45.03134052756653], [168.67080583897436, -45.03132186507929], [168.67086493103983, -45.03136115934941], [168.67090700617086, -45.03136024396745], [168.67090837773313, -45.031391953037364], [168.67095247974447, -45.031390993990456], [168.67095580673313, -45.0314679443537], [168.67080508813962, -45.03147122128673], [168.67080233895888, -45.031407632778745], [168.67076313602573, -45.03138156418947], [168.67078202976788, -45.03136727829735], [168.6707695528013, -45.03135898177859], [168.67078796868046, -45.031345055816246], [168.67078115843404, -45.03134052756653]]]}, "properties": {"building_id": 4750894, "facet_count": 3, "obstruction_count": 9, "panel_count": 19, "kwp": 8.36, "ac_kwh_day_avg": 25.7, "ac_kwh_year": 9379.0, "facet_area_m2": 117.8, "avg_poa_kwh_m2": 1346.0}}, {"type": "Feature", "geometry": {"type": "Polygon", "coordinates": [[[168.66965576908592, -45.0295266628202], [168.66971051528427, -45.02956473757756], [168.66973740333012, -45.02954529679848], [168.66977746686644, -45.029573159210415], [168.66975484343314, -45.02958951771984], [168.66979318712757, -45.02961618415327], [168.66969337455274, -45.02968835226011], [168.669558945176, -45.02959486018419], [168.66958822214934, -45.0295736918122], [168.66955556645073, -45.0295509807872], [168.6696076561177, -45.029513318000085], [168.66964158777714, -45.02953691736054], [168.66965576908592, -45.0295266628202]]]}, "properties": {"building_id": 4750930, "facet_count": 4, "obstruction_count": 9, "panel_count": 26, "kwp": 11.44, "ac_kwh_day_avg": 34.2, "ac_kwh_year": 12466.0, "facet_area_m2": 143.9, "avg_poa_kwh_m2": 1301.0}}, {"type": "Feature", "geometry": {"type": "Polygon", "coordinates": [[[168.6700375713104, -45.02949745154562], [168.66997570679322, -45.02954779057338], [168.66996227472902, -45.02953949009072], [168.66991813039772, -45.029575409628166], [168.66974589613662, -45.029468971842256], [168.66980173772617, -45.02942353342368], [168.66987264895508, -45.029467355963526], [168.66992281631437, -45.02942653505671], [168.6700375713104, -45.02949745154562]]]}, "properties": {"building_id": 4750931, "facet_count": 1, "obstruction_count": 3, "panel_count": 55, "kwp": 24.2, "ac_kwh_day_avg": 72.2, "ac_kwh_year": 26371.0, "facet_area_m2": 172.4, "avg_poa_kwh_m2": 1306.0}}, {"type": "Feature", "geometry": {"type": "Polygon", "coordinates": [[[168.66979745254147, -45.03151820554818], [168.66978007463126, -45.031528605127924], [168.66974955002271, -45.03150296038236], [168.66992718258834, -45.03139665067365], [168.66993481426553, -45.03140321040021], [168.66994050443859, -45.031388519405915], [168.66994213505888, -45.03138721756012], [168.66994405282455, -45.03138613096514], [168.6699462045246, -45.03138529180688], [168.66994852489987, -45.03138472371184], [168.6699509491658, -45.031384444023246], [168.66995340442298, -45.03138445987397], [168.66995581951235, -45.03138477216167], [168.66995588578882, -45.031384785481585], [168.6699582343084, -45.03138540760639], [168.66996039536926, -45.03138630977084], [168.6699623025141, -45.031387464245114], [168.669963897491, -45.031388835509425], [168.66996513384754, -45.03139038309103], [168.66996597207105, -45.03139205867913], [168.66996638677648, -45.03139381179898], [168.66996338077243, -45.031401573373195], [168.67000859356648, -45.03141037803909], [168.6700250962918, -45.03136777058984], [168.67005735638176, -45.031394389476844], [168.67003080096194, -45.03146295462782], [168.67003530234336, -45.03146383136606], [168.67000015977803, -45.031484743731696], [168.66996468160286, -45.03147783466964], [168.66996861028014, -45.031467690234365], [168.66993739330346, -45.031461610972805], [168.66994813499258, -45.031433877276264], [168.6699422123547, -45.031432724198716], [168.66986028219088, -45.031481757211075], [168.66987417354608, -45.03149342745916], [168.66986130829633, -45.03150112686936], [168.6699077201323, -45.03154011998452], [168.66984302680737, -45.03157883714479], [168.66980310886763, -45.03154529919263], [168.66980124621602, -45.03152139230443], [168.66979745254147, -45.03151820554818]]]}, "properties": {"building_id": 4750936, "facet_count": 4, "obstruction_count": 1, "panel_count": 11, "kwp": 4.84, "ac_kwh_day_avg": 14.2, "ac_kwh_year": 5185.0, "facet_area_m2": 112.6, "avg_poa_kwh_m2": 1285.0}}, {"type": "Feature", "geometry": {"type": "Polygon", "coordinates": [[[168.66960476043062, -45.02893687027671], [168.6694030111962, -45.02884226983206], [168.669529804941, -45.02870629170998], [168.6697315539396, -45.02880089192141], [168.66960476043062, -45.02893687027671]]]}, "properties": {"building_id": 4750938, "facet_count": 3, "obstruction_count": 4, "panel_count": 78, "kwp": 34.32, "ac_kwh_day_avg": 88.8, "ac_kwh_year": 32394.0, "facet_area_m2": 295.4, "avg_poa_kwh_m2": 1172.0}}, {"type": "Feature", "geometry": {"type": "Polygon", "coordinates": [[[168.66931703551865, -45.02936578570886], [168.6692784073068, -45.029343797394766], [168.6692389892172, -45.02937861976143], [168.66917596306274, -45.02934274442267], [168.66918264585547, -45.029336841025], [168.66911838252165, -45.02930564734806], [168.66914798901283, -45.02927497659936], [168.66911009474163, -45.029256582666235], [168.6691495593939, -45.029215700232854], [168.66914269716315, -45.02921236896224], [168.66921686534926, -45.02913553444837], [168.6692374313265, -45.0291455166563], [168.66924184401924, -45.0291409448066], [168.66933338847937, -45.02918538146368], [168.66931459827936, -45.02920198183888], [168.669326520933, -45.02920876854498], [168.669344405241, -45.029192968227356], [168.6694326459301, -45.02924319623676], [168.66942614680664, -45.02924893739127], [168.6694402285576, -45.029256953854734], [168.66931703551865, -45.02936578570886]]]}, "properties": {"building_id": 4750940, "facet_count": 5, "obstruction_count": 2, "panel_count": 73, "kwp": 32.12, "ac_kwh_day_avg": 90.1, "ac_kwh_year": 32878.0, "facet_area_m2": 341.5, "avg_poa_kwh_m2": 1236.0}}, {"type": "Feature", "geometry": {"type": "Polygon", "coordinates": [[[168.67161661579013, -45.03080238307507], [168.67153753280283, -45.03081887282081], [168.6715559406997, -45.030863261638466], [168.67140283814433, -45.03089518560475], [168.6713782277349, -45.0308358359196], [168.67138614311224, -45.03083418578709], [168.67137253042554, -45.030801358337804], [168.6713438946589, -45.03080732930446], [168.67125559194147, -45.03059438388588], [168.67133569620444, -45.03057768106549], [168.67135687221878, -45.030628748221574], [168.6713896932245, -45.030621904564285], [168.67141168313174, -45.03067493712508], [168.6714517114824, -45.03066659016504], [168.6714920417361, -45.03076384694269], [168.6715919932976, -45.03074300597134], [168.67161661579013, -45.03080238307507]]]}, "properties": {"building_id": 4750941, "facet_count": 2, "obstruction_count": 10, "panel_count": 116, "kwp": 51.04, "ac_kwh_day_avg": 152.2, "ac_kwh_year": 55560.0, "facet_area_m2": 389.6, "avg_poa_kwh_m2": 1303.0}}, {"type": "Feature", "geometry": {"type": "Polygon", "coordinates": [[[168.67075967729477, -45.02934248955273], [168.67078431124006, -45.029325412198], [168.67095412500316, -45.02944858746721], [168.6708598815823, -45.02951392213747], [168.6706759969267, -45.029641400280546], [168.67048140283617, -45.02950025017989], [168.67073489725195, -45.02932451527234], [168.67075967729477, -45.02934248955273]]]}, "properties": {"building_id": 4750942, "facet_count": 5, "obstruction_count": 2, "panel_count": 139, "kwp": 61.16, "ac_kwh_day_avg": 182.6, "ac_kwh_year": 66647.0, "facet_area_m2": 530.3, "avg_poa_kwh_m2": 1295.0}}, {"type": "Feature", "geometry": {"type": "Polygon", "coordinates": [[[168.6695985628118, -45.029811037186086], [168.66961539940732, -45.02983037915266], [168.66956436970588, -45.02985271416583], [168.6694192492222, -45.02968599309223], [168.66952551290368, -45.0296636860837], [168.6696157296048, -45.029792284850636], [168.6695985628118, -45.029811037186086]]]}, "properties": {"building_id": 4750943, "facet_count": 1, "obstruction_count": 2, "panel_count": 37, "kwp": 16.28, "ac_kwh_day_avg": 45.3, "ac_kwh_year": 16552.0, "facet_area_m2": 126.9, "avg_poa_kwh_m2": 1219.0}}, {"type": "Feature", "geometry": {"type": "Polygon", "coordinates": [[[168.66959809342367, -45.03066834684764], [168.6695114327448, -45.030597411614416], [168.6695654643322, -45.030564220052355], [168.6695946342203, -45.030588095821166], [168.6696182040468, -45.03057361688709], [168.66957191780824, -45.03053572935441], [168.6696706633579, -45.03047506936115], [168.6697553227193, -45.03054436661696], [168.66970975400204, -45.03057235979893], [168.6697206584305, -45.030581286241556], [168.6696917063775, -45.03059907147282], [168.66969991969114, -45.0306057946412], [168.66959809342367, -45.03066834684764]]]}, "properties": {"building_id": 4750947, "facet_count": 9, "obstruction_count": 0, "panel_count": 3, "kwp": 1.32, "ac_kwh_day_avg": 4.3, "ac_kwh_year": 1581.0, "facet_area_m2": 70.9, "avg_poa_kwh_m2": 1127.0}}, {"type": "Feature", "geometry": {"type": "Polygon", "coordinates": [[[168.6699938506763, -45.02914871266917], [168.6699208277722, -45.02911683203398], [168.66988022408694, -45.029163599866074], [168.6698180214505, -45.029136443716496], [168.66985088187616, -45.02909859323452], [168.66986681524722, -45.02910554848772], [168.67002647133287, -45.028921609086844], [168.67011233775668, -45.028959086771934], [168.67010064003816, -45.028972565370545], [168.67014867593278, -45.02899352723973], [168.67007338757452, -45.029080288752155], [168.67005875779037, -45.02907390525452], [168.6699938506763, -45.02914871266917]]]}, "properties": {"building_id": 4750951, "facet_count": 6, "obstruction_count": 8, "panel_count": 49, "kwp": 21.56, "ac_kwh_day_avg": 66.2, "ac_kwh_year": 24153.0, "facet_area_m2": 236.8, "avg_poa_kwh_m2": 1326.0}}, {"type": "Feature", "geometry": {"type": "Polygon", "coordinates": [[[168.66965744697754, -45.030141696809466], [168.66968898942264, -45.030167806039046], [168.66962361687843, -45.03020751809075], [168.66963646164524, -45.0302181493987], [168.66948767163362, -45.03030853542335], [168.66938646253104, -45.030224760691986], [168.66953745988806, -45.03013303275617], [168.66955288879595, -45.030145803877026], [168.669608120121, -45.03011225188615], [168.66964951440275, -45.03014651573739], [168.66965744697754, -45.030141696809466]]]}, "properties": {"building_id": 4750954, "facet_count": 4, "obstruction_count": 3, "panel_count": 28, "kwp": 12.32, "ac_kwh_day_avg": 34.9, "ac_kwh_year": 12720.0, "facet_area_m2": 124.2, "avg_poa_kwh_m2": 1191.0}}, {"type": "Feature", "geometry": {"type": "Polygon", "coordinates": [[[168.66998372759738, -45.030070655091464], [168.6701217253892, -45.03022971101506], [168.6700430441605, -45.03026403709414], [168.66997311873288, -45.03018344088976], [168.66993905579469, -45.0301983014861], [168.66989468073348, -45.030147155001515], [168.669931240637, -45.03013120477119], [168.6699075434964, -45.0301038914328], [168.66998372759738, -45.030070655091464]]]}, "properties": {"building_id": 4750959, "facet_count": 4, "obstruction_count": 0, "panel_count": 3, "kwp": 1.32, "ac_kwh_day_avg": 3.5, "ac_kwh_year": 1274.0, "facet_area_m2": 34.8, "avg_poa_kwh_m2": 1156.0}}, {"type": "Feature", "geometry": {"type": "Polygon", "coordinates": [[[168.67002837185169, -45.03079951415946], [168.66991079747007, -45.03087223650906], [168.66981015372323, -45.03079041814369], [168.6699678200821, -45.03069289820485], [168.67002987309363, -45.030743344417736], [168.66998978231467, -45.03076814217807], [168.67002837185169, -45.03079951415946]]]}, "properties": {"building_id": 4750960, "facet_count": 4, "obstruction_count": 0, "panel_count": 11, "kwp": 4.84, "ac_kwh_day_avg": 13.1, "ac_kwh_year": 4771.0, "facet_area_m2": 73.4, "avg_poa_kwh_m2": 1172.0}}, {"type": "Feature", "geometry": {"type": "Polygon", "coordinates": [[[168.67033862785155, -45.030284296647736], [168.67028612321138, -45.03021521046748], [168.670420960576, -45.0301636818403], [168.67043180989305, -45.03017795719559], [168.67047580483873, -45.03016114371298], [168.67054951985065, -45.030258133886115], [168.67047127626716, -45.03028803649173], [168.67046404100097, -45.03027851699912], [168.67040541417626, -45.03030092361888], [168.67038058760852, -45.03026825995154], [168.67033862785155, -45.030284296647736]]]}, "properties": {"building_id": 4750965, "facet_count": 4, "obstruction_count": 6, "panel_count": 41, "kwp": 18.04, "ac_kwh_day_avg": 48.1, "ac_kwh_year": 17555.0, "facet_area_m2": 143.5, "avg_poa_kwh_m2": 1190.0}}, {"type": "Feature", "geometry": {"type": "Polygon", "coordinates": [[[168.6717543508207, -45.030929695935946], [168.67178832842086, -45.03096319938655], [168.67172550760066, -45.03099523459513], [168.6717025888651, -45.03097263555821], [168.6716836686788, -45.03098228372112], [168.6717082473718, -45.03100652022474], [168.67163536824964, -45.03104368442007], [168.67151924471108, -45.03092918169908], [168.67160495856714, -45.03088547265661], [168.6716342113016, -45.03091431649458], [168.67168485877716, -45.03088848860542], [168.67173609216275, -45.03093900644982], [168.6717543508207, -45.030929695935946]]]}, "properties": {"building_id": 4750970, "facet_count": 1, "obstruction_count": 1, "panel_count": 49, "kwp": 21.56, "ac_kwh_day_avg": 64.4, "ac_kwh_year": 23494.0, "facet_area_m2": 164.1, "avg_poa_kwh_m2": 1306.0}}, {"type": "Feature", "geometry": {"type": "Polygon", "coordinates": [[[168.6698180334017, -45.03005893859836], [168.66979427822983, -45.030042855382504], [168.66977608550675, -45.0300563674732], [168.66974877379363, -45.030037875260966], [168.66973723310107, -45.03004644594913], [168.6696705123695, -45.03000127110121], [168.6697138845684, -45.02996905901768], [168.66969926323569, -45.029959158697075], [168.6696935271397, -45.029963419234434], [168.66961528040486, -45.029910441137154], [168.66966987177796, -45.029869897333036], [168.66973894613312, -45.0299166658102], [168.669744274672, -45.02991270845532], [168.6697827224086, -45.02993873970905], [168.66979620511077, -45.02992872686932], [168.66984890106986, -45.02996440568468], [168.66982854306363, -45.02997952608687], [168.66985352150337, -45.02999643892994], [168.6698377698322, -45.03000813805779], [168.6698632265647, -45.03002537423235], [168.6698180334017, -45.03005893859836]]]}, "properties": {"building_id": 4750979, "facet_count": 5, "obstruction_count": 2, "panel_count": 16, "kwp": 7.04, "ac_kwh_day_avg": 19.0, "ac_kwh_year": 6917.0, "facet_area_m2": 119.8, "avg_poa_kwh_m2": 1246.0}}, {"type": "Feature", "geometry": {"type": "Polygon", "coordinates": [[[168.66904028354554, -45.03038869903382], [168.66916621335545, -45.03031282120264], [168.6692168746199, -45.030355098814184], [168.6692254465967, -45.03034993333112], [168.66927624889584, -45.03039232789795], [168.66915249219414, -45.03046689762158], [168.66910266085645, -45.03042531225354], [168.66909191563553, -45.03043178685033], [168.66904028354554, -45.03038869903382]]]}, "properties": {"building_id": 4750981, "facet_count": 5, "obstruction_count": 3, "panel_count": 16, "kwp": 7.04, "ac_kwh_day_avg": 21.0, "ac_kwh_year": 7658.0, "facet_area_m2": 101.9, "avg_poa_kwh_m2": 1242.0}}, {"type": "Feature", "geometry": {"type": "Polygon", "coordinates": [[[168.669594954285, -45.03035769360344], [168.6695666072251, -45.030331806599726], [168.6696620593449, -45.03027924840982], [168.6697522804494, -45.0303616398776], [168.66959069043523, -45.03045061476614], [168.66952881663167, -45.03039411016414], [168.669594954285, -45.03035769360344]]]}, "properties": {"building_id": 4750993, "facet_count": 3, "obstruction_count": 0, "panel_count": 12, "kwp": 5.28, "ac_kwh_day_avg": 13.9, "ac_kwh_year": 5079.0, "facet_area_m2": 73.6, "avg_poa_kwh_m2": 1147.0}}, {"type": "Feature", "geometry": {"type": "Polygon", "coordinates": [[[168.67083489093937, -45.03011481983651], [168.67088106369553, -45.03017969744465], [168.67072784717567, -45.030234528711176], [168.67070875710561, -45.03020770356148], [168.67068005573785, -45.03021797477781], [168.6706312608159, -45.0301494120395], [168.67073452708226, -45.03011245738817], [168.6707408609704, -45.030121357776025], [168.6708122162475, -45.030095822545256], [168.67082759495023, -45.03011743055224], [168.67083489093937, -45.03011481983651]]]}, "properties": {"building_id": 4750998, "facet_count": 3, "obstruction_count": 5, "panel_count": 35, "kwp": 15.4, "ac_kwh_day_avg": 38.7, "ac_kwh_year": 14130.0, "facet_area_m2": 129.9, "avg_poa_kwh_m2": 1113.0}}, {"type": "Feature", "geometry": {"type": "Polygon", "coordinates": [[[168.6738973223657, -45.030211413596625], [168.67382038881175, -45.03019133797119], [168.67388765107253, -45.03006172662915], [168.6737064357661, -45.03001443766482], [168.67377347978464, -45.02988524569583], [168.67385064070126, -45.02990538129337], [168.67381034206014, -45.02998303437521], [168.6739913308479, -45.03003026326638], [168.6738973223657, -45.030211413596625]]]}, "properties": {"building_id": 4750999, "facet_count": 2, "obstruction_count": 3, "panel_count": 82, "kwp": 36.08, "ac_kwh_day_avg": 108.8, "ac_kwh_year": 39712.0, "facet_area_m2": 270.7, "avg_poa_kwh_m2": 1317.0}}, {"type": "Feature", "geometry": {"type": "Polygon", "coordinates": [[[168.6691406335489, -45.03056579563875], [168.66912622789488, -45.03056480091745], [168.6691280007808, -45.030551888436456], [168.66910435466565, -45.03055025546986], [168.6691099734071, -45.03050932756436], [168.66921331734707, -45.03051646135425], [168.66921659200764, -45.03049261100806], [168.66932729718067, -45.03050025391896], [168.66932271548964, -45.03053362453147], [168.6693078652829, -45.03053259944082], [168.66929806727705, -45.03060397593648], [168.669244388519, -45.03060027028498], [168.6692434094155, -45.03060739859852], [168.66913593952475, -45.03059997934816], [168.6691406335489, -45.03056579563875]]]}, "properties": {"building_id": 4751009, "facet_count": 2, "obstruction_count": 1, "panel_count": 45, "kwp": 19.8, "ac_kwh_day_avg": 51.4, "ac_kwh_year": 18744.0, "facet_area_m2": 117.9, "avg_poa_kwh_m2": 1128.0}}, {"type": "Feature", "geometry": {"type": "Polygon", "coordinates": [[[168.66923353578554, -45.030347931676616], [168.6692012474144, -45.03031985137058], [168.66925852701038, -45.030286732945726], [168.66935011391377, -45.03036638573168], [168.669300327812, -45.03039517092391], [168.6692410291749, -45.03034360019828], [168.66923353578554, -45.030347931676616]]]}, "properties": {"building_id": 4751022, "facet_count": 3, "obstruction_count": 2, "panel_count": 3, "kwp": 1.32, "ac_kwh_day_avg": 3.5, "ac_kwh_year": 1275.0, "facet_area_m2": 36.4, "avg_poa_kwh_m2": 1171.0}}, {"type": "Feature", "geometry": {"type": "Polygon", "coordinates": [[[168.67383702812754, -45.02962872055915], [168.67382467148877, -45.02962742341857], [168.67383978725397, -45.02955502589205], [168.67396214929116, -45.02956787319759], [168.6739397449905, -45.029675182559025], [168.67382973931092, -45.02966363326036], [168.67383702812754, -45.02962872055915]]]}, "properties": {"building_id": 4751023, "facet_count": 2, "obstruction_count": 1, "panel_count": 36, "kwp": 15.84, "ac_kwh_day_avg": 49.4, "ac_kwh_year": 18022.0, "facet_area_m2": 104.6, "avg_poa_kwh_m2": 1345.0}}, {"type": "Feature", "geometry": {"type": "Polygon", "coordinates": [[[168.67117121854193, -45.029843369386874], [168.6710605358521, -45.029923687598156], [168.67094261457916, -45.029841972942194], [168.67105329852504, -45.02976165489304], [168.67117121854193, -45.029843369386874]]]}, "properties": {"building_id": 4751031, "facet_count": 5, "obstruction_count": 1, "panel_count": 13, "kwp": 5.72, "ac_kwh_day_avg": 16.4, "ac_kwh_year": 5982.0, "facet_area_m2": 97.6, "avg_poa_kwh_m2": 1201.0}}, {"type": "Feature", "geometry": {"type": "Polygon", "coordinates": [[[168.6705236053581, -45.0315531248956], [168.67041199113496, -45.031461090022916], [168.67052247423393, -45.0313937195054], [168.67063408725377, -45.031485754224256], [168.6705236053581, -45.0315531248956]]]}, "properties": {"building_id": 4751048, "facet_count": 4, "obstruction_count": 0, "panel_count": 8, "kwp": 3.52, "ac_kwh_day_avg": 10.5, "ac_kwh_year": 3836.0, "facet_area_m2": 76.5, "avg_poa_kwh_m2": 1335.0}}, {"type": "Feature", "geometry": {"type": "Polygon", "coordinates": [[[168.67005472022927, -45.03094669778006], [168.67003365824414, -45.030958596702476], [168.66996941022703, -45.030901410206894], [168.67002552671136, -45.03086970912256], [168.6700116464944, -45.03085735517112], [168.67009586490462, -45.030809778156396], [168.67021579304813, -45.03091652678268], [168.67012116766605, -45.03096998199968], [168.67010451944577, -45.03095516441875], [168.67007987321657, -45.03096908675675], [168.67005472022927, -45.03094669778006]]]}, "properties": {"building_id": 4751052, "facet_count": 9, "obstruction_count": 3, "panel_count": 11, "kwp": 4.84, "ac_kwh_day_avg": 15.0, "ac_kwh_year": 5480.0, "facet_area_m2": 102.8, "avg_poa_kwh_m2": 1197.0}}, {"type": "Feature", "geometry": {"type": "Polygon", "coordinates": [[[168.6731316641836, -45.03155931851674], [168.6731361834797, -45.03163931440609], [168.67309595315334, -45.03165514027207], [168.67305074553113, -45.03159735769747], [168.67304982025308, -45.031580959821916], [168.67301458107883, -45.03158196085214], [168.67301528299842, -45.03159437231], [168.67297497288163, -45.03161022931158], [168.67290271422016, -45.03151786973641], [168.67297504088324, -45.03148941650039], [168.6730030160733, -45.03152517355762], [168.67304129557084, -45.03151011534961], [168.67303993237735, -45.031485964618426], [168.67312588704849, -45.03148352377735], [168.67312927298082, -45.03154347082507], [168.67308228617938, -45.03154480551555], [168.6730831837931, -45.03156069553383], [168.6731316641836, -45.03155931851674]]]}, "properties": {"building_id": 4751053, "facet_count": 7, "obstruction_count": 1, "panel_count": 2, "kwp": 0.88, "ac_kwh_day_avg": 2.4, "ac_kwh_year": 869.0, "facet_area_m2": 57.0, "avg_poa_kwh_m2": 1166.0}}, {"type": "Feature", "geometry": {"type": "Polygon", "coordinates": [[[168.67354374113162, -45.03110060186605], [168.67354722068498, -45.031098568075556], [168.6735524050566, -45.03110302724787], [168.673626244664, -45.03105986700431], [168.67365624077925, -45.031085671588094], [168.67367494930087, -45.03107473679339], [168.67372031490805, -45.03111376245826], [168.67370388396304, -45.03112336680374], [168.67380166109774, -45.03114850408139], [168.67381441885288, -45.03112355160495], [168.67383616676267, -45.03111564065035], [168.67383264801651, -45.03111077660688], [168.6739266269446, -45.03107659113671], [168.67397657333987, -45.03114563544591], [168.67390031147121, -45.031173375552804], [168.6738608020118, -45.0312506517103], [168.67384175982738, -45.03124575663438], [168.6738173443555, -45.03125762440533], [168.67378049413205, -45.03124815113215], [168.67378250186744, -45.031244223286684], [168.67364904247043, -45.03120991355959], [168.67362091788067, -45.031171036333035], [168.67361070241188, -45.03117475257696], [168.6736081641276, -45.03117124541794], [168.67359202665588, -45.03118067814726], [168.67353833325458, -45.0311344886043], [168.67354374113162, -45.03110060186605]]]}, "properties": {"building_id": 4751062, "facet_count": 13, "obstruction_count": 0, "panel_count": 9, "kwp": 3.96, "ac_kwh_day_avg": 10.6, "ac_kwh_year": 3864.0, "facet_area_m2": 134.5, "avg_poa_kwh_m2": 1170.0}}, {"type": "Feature", "geometry": {"type": "Polygon", "coordinates": [[[168.67201466766033, -45.031595825764974], [168.67194456659297, -45.03150352769615], [168.67206626016332, -45.03145705344834], [168.672108388979, -45.03151252215691], [168.6721248752142, -45.03150622563923], [168.67220017734977, -45.03160537076821], [168.67214792524146, -45.031625325435805], [168.67214027764967, -45.03161525721371], [168.67212124109835, -45.03162252723012], [168.6720815589541, -45.03157028048212], [168.67201466766033, -45.031595825764974]]]}, "properties": {"building_id": 4751063, "facet_count": 4, "obstruction_count": 3, "panel_count": 17, "kwp": 7.48, "ac_kwh_day_avg": 18.3, "ac_kwh_year": 6695.0, "facet_area_m2": 87.9, "avg_poa_kwh_m2": 1172.0}}, {"type": "Feature", "geometry": {"type": "Polygon", "coordinates": [[[168.67036484886333, -45.03136072592457], [168.67035704787077, -45.03135338203164], [168.67035208972993, -45.03135603110467], [168.67029991118912, -45.0313069116397], [168.67039177174158, -45.03125784680782], [168.67045175012308, -45.0313143091738], [168.67036484886333, -45.03136072592457]]]}, "properties": {"building_id": 4751066, "facet_count": 4, "obstruction_count": 0, "panel_count": 0, "kwp": 0, "ac_kwh_day_avg": 0, "ac_kwh_year": 0, "facet_area_m2": 19.6, "avg_poa_kwh_m2": 1246.0}}, {"type": "Feature", "geometry": {"type": "Polygon", "coordinates": [[[168.6730899289466, -45.0302889462154], [168.67304076235078, -45.03028029065425], [168.67304842885167, -45.03025839288632], [168.67299906059088, -45.03024970174611], [168.67302040961926, -45.030188719505304], [168.6732174141623, -45.03022339950307], [168.67318079185912, -45.030328012167594], [168.67308232069774, -45.03031067786173], [168.6730899289466, -45.0302889462154]]]}, "properties": {"building_id": 4751068, "facet_count": 7, "obstruction_count": 2, "panel_count": 16, "kwp": 7.04, "ac_kwh_day_avg": 19.8, "ac_kwh_year": 7244.0, "facet_area_m2": 112.9, "avg_poa_kwh_m2": 1235.0}}, {"type": "Feature", "geometry": {"type": "Polygon", "coordinates": [[[168.6735689912688, -45.03158950455394], [168.67375506713827, -45.031620321659716], [168.67373151740054, -45.03169181936149], [168.67354544131493, -45.031661002213184], [168.6735689912688, -45.03158950455394]]]}, "properties": {"building_id": 4751084, "facet_count": 3, "obstruction_count": 2, "panel_count": 15, "kwp": 6.6, "ac_kwh_day_avg": 23.7, "ac_kwh_year": 8651.0, "facet_area_m2": 65.9, "avg_poa_kwh_m2": 1455.0}}, {"type": "Feature", "geometry": {"type": "Polygon", "coordinates": [[[168.6709630252605, -45.03133685737753], [168.67096352691985, -45.03129080110623], [168.671003850976, -45.031290395308034], [168.67100477352344, -45.03133643725275], [168.6709630252605, -45.03133685737753]]]}, "properties": {"building_id": 4751088, "facet_count": 1, "obstruction_count": 0, "panel_count": 3, "kwp": 1.32, "ac_kwh_day_avg": 4.0, "ac_kwh_year": 1466.0, "facet_area_m2": 13.0, "avg_poa_kwh_m2": 1331.0}}, {"type": "Feature", "geometry": {"type": "Polygon", "coordinates": [[[168.67190424607423, -45.03120910836102], [168.67181502287931, -45.031210878294935], [168.6718139728512, -45.031258389232015], [168.67174426830283, -45.031257614242875], [168.67174568333553, -45.031193590957876], [168.67173832637192, -45.031191376062], [168.67165369175333, -45.03116846055537], [168.67163004957422, -45.03116189081709], [168.67166896015942, -45.03109147762], [168.67170908218435, -45.03110262555114], [168.6717283189171, -45.03106781435829], [168.67178503934335, -45.03108357518316], [168.67189920457082, -45.03108131031131], [168.67190424607423, -45.03120910836102]]]}, "properties": {"building_id": 4751212, "facet_count": 7, "obstruction_count": 7, "panel_count": 61, "kwp": 26.84, "ac_kwh_day_avg": 65.6, "ac_kwh_year": 23940.0, "facet_area_m2": 245.6, "avg_poa_kwh_m2": 1094.0}}, {"type": "Feature", "geometry": {"type": "Polygon", "coordinates": [[[168.66947960345672, -45.02933531292061], [168.669527756768, -45.02928781872325], [168.66963330321278, -45.02934162992016], [168.66966469854094, -45.02931066417894], [168.66971194966547, -45.02933475430025], [168.66967125051175, -45.0293748966789], [168.66969138722757, -45.02938516296405], [168.66965253865067, -45.02942348025553], [168.66947960345672, -45.02933531292061]]]}, "properties": {"building_id": 4751218, "facet_count": 5, "obstruction_count": 3, "panel_count": 17, "kwp": 7.48, "ac_kwh_day_avg": 17.7, "ac_kwh_year": 6477.0, "facet_area_m2": 96.0, "avg_poa_kwh_m2": 1130.0}}, {"type": "Feature", "geometry": {"type": "Polygon", "coordinates": [[[168.6728647297297, -45.030411186252486], [168.6727945919965, -45.0304601838349], [168.67269090399844, -45.030385551196645], [168.67276104171933, -45.03033655367754], [168.6728647297297, -45.030411186252486]]]}, "properties": {"building_id": 4751227, "facet_count": 3, "obstruction_count": 0, "panel_count": 3, "kwp": 1.32, "ac_kwh_day_avg": 3.0, "ac_kwh_year": 1087.0, "facet_area_m2": 42.7, "avg_poa_kwh_m2": 1087.0}}, {"type": "Feature", "geometry": {"type": "Polygon", "coordinates": [[[168.67142527611782, -45.03156573938917], [168.67137947892735, -45.031594908312826], [168.67125573142323, -45.03149721672226], [168.6712585544512, -45.03147701654211], [168.67130634273695, -45.03144657929474], [168.67135153950656, -45.03148225888859], [168.67134161856595, -45.03148857775972], [168.67140352584556, -45.03153745045378], [168.67139573073663, -45.03154241515292], [168.67142527611782, -45.03156573938917]]]}, "properties": {"building_id": 4751241, "facet_count": 5, "obstruction_count": 0, "panel_count": 1, "kwp": 0.44, "ac_kwh_day_avg": 1.5, "ac_kwh_year": 546.0, "facet_area_m2": 26.3, "avg_poa_kwh_m2": 1342.0}}, {"type": "Feature", "geometry": {"type": "Polygon", "coordinates": [[[168.67266611152817, -45.03059299229468], [168.67275399151683, -45.03060185649632], [168.67274330478526, -45.03065513093654], [168.67265542598355, -45.03064626677175], [168.67266611152817, -45.03059299229468]]]}, "properties": {"building_id": 4751244, "facet_count": 2, "obstruction_count": 0, "panel_count": 9, "kwp": 3.96, "ac_kwh_day_avg": 9.1, "ac_kwh_year": 3326.0, "facet_area_m2": 35.4, "avg_poa_kwh_m2": 1070.0}}, {"type": "Feature", "geometry": {"type": "Polygon", "coordinates": [[[168.6740458520962, -45.02997866666561], [168.6741432293777, -45.030001946688124], [168.67411741655647, -45.030056239663324], [168.6740200404623, -45.030032959663835], [168.6740458520962, -45.02997866666561]]]}, "properties": {"building_id": 4751255, "facet_count": 2, "obstruction_count": 2, "panel_count": 10, "kwp": 4.4, "ac_kwh_day_avg": 12.6, "ac_kwh_year": 4600.0, "facet_area_m2": 41.9, "avg_poa_kwh_m2": 1240.0}}, {"type": "Feature", "geometry": {"type": "Polygon", "coordinates": [[[168.66084035200308, -45.03254244859546], [168.6609756151605, -45.03244831922115], [168.66115963711047, -45.03258128037334], [168.66114682834734, -45.03259019350174], [168.66102437404447, -45.03267540816901], [168.6609903859481, -45.03265085078948], [168.6608729257027, -45.032565983574486], [168.66084035200308, -45.03254244859546]]]}, "properties": {"building_id": 5370315, "facet_count": 6, "obstruction_count": 10, "panel_count": 65, "kwp": 28.6, "ac_kwh_day_avg": 82.2, "ac_kwh_year": 30017.0, "facet_area_m2": 276.8, "avg_poa_kwh_m2": 1264.0}}, {"type": "Feature", "geometry": {"type": "Polygon", "coordinates": [[[168.6615758132436, -45.03304807020599], [168.66168129200628, -45.03312061795605], [168.66183073167417, -45.033017888330036], [168.66192362233386, -45.03308261403222], [168.66168979197042, -45.03325134118712], [168.66167213728056, -45.033239039705535], [168.6615593525476, -45.03316045173945], [168.6614626718546, -45.03309308534241], [168.6614565928097, -45.03308884992054], [168.66154391320904, -45.033025842039926], [168.6615758132436, -45.03304807020599]]]}, "properties": {"building_id": 5370318, "facet_count": 2, "obstruction_count": 5, "panel_count": 58, "kwp": 25.52, "ac_kwh_day_avg": 76.4, "ac_kwh_year": 27878.0, "facet_area_m2": 330.3, "avg_poa_kwh_m2": 1316.0}}, {"type": "Feature", "geometry": {"type": "Polygon", "coordinates": [[[168.66149186284372, -45.033297640198846], [168.66146629973116, -45.03331608612953], [168.66143239299296, -45.03329245917575], [168.66140391038059, -45.03327261331863], [168.6615593525476, -45.03316045173945], [168.66167213728056, -45.033239039705535], [168.66168979197042, -45.03325134118712], [168.66155991409738, -45.0333450579433], [168.66155239158016, -45.033339816086595], [168.66149186284372, -45.033297640198846]]]}, "properties": {"building_id": 5370319, "facet_count": 6, "obstruction_count": 7, "panel_count": 36, "kwp": 15.84, "ac_kwh_day_avg": 47.2, "ac_kwh_year": 17240.0, "facet_area_m2": 157.9, "avg_poa_kwh_m2": 1300.0}}, {"type": "Feature", "geometry": {"type": "Polygon", "coordinates": [[[168.660738279591, -45.032953623425534], [168.66079975384844, -45.0329108451821], [168.6607839110885, -45.03289939840303], [168.66088246243527, -45.032830818796974], [168.66092370335295, -45.03280211980349], [168.66117160201367, -45.03298123197873], [168.66092409148237, -45.033153470586655], [168.66069203575626, -45.032985803773876], [168.660738279591, -45.032953623425534]]]}, "properties": {"building_id": 5370328, "facet_count": 1, "obstruction_count": 13, "panel_count": 199, "kwp": 87.56, "ac_kwh_day_avg": 261.4, "ac_kwh_year": 95415.0, "facet_area_m2": 618.3, "avg_poa_kwh_m2": 1306.0}}, {"type": "Feature", "geometry": {"type": "Polygon", "coordinates": [[[168.6609903859481, -45.03265085078948], [168.6609709006491, -45.032664410385344], [168.66099301481105, -45.032680384367865], [168.66092164537727, -45.03273005057776], [168.6609423726232, -45.03274502657608], [168.66090852386353, -45.03276858152439], [168.66090167180366, -45.032773350052466], [168.6606141297418, -45.03256559278625], [168.6607456824271, -45.03247404730712], [168.66084035200308, -45.03254244859546], [168.6609903859481, -45.03265085078948]]]}, "properties": {"building_id": 5370329, "facet_count": 19, "obstruction_count": 3, "panel_count": 23, "kwp": 10.12, "ac_kwh_day_avg": 31.8, "ac_kwh_year": 11614.0, "facet_area_m2": 185.6, "avg_poa_kwh_m2": 1339.0}}, {"type": "Feature", "geometry": {"type": "Polygon", "coordinates": [[[168.66065707836896, -45.03054176972956], [168.66065007401153, -45.03061543614778], [168.6605469324568, -45.03061966311182], [168.66054723701626, -45.03069443098801], [168.66052242389816, -45.03069448197232], [168.66043705785629, -45.030694656401415], [168.66043675543065, -45.03062029819261], [168.66041794290092, -45.03060692171628], [168.66038528795698, -45.030630015154564], [168.66033038625565, -45.030590978482394], [168.66033781558644, -45.03058572515854], [168.66048780981336, -45.030479651742695], [168.6604374725448, -45.03044385943812], [168.66045372748866, -45.03043236441284], [168.660588309836, -45.03033718965168], [168.6607996698485, -45.030487474780735], [168.66074617442732, -45.03052530595958], [168.6607674846079, -45.030536590787314], [168.66076210559663, -45.03054103449532], [168.66065707836896, -45.03054176972956]]]}, "properties": {"building_id": 5370338, "facet_count": 4, "obstruction_count": 12, "panel_count": 143, "kwp": 62.92, "ac_kwh_day_avg": 187.8, "ac_kwh_year": 68564.0, "facet_area_m2": 539.2, "avg_poa_kwh_m2": 1303.0}}, {"type": "Feature", "geometry": {"type": "Polygon", "coordinates": [[[168.6602807423546, -45.03130039970761], [168.66042551968218, -45.03119789955839], [168.66063816312158, -45.03134892338418], [168.66048585647076, -45.03144607449348], [168.6603207504826, -45.03132881425971], [168.66031502217956, -45.031324745161704], [168.6602807423546, -45.03130039970761]]]}, "properties": {"building_id": 5370340, "facet_count": 1, "obstruction_count": 6, "panel_count": 107, "kwp": 47.08, "ac_kwh_day_avg": 140.6, "ac_kwh_year": 51304.0, "facet_area_m2": 321.1, "avg_poa_kwh_m2": 1306.0}}, {"type": "Feature", "geometry": {"type": "Polygon", "coordinates": [[[168.6611194280006, -45.03185753286192], [168.66123293765696, -45.031776951172894], [168.66125406424482, -45.03179191440988], [168.66140058915707, -45.03189569235543], [168.6612868875195, -45.03197641183451], [168.66125984638018, -45.031956986283035], [168.66114627423428, -45.03187654684277], [168.6611194280006, -45.03185753286192]]]}, "properties": {"building_id": 5370342, "facet_count": 1, "obstruction_count": 3, "panel_count": 13, "kwp": 5.72, "ac_kwh_day_avg": 17.1, "ac_kwh_year": 6233.0, "facet_area_m2": 110.3, "avg_poa_kwh_m2": 1306.0}}, {"type": "Feature", "geometry": {"type": "Polygon", "coordinates": [[[168.66094003015994, -45.03201558102928], [168.66086831057845, -45.03206649594558], [168.66081628096788, -45.032029644681785], [168.6607005333096, -45.031947663672774], [168.66077276130798, -45.031897109388154], [168.66094003015994, -45.03201558102928]]]}, "properties": {"building_id": 5370343, "facet_count": 5, "obstruction_count": 4, "panel_count": 17, "kwp": 7.48, "ac_kwh_day_avg": 20.1, "ac_kwh_year": 7341.0, "facet_area_m2": 115.5, "avg_poa_kwh_m2": 1242.0}}, {"type": "Feature", "geometry": {"type": "Polygon", "coordinates": [[[168.6611296668819, -45.030967516778105], [168.66097166034288, -45.03107819117877], [168.6609177407983, -45.03103948474035], [168.6608592893503, -45.030997524411], [168.66087204077584, -45.03098859292795], [168.66100101490727, -45.03089825246107], [168.66105850916335, -45.03093952544488], [168.6610921404222, -45.03094057786577], [168.6611296668819, -45.030967516778105]]]}, "properties": {"building_id": 5370371, "facet_count": 8, "obstruction_count": 1, "panel_count": 0, "kwp": 0, "ac_kwh_day_avg": 0, "ac_kwh_year": 0, "facet_area_m2": 41.0, "avg_poa_kwh_m2": 1309.0}}, {"type": "Feature", "geometry": {"type": "Polygon", "coordinates": [[[168.6615593525476, -45.03316045173945], [168.66140391038059, -45.03327261331863], [168.6613072309668, -45.033205246838484], [168.66144335858422, -45.03310702154456], [168.6614626718546, -45.03309308534241], [168.6615593525476, -45.03316045173945]]]}, "properties": {"building_id": 5370375, "facet_count": 6, "obstruction_count": 6, "panel_count": 15, "kwp": 6.6, "ac_kwh_day_avg": 15.2, "ac_kwh_year": 5555.0, "facet_area_m2": 119.1, "avg_poa_kwh_m2": 1155.0}}, {"type": "Feature", "geometry": {"type": "Polygon", "coordinates": [[[168.66190646095498, -45.03272258589068], [168.66203081442475, -45.03281316419627], [168.66195329429087, -45.03286755096347], [168.661827912309, -45.03277769417022], [168.66190646095498, -45.03272258589068]]]}, "properties": {"building_id": 5370377, "facet_count": 2, "obstruction_count": 8, "panel_count": 20, "kwp": 8.8, "ac_kwh_day_avg": 26.3, "ac_kwh_year": 9589.0, "facet_area_m2": 101.4, "avg_poa_kwh_m2": 1301.0}}, {"type": "Feature", "geometry": {"type": "Polygon", "coordinates": [[[168.66223971004632, -45.03307281165477], [168.66232979938027, -45.03300960607672], [168.66242927778367, -45.03308089680226], [168.66234338494547, -45.03314115739621], [168.66223971004632, -45.03307281165477]]]}, "properties": {"building_id": 5370378, "facet_count": 1, "obstruction_count": 4, "panel_count": 28, "kwp": 12.32, "ac_kwh_day_avg": 36.8, "ac_kwh_year": 13425.0, "facet_area_m2": 102.2, "avg_poa_kwh_m2": 1306.0}}, {"type": "Feature", "geometry": {"type": "Polygon", "coordinates": [[[168.66267011367378, -45.03269477147491], [168.66265723826118, -45.03270388027927], [168.66267815110226, -45.03271874149712], [168.66255949947046, -45.03280268471395], [168.66247965547524, -45.032745940251345], [168.66259779339597, -45.03266236015083], [168.66261948681853, -45.03267777679268], [168.66263287459478, -45.03266830580806], [168.66267011367378, -45.03269477147491]]]}, "properties": {"building_id": 5371122, "facet_count": 2, "obstruction_count": 1, "panel_count": 19, "kwp": 8.36, "ac_kwh_day_avg": 26.7, "ac_kwh_year": 9753.0, "facet_area_m2": 68.5, "avg_poa_kwh_m2": 1339.0}}, {"type": "Feature", "geometry": {"type": "Polygon", "coordinates": [[[168.66239180274283, -45.03281568272031], [168.6624676194574, -45.03276193952201], [168.66256726709273, -45.03283261813729], [168.66244721337281, -45.03291772044006], [168.66232805706514, -45.03283320337979], [168.66237229398544, -45.032801845284745], [168.66239180274283, -45.03281568272031]]]}, "properties": {"building_id": 5371123, "facet_count": 4, "obstruction_count": 2, "panel_count": 18, "kwp": 7.92, "ac_kwh_day_avg": 21.4, "ac_kwh_year": 7825.0, "facet_area_m2": 85.1, "avg_poa_kwh_m2": 1220.0}}, {"type": "Feature", "geometry": {"type": "Polygon", "coordinates": [[[168.66133300435615, -45.032479082357035], [168.66126999240615, -45.03252293299953], [168.66114947953366, -45.032435859636266], [168.6611237440817, -45.03245376871916], [168.6612425488885, -45.0325396086484], [168.66117093600212, -45.03258944398642], [168.66115963711047, -45.03258128037334], [168.6608875862657, -45.03238471499148], [168.66088780603084, -45.03238456222317], [168.6609359789815, -45.03235103922889], [168.660928545121, -45.03234566837733], [168.66104051248018, -45.03226775124863], [168.66133300435615, -45.032479082357035]]]}, "properties": {"building_id": 5371124, "facet_count": 15, "obstruction_count": 3, "panel_count": 34, "kwp": 14.96, "ac_kwh_day_avg": 46.7, "ac_kwh_year": 17058.0, "facet_area_m2": 230.1, "avg_poa_kwh_m2": 1335.0}}, {"type": "Feature", "geometry": {"type": "Polygon", "coordinates": [[[168.6626994020525, -45.03193451878568], [168.6627106874065, -45.03197319276879], [168.66266443252945, -45.031979979144005], [168.66265314720607, -45.031941305157474], [168.6626994020525, -45.03193451878568]]]}, "properties": {"building_id": 5371132, "facet_count": 1, "obstruction_count": 0, "panel_count": 1, "kwp": 0.44, "ac_kwh_day_avg": 1.4, "ac_kwh_year": 505.0, "facet_area_m2": 8.9, "avg_poa_kwh_m2": 1376.0}}, {"type": "Feature", "geometry": {"type": "Polygon", "coordinates": [[[168.66122809114978, -45.03777774938752], [168.66115975352562, -45.03773869592419], [168.661284816689, -45.03762868119913], [168.66135315554442, -45.0376677346344], [168.66122809114978, -45.03777774938752]]]}, "properties": {"building_id": 5371219, "facet_count": 1, "obstruction_count": 0, "panel_count": 34, "kwp": 14.96, "ac_kwh_day_avg": 40.5, "ac_kwh_year": 14781.0, "facet_area_m2": 100.8, "avg_poa_kwh_m2": 1184.0}}, {"type": "Feature", "geometry": {"type": "Polygon", "coordinates": [[[168.6621705694915, -45.03193202450675], [168.66233662522168, -45.03181585932412], [168.6623282260938, -45.03180982259916], [168.66235284107714, -45.03179260245911], [168.662427740785, -45.03174020527951], [168.66247395335756, -45.03178149833691], [168.66251215781773, -45.03182671934255], [168.66254170066355, -45.03187509267904], [168.66256207457735, -45.03192578977803], [168.6625729290727, -45.031977939426824], [168.66257407912906, -45.03203064790071], [168.66256550424274, -45.03208301152928], [168.66254735247375, -45.03213413035324], [168.66251993375434, -45.0321831294745], [168.6621705694915, -45.03193202450675]]]}, "properties": {"building_id": 5372566, "facet_count": 12, "obstruction_count": 7, "panel_count": 219, "kwp": 96.36, "ac_kwh_day_avg": 279.3, "ac_kwh_year": 101950.0, "facet_area_m2": 733.4, "avg_poa_kwh_m2": 1271.0}}, {"type": "Feature", "geometry": {"type": "Polygon", "coordinates": [[[168.66096172384795, -45.03039854304276], [168.6607322618847, -45.03023538774092], [168.66054534210068, -45.03010247938661], [168.66068705238268, -45.03000226204104], [168.66087218698783, -45.03013390045358], [168.6611034354778, -45.03029832523109], [168.66096172384795, -45.03039854304276]]]}, "properties": {"building_id": 5372582, "facet_count": 4, "obstruction_count": 18, "panel_count": 127, "kwp": 55.88, "ac_kwh_day_avg": 162.9, "ac_kwh_year": 59476.0, "facet_area_m2": 383.1, "avg_poa_kwh_m2": 1225.0}}, {"type": "Feature", "geometry": {"type": "Polygon", "coordinates": [[[168.66024209078174, -45.0305176613454], [168.66039061635016, -45.030412625873254], [168.6604374725448, -45.03044385943812], [168.66048780981336, -45.030479651742695], [168.66033781558644, -45.03058572515854], [168.66033596647574, -45.030584410697735], [168.66026138989278, -45.030531384045304], [168.66024209078174, -45.0305176613454]]]}, "properties": {"building_id": 5372584, "facet_count": 1, "obstruction_count": 0, "panel_count": 35, "kwp": 15.4, "ac_kwh_day_avg": 46.0, "ac_kwh_year": 16782.0, "facet_area_m2": 141.9, "avg_poa_kwh_m2": 1306.0}}, {"type": "Feature", "geometry": {"type": "Polygon", "coordinates": [[[168.66142932629475, -45.031840472961306], [168.66145387730683, -45.031857861084674], [168.66140058915707, -45.03189569235543], [168.66125406424482, -45.03179191440988], [168.6612881487346, -45.03176771749219], [168.6613073536503, -45.0317540832554], [168.66142932629475, -45.031840472961306]]]}, "properties": {"building_id": 5372591, "facet_count": 5, "obstruction_count": 0, "panel_count": 0, "kwp": 0, "ac_kwh_day_avg": 0, "ac_kwh_year": 0, "facet_area_m2": 21.4, "avg_poa_kwh_m2": 1212.0}}, {"type": "Feature", "geometry": {"type": "Polygon", "coordinates": [[[168.6605333395797, -45.03225835109223], [168.66061009372243, -45.032204630416196], [168.6607607272321, -45.0323113174747], [168.6606834420823, -45.03236618288334], [168.66055826395583, -45.03227625592851], [168.6605333395797, -45.03225835109223]]]}, "properties": {"building_id": 5372594, "facet_count": 7, "obstruction_count": 1, "panel_count": 2, "kwp": 0.88, "ac_kwh_day_avg": 2.6, "ac_kwh_year": 948.0, "facet_area_m2": 64.6, "avg_poa_kwh_m2": 1333.0}}, {"type": "Feature", "geometry": {"type": "Polygon", "coordinates": [[[168.66081628096788, -45.032029644681785], [168.6607510128362, -45.03207532835633], [168.6606710625064, -45.0320178953263], [168.6606360883617, -45.03199277009023], [168.6607005333096, -45.031947663672774], [168.66081628096788, -45.032029644681785]]]}, "properties": {"building_id": 5372601, "facet_count": 2, "obstruction_count": 2, "panel_count": 4, "kwp": 1.76, "ac_kwh_day_avg": 5.3, "ac_kwh_year": 1918.0, "facet_area_m2": 49.5, "avg_poa_kwh_m2": 1326.0}}, {"type": "Feature", "geometry": {"type": "Polygon", "coordinates": [[[168.66123293765696, -45.031776951172894], [168.6611194280006, -45.03185753286192], [168.6609752267771, -45.03175539943455], [168.66108954129342, -45.031675387739625], [168.66123293765696, -45.031776951172894]]]}, "properties": {"building_id": 5372602, "facet_count": 4, "obstruction_count": 7, "panel_count": 28, "kwp": 12.32, "ac_kwh_day_avg": 36.8, "ac_kwh_year": 13425.0, "facet_area_m2": 144.7, "avg_poa_kwh_m2": 1309.0}}, {"type": "Feature", "geometry": {"type": "Polygon", "coordinates": [[[168.66133187964488, -45.031583588204185], [168.66114612166544, -45.031715461944145], [168.66108954129342, -45.031675387739625], [168.66127661743297, -45.03154444735146], [168.66133187964488, -45.031583588204185]]]}, "properties": {"building_id": 5372603, "facet_count": 1, "obstruction_count": 5, "panel_count": 20, "kwp": 8.8, "ac_kwh_day_avg": 24.6, "ac_kwh_year": 8974.0, "facet_area_m2": 91.1, "avg_poa_kwh_m2": 1222.0}}, {"type": "Feature", "geometry": {"type": "Polygon", "coordinates": [[[168.66090167180366, -45.032773350052466], [168.6608513703532, -45.03280835383548], [168.6608375429575, -45.03281797621056], [168.66055000092862, -45.0326102187839], [168.6606141297418, -45.03256559278625], [168.66090167180366, -45.032773350052466]]]}, "properties": {"building_id": 5372605, "facet_count": 7, "obstruction_count": 0, "panel_count": 27, "kwp": 11.88, "ac_kwh_day_avg": 31.4, "ac_kwh_year": 11446.0, "facet_area_m2": 139.4, "avg_poa_kwh_m2": 1175.0}}, {"type": "Feature", "geometry": {"type": "Polygon", "coordinates": [[[168.660022215672, -45.03269902912661], [168.66013435408863, -45.03260840062283], [168.6602319073529, -45.032669091358976], [168.66014692126598, -45.032737775485764], [168.6600456234681, -45.03271359153942], [168.66003317216217, -45.03270584483461], [168.660022215672, -45.03269902912661]]]}, "properties": {"building_id": 5372610, "facet_count": 1, "obstruction_count": 0, "panel_count": 1, "kwp": 0.44, "ac_kwh_day_avg": 1.3, "ac_kwh_year": 462.0, "facet_area_m2": 19.5, "avg_poa_kwh_m2": 1260.0}}, {"type": "Feature", "geometry": {"type": "Polygon", "coordinates": [[[168.66166426503108, -45.033068270458394], [168.66161095161817, -45.03303231917956], [168.66170146749843, -45.03296483002482], [168.6617547811272, -45.03300078163145], [168.66166426503108, -45.033068270458394]]]}, "properties": {"building_id": 5372785, "facet_count": 3, "obstruction_count": 0, "panel_count": 2, "kwp": 0.88, "ac_kwh_day_avg": 3.0, "ac_kwh_year": 1092.0, "facet_area_m2": 30.0, "avg_poa_kwh_m2": 1353.0}}, {"type": "Feature", "geometry": {"type": "Polygon", "coordinates": [[[168.66062102828522, -45.03031405139334], [168.6608543149643, -45.03047450163823], [168.66083508363278, -45.03048810182958], [168.6608177704875, -45.03050034519321], [168.6607996698485, -45.030487474780735], [168.660588309836, -45.03033718965168], [168.66062102828522, -45.03031405139334]]]}, "properties": {"building_id": 5373531, "facet_count": 1, "obstruction_count": 4, "panel_count": 11, "kwp": 4.84, "ac_kwh_day_avg": 15.0, "ac_kwh_year": 5478.0, "facet_area_m2": 74.8, "avg_poa_kwh_m2": 1357.0}}, {"type": "Feature", "geometry": {"type": "Polygon", "coordinates": [[[168.66157134415454, -45.030599520257105], [168.6616581961509, -45.03053662497738], [168.66168308845, -45.030553909017584], [168.66175995440668, -45.03060728202179], [168.6618237535355, -45.0305610809577], [168.66192337245832, -45.03063025213972], [168.66185950075783, -45.03067650630939], [168.66195993159906, -45.030746241271125], [168.6618731520803, -45.03080908462738], [168.66183955175444, -45.03078575301172], [168.66157134415454, -45.030599520257105]]]}, "properties": {"building_id": 4679036, "facet_count": 2, "obstruction_count": 6, "panel_count": 131, "kwp": 57.64, "ac_kwh_day_avg": 172.1, "ac_kwh_year": 62811.0, "facet_area_m2": 383.3, "avg_poa_kwh_m2": 1308.0}}, {"type": "Feature", "geometry": {"type": "Polygon", "coordinates": [[[168.6615775107592, -45.030560735422135], [168.66160255849604, -45.03054298912869], [168.66150399920002, -45.03047272896231], [168.66140528839165, -45.0305426056912], [168.66126286803765, -45.0304437126716], [168.66146863802098, -45.03029470193636], [168.66173595256734, -45.03048031672606], [168.6616581961509, -45.03053662497738], [168.66160146982014, -45.03057770429251], [168.6615775107592, -45.030560735422135]]]}, "properties": {"building_id": 4679037, "facet_count": 10, "obstruction_count": 13, "panel_count": 98, "kwp": 43.12, "ac_kwh_day_avg": 129.3, "ac_kwh_year": 47205.0, "facet_area_m2": 393.5, "avg_poa_kwh_m2": 1279.0}}, {"type": "Feature", "geometry": {"type": "Polygon", "coordinates": [[[168.66008480310882, -45.03754954053294], [168.6601336580288, -45.03758801581286], [168.6601454637461, -45.037580478810696], [168.6601708047698, -45.037600436716474], [168.66010243511195, -45.03764407821147], [168.66007491826883, -45.03762240630571], [168.66008969499023, -45.037612974103304], [168.66004301717064, -45.03757621283877], [168.66008480310882, -45.03754954053294]]]}, "properties": {"building_id": 4726042, "facet_count": 1, "obstruction_count": 1, "panel_count": 8, "kwp": 3.52, "ac_kwh_day_avg": 9.8, "ac_kwh_year": 3590.0, "facet_area_m2": 42.6, "avg_poa_kwh_m2": 1222.0}}, {"type": "Feature", "geometry": {"type": "Polygon", "coordinates": [[[168.6625313959967, -45.032544609307685], [168.6625897269143, -45.032589590623004], [168.66257304100682, -45.03260047002687], [168.66260255976638, -45.0326232329257], [168.66252274626916, -45.032675274001704], [168.66251034935223, -45.032665713955154], [168.66242709176086, -45.0327199995095], [168.66234633957902, -45.0326577292352], [168.6624305652393, -45.03260281353693], [168.66240497249282, -45.03258307879785], [168.66245825126379, -45.03254834065354], [168.66248914095587, -45.03257216126169], [168.6625313959967, -45.032544609307685]]]}, "properties": {"building_id": 4726049, "facet_count": 5, "obstruction_count": 0, "panel_count": 12, "kwp": 5.28, "ac_kwh_day_avg": 15.3, "ac_kwh_year": 5599.0, "facet_area_m2": 68.8, "avg_poa_kwh_m2": 1197.0}}, {"type": "Feature", "geometry": {"type": "Polygon", "coordinates": [[[168.66263651190528, -45.033298270159534], [168.66266695650194, -45.03332002674978], [168.66268029332997, -45.03331064384037], [168.6626376290349, -45.033280154037776], [168.66266306237807, -45.0332622601231], [168.66265015484942, -45.03325303713824], [168.6626900782415, -45.03322494811045], [168.66267824872415, -45.03321649440133], [168.6630182062333, -45.03297731424628], [168.66316601279217, -45.033082941747416], [168.6628300015369, -45.03331934597848], [168.6629048293404, -45.033372820683205], [168.6629409685819, -45.03334739437725], [168.6630330170075, -45.033413175370505], [168.6629403577757, -45.0334783667633], [168.663077440133, -45.033576330806106], [168.6629229732313, -45.03368500642364], [168.66296025792684, -45.0337116510662], [168.66250390834261, -45.03403271411318], [168.66232848872022, -45.033907353340176], [168.66239733815175, -45.03385891543573], [168.66242023490148, -45.0338752789946], [168.66278186021447, -45.03362086019331], [168.6627180717431, -45.03357527433486], [168.6626970847898, -45.033590040053795], [168.6626438891055, -45.033552023625795], [168.66266280023183, -45.03353871915448], [168.6626057650202, -45.03349795866321], [168.6622659233498, -45.03373705196416], [168.66228598487874, -45.033751389353235], [168.66218418041845, -45.0338230123428], [168.66200266677927, -45.03369329448602], [168.6624433553571, -45.03338325265091], [168.66249423712387, -45.033419615693276], [168.66254802588603, -45.03338177235629], [168.66253304327608, -45.033371065201095], [168.6625277774844, -45.03336314479892], [168.66252440455963, -45.033354721202706], [168.6625230178534, -45.03334602031175], [168.66252365173935, -45.033337275683095], [168.66252629108573, -45.03332872079026], [168.6625308637962, -45.03332058693909], [168.66253724928825, -45.03331309188783], [168.66254527370165, -45.03330643606411], [168.66255472289677, -45.03330079855866], [168.6625653429982, -45.0332963299446], [168.6625768493918, -45.03329315081922], [168.66258893346154, -45.03329134665948], [168.6626012703885, -45.03329096541811], [168.66261353061182, -45.03329201705954], [168.66262538355795, -45.03329447460203], [168.66263651190528, -45.033298270159534]]]}, "properties": {"building_id": 4726050, "facet_count": 17, "obstruction_count": 46, "panel_count": 915, "kwp": 402.6, "ac_kwh_day_avg": 1201.6, "ac_kwh_year": 438599.0, "facet_area_m2": 2921.8, "avg_poa_kwh_m2": 1303.0}}, {"type": "Feature", "geometry": {"type": "Polygon", "coordinates": [[[168.66213186510353, -45.033191550218554], [168.66210232615924, -45.033170327555275], [168.66213385130578, -45.03314826725955], [168.66212865710068, -45.033144534545656], [168.66216768396353, -45.033117222654425], [168.6621816448715, -45.03312725364267], [168.66219587599545, -45.03311729359362], [168.66228941145692, -45.033184495567745], [168.6622046270433, -45.03324382783179], [168.66213186510353, -45.033191550218554]]]}, "properties": {"building_id": 4726051, "facet_count": 1, "obstruction_count": 0, "panel_count": 21, "kwp": 9.24, "ac_kwh_day_avg": 27.6, "ac_kwh_year": 10069.0, "facet_area_m2": 89.1, "avg_poa_kwh_m2": 1306.0}}, {"type": "Feature", "geometry": {"type": "Polygon", "coordinates": [[[168.66060805898894, -45.03104887826675], [168.660411568022, -45.031187991130544], [168.66028295443584, -45.031096646701805], [168.66027376856903, -45.031090123475565], [168.6604339712418, -45.030976701656016], [168.66045846343968, -45.03095936202667], [168.6605514035535, -45.031025368931545], [168.6605675295441, -45.03101395269892], [168.6606123889868, -45.03104581232328], [168.66060805898894, -45.03104887826675]]]}, "properties": {"building_id": 4734915, "facet_count": 14, "obstruction_count": 1, "panel_count": 0, "kwp": 0, "ac_kwh_day_avg": 0, "ac_kwh_year": 0, "facet_area_m2": 82.5, "avg_poa_kwh_m2": 1272.0}}, {"type": "Feature", "geometry": {"type": "Polygon", "coordinates": [[[168.6607607272321, -45.0323113174747], [168.6605021536402, -45.03212818013631], [168.66052328943317, -45.03211317563604], [168.66053422896678, -45.03210540937382], [168.6605106243536, -45.03208845136434], [168.66057639123912, -45.03204242043784], [168.6606058197576, -45.03206356097974], [168.6608562809177, -45.03224348345604], [168.6607607272321, -45.0323113174747]]]}, "properties": {"building_id": 4734923, "facet_count": 6, "obstruction_count": 10, "panel_count": 50, "kwp": 22.0, "ac_kwh_day_avg": 63.8, "ac_kwh_year": 23293.0, "facet_area_m2": 248.1, "avg_poa_kwh_m2": 1246.0}}, {"type": "Feature", "geometry": {"type": "Polygon", "coordinates": [[[168.66187348918092, -45.0308094500077], [168.66187707231998, -45.030807040875835], [168.6618844874302, -45.03081206716415], [168.66196214988898, -45.03086599335382], [168.6619830405699, -45.03088049918367], [168.66198271155585, -45.030880736915265], [168.6618324009788, -45.03098958635064], [168.66172595878578, -45.03091567695796], [168.66187348918092, -45.0308094500077]]]}, "properties": {"building_id": 4734927, "facet_count": 2, "obstruction_count": 6, "panel_count": 44, "kwp": 19.36, "ac_kwh_day_avg": 57.8, "ac_kwh_year": 21097.0, "facet_area_m2": 166.5, "avg_poa_kwh_m2": 1313.0}}, {"type": "Feature", "geometry": {"type": "Polygon", "coordinates": [[[168.6623991011849, -45.03008913973962], [168.66240216065486, -45.03009123819618], [168.66240669294112, -45.030094235800995], [168.6624158290207, -45.03008728755739], [168.66241710025474, -45.030086358518815], [168.6624554800767, -45.030112878605415], [168.6623955377729, -45.030155753210536], [168.66235062875123, -45.030124181383904], [168.6623609584181, -45.03011679299964], [168.6623991011849, -45.03008913973962]]]}, "properties": {"building_id": 4735136, "facet_count": 2, "obstruction_count": 0, "panel_count": 2, "kwp": 0.88, "ac_kwh_day_avg": 2.9, "ac_kwh_year": 1043.0, "facet_area_m2": 26.0, "avg_poa_kwh_m2": 1311.0}}, {"type": "Feature", "geometry": {"type": "Polygon", "coordinates": [[[168.660411568022, -45.031187991130544], [168.66060805898894, -45.03104887826675], [168.66062412488003, -45.03106028855691], [168.66084487372632, -45.03121706760989], [168.66063816312158, -45.03134892338418], [168.66042551968218, -45.03119789955839], [168.660411568022, -45.031187991130544]]]}, "properties": {"building_id": 4735235, "facet_count": 17, "obstruction_count": 1, "panel_count": 43, "kwp": 18.92, "ac_kwh_day_avg": 53.8, "ac_kwh_year": 19645.0, "facet_area_m2": 257.1, "avg_poa_kwh_m2": 1271.0}}, {"type": "Feature", "geometry": {"type": "Polygon", "coordinates": [[[168.66160467058282, -45.03101193616578], [168.6618289719704, -45.031170327425976], [168.66184233463466, -45.03117991980164], [168.66168665590635, -45.03128896622482], [168.66164654024973, -45.0312601690815], [168.66162993342869, -45.03127180121612], [168.66161081057047, -45.031258073755424], [168.6615344504109, -45.03120325889567], [168.6614965353415, -45.031229817121215], [168.6613892263623, -45.03115278497127], [168.66144225564474, -45.03111564134953], [168.6614513603364, -45.03112151180461], [168.66160467058282, -45.03101193616578]]]}, "properties": {"building_id": 4735241, "facet_count": 1, "obstruction_count": 0, "panel_count": 124, "kwp": 54.56, "ac_kwh_day_avg": 162.9, "ac_kwh_year": 59455.0, "facet_area_m2": 450.2, "avg_poa_kwh_m2": 1306.0}}, {"type": "Feature", "geometry": {"type": "Polygon", "coordinates": [[[168.66133380797655, -45.03251319233458], [168.66168931238664, -45.0322631700858], [168.66169256404575, -45.03226088313346], [168.66193052372404, -45.032431007770974], [168.66191110099913, -45.03244466713025], [168.66186129231346, -45.03247969731625], [168.66187458091542, -45.03248919864985], [168.6618151458823, -45.03253099916301], [168.6617995461039, -45.032519846232816], [168.66171502559965, -45.03257928809926], [168.66173100475976, -45.03259071203404], [168.66166572325267, -45.0326366234714], [168.661624798657, -45.03260736524478], [168.66154451104947, -45.03266383002597], [168.66133380797655, -45.03251319233458]]]}, "properties": {"building_id": 4735242, "facet_count": 4, "obstruction_count": 19, "panel_count": 202, "kwp": 88.88, "ac_kwh_day_avg": 265.4, "ac_kwh_year": 96853.0, "facet_area_m2": 815.6, "avg_poa_kwh_m2": 1304.0}}, {"type": "Feature", "geometry": {"type": "Polygon", "coordinates": [[[168.66135037365194, -45.03206290030933], [168.66168120399834, -45.03183235808626], [168.66185604383898, -45.031962515793325], [168.6619554891565, -45.03203300541196], [168.66163195865892, -45.032262499539705], [168.66135037365194, -45.03206290030933]]]}, "properties": {"building_id": 4735244, "facet_count": 14, "obstruction_count": 32, "panel_count": 231, "kwp": 101.64, "ac_kwh_day_avg": 304.7, "ac_kwh_year": 111201.0, "facet_area_m2": 919.9, "avg_poa_kwh_m2": 1308.0}}, {"type": "Feature", "geometry": {"type": "Polygon", "coordinates": [[[168.66290753020786, -45.03211172230358], [168.66283758841953, -45.032149248266286], [168.66277401597745, -45.03208967180001], [168.66288865234787, -45.032028164945075], [168.6628817780217, -45.032021722680334], [168.66291589467107, -45.03200341824138], [168.6628945378523, -45.03198340459006], [168.66293387865755, -45.03196229588487], [168.66295881187696, -45.03198566198338], [168.66297151086385, -45.03197884821736], [168.66297549034388, -45.031982577884165], [168.66315491641893, -45.03188630761213], [168.66317370208066, -45.03190391170371], [168.6633029643987, -45.03183455761984], [168.66335157935862, -45.0318801149996], [168.6633438028715, -45.03188428678713], [168.6633762175636, -45.03191466364479], [168.6631299519749, -45.03204679516257], [168.66321747897234, -45.032128819850946], [168.66319337515972, -45.03214175221726], [168.66321188704032, -45.03215910013395], [168.66317287571968, -45.032180031530764], [168.66318494226024, -45.03219134060743], [168.66310562147933, -45.032233899336006], [168.6630025651706, -45.03213732266023], [168.6629595021545, -45.032160426816276], [168.66290753020786, -45.03211172230358]]]}, "properties": {"building_id": 4735274, "facet_count": 14, "obstruction_count": 10, "panel_count": 86, "kwp": 37.84, "ac_kwh_day_avg": 111.3, "ac_kwh_year": 40613.0, "facet_area_m2": 460.4, "avg_poa_kwh_m2": 1195.0}}, {"type": "Feature", "geometry": {"type": "Polygon", "coordinates": [[[168.66307882766907, -45.03040640972984], [168.6631358117049, -45.03044868486665], [168.66309473368875, -45.030476527583815], [168.663155987231, -45.030521970886944], [168.66318329486458, -45.03050346311788], [168.66324026096822, -45.030545725817234], [168.6631074649003, -45.03063573257583], [168.6630548631489, -45.030596709111386], [168.663068715075, -45.03058732054738], [168.66286725304587, -45.0304378582469], [168.66295418471853, -45.03037893754577], [168.663033042353, -45.03043744183619], [168.66307882766907, -45.03040640972984]]]}, "properties": {"building_id": 4735310, "facet_count": 7, "obstruction_count": 5, "panel_count": 60, "kwp": 26.4, "ac_kwh_day_avg": 73.2, "ac_kwh_year": 26706.0, "facet_area_m2": 255.8, "avg_poa_kwh_m2": 1218.0}}, {"type": "Feature", "geometry": {"type": "Polygon", "coordinates": [[[168.6628973582828, -45.03177323653382], [168.66296317372596, -45.0317245370086], [168.66306983150102, -45.03179701313487], [168.66282774955295, -45.03197614005735], [168.6627447895975, -45.03191976692028], [168.6627309131603, -45.03186750500264], [168.66287700375662, -45.031759405711504], [168.6628973582828, -45.03177323653382]]]}, "properties": {"building_id": 4735324, "facet_count": 1, "obstruction_count": 15, "panel_count": 111, "kwp": 48.84, "ac_kwh_day_avg": 145.8, "ac_kwh_year": 53221.0, "facet_area_m2": 309.8, "avg_poa_kwh_m2": 1306.0}}, {"type": "Feature", "geometry": {"type": "Polygon", "coordinates": [[[168.66269294572243, -45.03133674134887], [168.66279859111162, -45.03141541898714], [168.66259238907935, -45.03155463986782], [168.66248674373995, -45.031475961368045], [168.66269294572243, -45.03133674134887]]]}, "properties": {"building_id": 4735341, "facet_count": 3, "obstruction_count": 1, "panel_count": 78, "kwp": 34.32, "ac_kwh_day_avg": 93.8, "ac_kwh_year": 34246.0, "facet_area_m2": 251.6, "avg_poa_kwh_m2": 1199.0}}, {"type": "Feature", "geometry": {"type": "Polygon", "coordinates": [[[168.66227429254008, -45.03157999064146], [168.66243165577978, -45.031470203646016], [168.66258583989372, -45.031581325407636], [168.66242847661215, -45.031691112614254], [168.66227429254008, -45.03157999064146]]]}, "properties": {"building_id": 4735359, "facet_count": 5, "obstruction_count": 6, "panel_count": 80, "kwp": 35.2, "ac_kwh_day_avg": 103.5, "ac_kwh_year": 37793.0, "facet_area_m2": 278.7, "avg_poa_kwh_m2": 1282.0}}, {"type": "Feature", "geometry": {"type": "Polygon", "coordinates": [[[168.66289902032918, -45.03134799213069], [168.66298993181726, -45.031411683615666], [168.66289268459187, -45.03148147960947], [168.66280177217837, -45.03141778802867], [168.66289902032918, -45.03134799213069]]]}, "properties": {"building_id": 4735378, "facet_count": 2, "obstruction_count": 2, "panel_count": 25, "kwp": 11.0, "ac_kwh_day_avg": 27.3, "ac_kwh_year": 9962.0, "facet_area_m2": 97.8, "avg_poa_kwh_m2": 1158.0}}, {"type": "Feature", "geometry": {"type": "Polygon", "coordinates": [[[168.66161081057047, -45.031258073755424], [168.66160487056732, -45.031262234303796], [168.6615321585782, -45.03131316588216], [168.6615438583693, -45.03132156526406], [168.6614049304101, -45.031418877534215], [168.66132491963248, -45.03136144086055], [168.661345831132, -45.03134679314632], [168.66150458322136, -45.03123559478723], [168.6614965353415, -45.031229817121215], [168.6615344504109, -45.03120325889567], [168.66161081057047, -45.031258073755424]]]}, "properties": {"building_id": 4735603, "facet_count": 3, "obstruction_count": 0, "panel_count": 6, "kwp": 2.64, "ac_kwh_day_avg": 5.4, "ac_kwh_year": 1967.0, "facet_area_m2": 48.2, "avg_poa_kwh_m2": 1073.0}}, {"type": "Feature", "geometry": {"type": "Polygon", "coordinates": [[[168.661147871089, -45.032036479560325], [168.6608624562295, -45.03183433014731], [168.6609752267771, -45.03175539943455], [168.6611194280006, -45.03185753286192], [168.66125984638018, -45.031956986283035], [168.66121166822586, -45.031991188860964], [168.66116646831702, -45.03202327771256], [168.661147871089, -45.032036479560325]]]}, "properties": {"building_id": 4735615, "facet_count": 3, "obstruction_count": 0, "panel_count": 3, "kwp": 1.32, "ac_kwh_day_avg": 3.8, "ac_kwh_year": 1386.0, "facet_area_m2": 71.3, "avg_poa_kwh_m2": 1272.0}}, {"type": "Feature", "geometry": {"type": "Polygon", "coordinates": [[[168.66056440423654, -45.032450688137686], [168.6604742556376, -45.03238592806499], [168.66035415255536, -45.03229964902172], [168.66028633639823, -45.03225093242528], [168.66031102927724, -45.03223364998002], [168.66033294860367, -45.03221830806814], [168.66035162762833, -45.032231727184225], [168.66042470341375, -45.032180581566614], [168.66045162549077, -45.03219964900928], [168.6606834420823, -45.03236618288334], [168.66056440423654, -45.032450688137686]]]}, "properties": {"building_id": 4735620, "facet_count": 6, "obstruction_count": 8, "panel_count": 70, "kwp": 30.8, "ac_kwh_day_avg": 89.9, "ac_kwh_year": 32800.0, "facet_area_m2": 300.3, "avg_poa_kwh_m2": 1262.0}}, {"type": "Feature", "geometry": {"type": "Polygon", "coordinates": [[[168.66053560054232, -45.030152976970484], [168.6606453064344, -45.03022785383908], [168.66060074144963, -45.030260686309546], [168.66061459557574, -45.030270142673814], [168.66058574524703, -45.030291397194965], [168.6605234825785, -45.030248901226905], [168.66051615005935, -45.03025430305002], [168.66047699484753, -45.03022757880205], [168.66051398677206, -45.03020032524423], [168.66049184460556, -45.03018521281585], [168.66053560054232, -45.030152976970484]]]}, "properties": {"building_id": 4735624, "facet_count": 4, "obstruction_count": 2, "panel_count": 17, "kwp": 7.48, "ac_kwh_day_avg": 22.6, "ac_kwh_year": 8250.0, "facet_area_m2": 88.9, "avg_poa_kwh_m2": 1300.0}}, {"type": "Feature", "geometry": {"type": "Polygon", "coordinates": [[[168.66195755106747, -45.02543299221197], [168.66207411020622, -45.02543546474162], [168.66206740547128, -45.025594407354525], [168.6619508460104, -45.02559193480581], [168.66195755106747, -45.02543299221197]]]}, "properties": {"building_id": 5370933, "facet_count": 2, "obstruction_count": 0, "panel_count": 57, "kwp": 25.08, "ac_kwh_day_avg": 74.1, "ac_kwh_year": 27055.0, "facet_area_m2": 151.9, "avg_poa_kwh_m2": 1293.0}}, {"type": "Feature", "geometry": {"type": "Polygon", "coordinates": [[[168.66219546973576, -45.02603975756209], [168.66231616265355, -45.026049249304954], [168.66229674058005, -45.026173449434566], [168.6623677088958, -45.02617903065864], [168.66235961638102, -45.02623078791848], [168.66228762588867, -45.02622512638252], [168.6622907684897, -45.02620503399805], [168.66217109483358, -45.026195622425384], [168.66219546973576, -45.02603975756209]]]}, "properties": {"building_id": 5371071, "facet_count": 6, "obstruction_count": 2, "panel_count": 30, "kwp": 13.2, "ac_kwh_day_avg": 38.8, "ac_kwh_year": 14162.0, "facet_area_m2": 149.9, "avg_poa_kwh_m2": 1288.0}}, {"type": "Feature", "geometry": {"type": "Polygon", "coordinates": [[[168.66078045669036, -45.0251182383941], [168.6607751668892, -45.02510942310248], [168.6608306247163, -45.02509268514442], [168.66085860234634, -45.02513930700305], [168.66084843229262, -45.02514237659241], [168.6608844354075, -45.02520237291378], [168.66076362498814, -45.02523883349626], [168.66075631184282, -45.025226647383214], [168.6606406558243, -45.025261552280334], [168.6605827025329, -45.02516497639721], [168.66066175973458, -45.025141117132755], [168.6606753489839, -45.025163761135], [168.66068403297297, -45.02516113999596], [168.66069706765677, -45.025182859993194], [168.66073502117013, -45.025171405981126], [168.66074267794787, -45.02518416689575], [168.66076975217794, -45.02517599580298], [168.6607420486081, -45.02512982904952], [168.66078045669036, -45.0251182383941]]]}, "properties": {"building_id": 5371073, "facet_count": 5, "obstruction_count": 0, "panel_count": 0, "kwp": 0, "ac_kwh_day_avg": 0, "ac_kwh_year": 0, "facet_area_m2": 43.7, "avg_poa_kwh_m2": 1396.0}}, {"type": "Feature", "geometry": {"type": "Polygon", "coordinates": [[[168.66160408881618, -45.02506670757872], [168.66164382375194, -45.02513441359423], [168.66159710534828, -45.02514820248049], [168.66163293199438, -45.025209249571645], [168.661584658087, -45.02522349775996], [168.6616190432916, -45.0252820891855], [168.66155883098614, -45.025299860926886], [168.66159989603062, -45.02536983475026], [168.66151021363768, -45.025396304099374], [168.66146431725312, -45.025318098653784], [168.66149498301314, -45.025309047772055], [168.66145989290948, -45.02524925563124], [168.66151010793374, -45.02523443414008], [168.66147622878339, -45.02517670542084], [168.66152215138985, -45.02516315095152], [168.66148600557722, -45.025101559664755], [168.66160408881618, -45.02506670757872]]]}, "properties": {"building_id": 5371074, "facet_count": 4, "obstruction_count": 0, "panel_count": 7, "kwp": 3.08, "ac_kwh_day_avg": 9.6, "ac_kwh_year": 3518.0, "facet_area_m2": 91.2, "avg_poa_kwh_m2": 1370.0}}, {"type": "Feature", "geometry": {"type": "Polygon", "coordinates": [[[168.6598138008131, -45.02525527459285], [168.65990385010164, -45.025267257783], [168.65990105348064, -45.02527782395849], [168.65998966772517, -45.02528961561198], [168.65998694701696, -45.025299900219736], [168.66007600491724, -45.02531175100673], [168.6600734036808, -45.02532158106815], [168.6601635034307, -45.025333570474515], [168.66018271350396, -45.025353511019354], [168.66016755535864, -45.025410799945206], [168.66014338413723, -45.02540758328892], [168.66013685335417, -45.0254322645144], [168.6600452630684, -45.02542007610635], [168.66004764745068, -45.025411065064105], [168.65996058760433, -45.02539947937031], [168.65996337230422, -45.02538895324811], [168.65987258640854, -45.02537687184379], [168.6598749868277, -45.02536780020281], [168.6597878881264, -45.02535620929636], [168.65979728724975, -45.025320687390106], [168.65977034632874, -45.025317102339265], [168.65978237514463, -45.02527164344024], [168.6598138008131, -45.02525527459285]]]}, "properties": {"building_id": 5371076, "facet_count": 1, "obstruction_count": 17, "panel_count": 104, "kwp": 45.76, "ac_kwh_day_avg": 136.6, "ac_kwh_year": 49865.0, "facet_area_m2": 331.4, "avg_poa_kwh_m2": 1306.0}}, {"type": "Feature", "geometry": {"type": "Polygon", "coordinates": [[[168.65965486898276, -45.02555690987184], [168.65975216314965, -45.025568940399445], [168.65974941915724, -45.02558010180034], [168.6598386900214, -45.025591139908435], [168.65983596850415, -45.02560220584681], [168.65992542798944, -45.02561326817221], [168.65992321816012, -45.025622253451004], [168.66001051601043, -45.0256330470656], [168.66003123349046, -45.02565359954627], [168.6600174296457, -45.025709746362125], [168.6599893653395, -45.02570627612471], [168.65998303586002, -45.02573201912827], [168.65989167964813, -45.025720723495866], [168.65989435552035, -45.02570984125754], [168.6598070840267, -45.02569905035766], [168.65980968283273, -45.025688482053944], [168.65972009617113, -45.02567740489285], [168.65972246074094, -45.02566778457452], [168.65963637776895, -45.02565714052], [168.65964261959, -45.02563175247356], [168.6596176879795, -45.025628669686164], [168.65963262205958, -45.02556792727407], [168.65965486898276, -45.02555690987184]]]}, "properties": {"building_id": 5371077, "facet_count": 1, "obstruction_count": 19, "panel_count": 108, "kwp": 47.52, "ac_kwh_day_avg": 141.9, "ac_kwh_year": 51783.0, "facet_area_m2": 329.8, "avg_poa_kwh_m2": 1306.0}}, {"type": "Feature", "geometry": {"type": "Polygon", "coordinates": [[[168.66026671889642, -45.02638552516863], [168.66027094214456, -45.02637702342451], [168.66019713905794, -45.02635858446752], [168.660235035309, -45.02628230393698], [168.66039777416353, -45.02632296344675], [168.6603556549251, -45.02640774488847], [168.66026671889642, -45.02638552516863]]]}, "properties": {"building_id": 5371078, "facet_count": 3, "obstruction_count": 6, "panel_count": 27, "kwp": 11.88, "ac_kwh_day_avg": 37.4, "ac_kwh_year": 13657.0, "facet_area_m2": 118.2, "avg_poa_kwh_m2": 1318.0}}, {"type": "Feature", "geometry": {"type": "Polygon", "coordinates": [[[168.66275403071495, -45.025688806652795], [168.6627538565418, -45.025673278797655], [168.662753876939, -45.025661290180054], [168.66281203872848, -45.02566134216663], [168.66281198925589, -45.02568885944433], [168.66275403071495, -45.025688806652795]]]}, "properties": {"building_id": 5373515, "facet_count": 1, "obstruction_count": 0, "panel_count": 3, "kwp": 1.32, "ac_kwh_day_avg": 3.7, "ac_kwh_year": 1341.0, "facet_area_m2": 11.4, "avg_poa_kwh_m2": 1217.0}}, {"type": "Feature", "geometry": {"type": "Polygon", "coordinates": [[[168.66207342211737, -45.0255611596106], [168.66211226359184, -45.025561972223024], [168.66211083465956, -45.02559632091944], [168.66207199299336, -45.02559550821261], [168.66207342211737, -45.0255611596106]]]}, "properties": {"building_id": 5373516, "facet_count": 1, "obstruction_count": 0, "panel_count": 1, "kwp": 0.44, "ac_kwh_day_avg": 1.2, "ac_kwh_year": 443.0, "facet_area_m2": 6.7, "avg_poa_kwh_m2": 1208.0}}, {"type": "Feature", "geometry": {"type": "Polygon", "coordinates": [[[168.66000000787727, -45.02509979958378], [168.65993917377116, -45.02510361873967], [168.65993590637913, -45.02507744293172], [168.65999674058799, -45.025073623927796], [168.66000000787727, -45.02509979958378]]]}, "properties": {"building_id": 5373517, "facet_count": 1, "obstruction_count": 0, "panel_count": 0, "kwp": 0, "ac_kwh_day_avg": 0, "ac_kwh_year": 0, "facet_area_m2": 4.0, "avg_poa_kwh_m2": 1219.0}}, {"type": "Feature", "geometry": {"type": "Polygon", "coordinates": [[[168.66054961855988, -45.02539452466354], [168.66048956326904, -45.02541029875923], [168.66047167437458, -45.02537604620073], [168.66053172938854, -45.02536027199913], [168.66054961855988, -45.02539452466354]]]}, "properties": {"building_id": 5373520, "facet_count": 1, "obstruction_count": 0, "panel_count": 0, "kwp": 0, "ac_kwh_day_avg": 0, "ac_kwh_year": 0, "facet_area_m2": 6.6, "avg_poa_kwh_m2": 1122.0}}, {"type": "Feature", "geometry": {"type": "Polygon", "coordinates": [[[168.66173889740347, -45.02466617743045], [168.6617319890368, -45.02470558769748], [168.66176518791522, -45.02470851476423], [168.6617252621105, -45.0249362872341], [168.6616597580839, -45.02493051209237], [168.66165263068547, -45.02497117158352], [168.66114294782136, -45.024926237207886], [168.66116262652747, -45.024813983557245], [168.661210677917, -45.0248182196902], [168.66123898314004, -45.024656753301464], [168.6612032713206, -45.02465360440222], [168.6612132564145, -45.02459664054026], [168.66171902254828, -45.02464122929271], [168.66173889740347, -45.02466617743045]]]}, "properties": {"building_id": 4679064, "facet_count": 8, "obstruction_count": 28, "panel_count": 524, "kwp": 230.56, "ac_kwh_day_avg": 688.3, "ac_kwh_year": 251214.0, "facet_area_m2": 1432.1, "avg_poa_kwh_m2": 1306.0}}, {"type": "Feature", "geometry": {"type": "Polygon", "coordinates": [[[168.66131408591167, -45.0258727967517], [168.661321615339, -45.025824096783246], [168.66150216553223, -45.02583813618587], [168.6614484570021, -45.02618551615419], [168.6611944682164, -45.02616576651986], [168.6612406487622, -45.025867086689445], [168.66131408591167, -45.0258727967517]]]}, "properties": {"building_id": 4679065, "facet_count": 1, "obstruction_count": 8, "panel_count": 310, "kwp": 136.4, "ac_kwh_day_avg": 406.0, "ac_kwh_year": 148197.0, "facet_area_m2": 731.4, "avg_poa_kwh_m2": 1302.0}}, {"type": "Feature", "geometry": {"type": "Polygon", "coordinates": [[[168.66185625195473, -45.026437950639746], [168.66184105288696, -45.02638331693044], [168.66192011063572, -45.026372256030484], [168.66192833192073, -45.026401807731325], [168.6619746113155, -45.026395332822226], [168.66200153148097, -45.02649209828798], [168.66194675016322, -45.026499762652314], [168.66194297184998, -45.02648618122164], [168.66190772728598, -45.0264911121511], [168.66189156373792, -45.02643301033475], [168.66185625195473, -45.026437950639746]]]}, "properties": {"building_id": 4734701, "facet_count": 6, "obstruction_count": 1, "panel_count": 8, "kwp": 3.52, "ac_kwh_day_avg": 11.3, "ac_kwh_year": 4108.0, "facet_area_m2": 63.7, "avg_poa_kwh_m2": 1381.0}}, {"type": "Feature", "geometry": {"type": "Polygon", "coordinates": [[[168.66232963027005, -45.026410721020596], [168.66230982309486, -45.02652885271464], [168.66216807998222, -45.02651689994601], [168.66218788744192, -45.026398768287365], [168.66232963027005, -45.026410721020596]]]}, "properties": {"building_id": 4734786, "facet_count": 4, "obstruction_count": 2, "panel_count": 38, "kwp": 16.72, "ac_kwh_day_avg": 47.8, "ac_kwh_year": 17443.0, "facet_area_m2": 128.2, "avg_poa_kwh_m2": 1272.0}}, {"type": "Feature", "geometry": {"type": "Polygon", "coordinates": [[[168.66279231305967, -45.02575910472727], [168.66279641692853, -45.02583176851156], [168.66272998041075, -45.02583365603451], [168.66272587662638, -45.02576099225102], [168.66279231305967, -45.02575910472727]]]}, "properties": {"building_id": 4734793, "facet_count": 2, "obstruction_count": 0, "panel_count": 10, "kwp": 4.4, "ac_kwh_day_avg": 12.9, "ac_kwh_year": 4715.0, "facet_area_m2": 33.5, "avg_poa_kwh_m2": 1264.0}}, {"type": "Feature", "geometry": {"type": "Polygon", "coordinates": [[[168.66269232651115, -45.02631139730632], [168.66266965010564, -45.02626336897998], [168.66268231107532, -45.02626036250228], [168.66267797761674, -45.02625118310497], [168.66275315999988, -45.02623333134808], [168.66283569436726, -45.02640813985513], [168.66273305702728, -45.02643251039999], [168.66272034750847, -45.0264055900092], [168.66270533011428, -45.02640915586517], [168.6626625166913, -45.026318475456016], [168.66269232651115, -45.02631139730632]]]}, "properties": {"building_id": 4734811, "facet_count": 4, "obstruction_count": 3, "panel_count": 22, "kwp": 9.68, "ac_kwh_day_avg": 29.5, "ac_kwh_year": 10751.0, "facet_area_m2": 141.2, "avg_poa_kwh_m2": 1313.0}}, {"type": "Feature", "geometry": {"type": "Polygon", "coordinates": [[[168.66272649795383, -45.02555779251515], [168.6628035038952, -45.02556211518611], [168.66279797983336, -45.02561160720853], [168.6627575625194, -45.02560933837952], [168.66275199562526, -45.02565921135066], [168.66258433620388, -45.02564979992481], [168.66258998809172, -45.02559915783261], [168.6626027240304, -45.025599872902795], [168.66260877597017, -45.025545654272406], [168.66272711170177, -45.02555229770144], [168.66272649795383, -45.02555779251515]]]}, "properties": {"building_id": 4734813, "facet_count": 8, "obstruction_count": 2, "panel_count": 27, "kwp": 11.88, "ac_kwh_day_avg": 33.0, "ac_kwh_year": 12053.0, "facet_area_m2": 132.4, "avg_poa_kwh_m2": 1249.0}}, {"type": "Feature", "geometry": {"type": "Polygon", "coordinates": [[[168.6627887777266, -45.02618534176738], [168.66261902248885, -45.02619542258626], [168.66259809641798, -45.0260181989155], [168.6627678511294, -45.02600811810782], [168.6627887777266, -45.02618534176738]]]}, "properties": {"building_id": 4734815, "facet_count": 5, "obstruction_count": 3, "panel_count": 70, "kwp": 30.8, "ac_kwh_day_avg": 89.2, "ac_kwh_year": 32571.0, "facet_area_m2": 240.8, "avg_poa_kwh_m2": 1252.0}}, {"type": "Feature", "geometry": {"type": "Polygon", "coordinates": [[[168.6618477763282, -45.02620284853404], [168.66197302796706, -45.02621027536416], [168.66195698184248, -45.0263463820029], [168.66183172864498, -45.026338955095895], [168.6618477763282, -45.02620284853404]]]}, "properties": {"building_id": 4734824, "facet_count": 1, "obstruction_count": 3, "panel_count": 47, "kwp": 20.68, "ac_kwh_day_avg": 63.6, "ac_kwh_year": 23203.0, "facet_area_m2": 139.5, "avg_poa_kwh_m2": 1345.0}}, {"type": "Feature", "geometry": {"type": "Polygon", "coordinates": [[[168.66184835422894, -45.026107618687355], [168.66184601376932, -45.02605033241957], [168.6619892701736, -45.02604738741952], [168.66199446074833, -45.02617440197139], [168.66188689077416, -45.026176613085944], [168.66188404093387, -45.02610688480664], [168.66184835422894, -45.026107618687355]]]}, "properties": {"building_id": 4734828, "facet_count": 4, "obstruction_count": 1, "panel_count": 23, "kwp": 10.12, "ac_kwh_day_avg": 30.5, "ac_kwh_year": 11124.0, "facet_area_m2": 122.5, "avg_poa_kwh_m2": 1301.0}}, {"type": "Feature", "geometry": {"type": "Polygon", "coordinates": [[[168.66189377005165, -45.025993253860655], [168.66189013316375, -45.02601193716839], [168.6618477707794, -45.026007789986224], [168.66185657065407, -45.02596258387352], [168.66184051132853, -45.02596101167526], [168.66186337137316, -45.02584357925247], [168.6620182344543, -45.025858740350074], [168.66198915100745, -45.02600814417487], [168.66191886306382, -45.02600126299359], [168.661919923733, -45.025995814328724], [168.66189377005165, -45.025993253860655]]]}, "properties": {"building_id": 4734830, "facet_count": 3, "obstruction_count": 2, "panel_count": 52, "kwp": 22.88, "ac_kwh_day_avg": 65.6, "ac_kwh_year": 23944.0, "facet_area_m2": 181.0, "avg_poa_kwh_m2": 1269.0}}, {"type": "Feature", "geometry": {"type": "Polygon", "coordinates": [[[168.66225532527295, -45.025796464321076], [168.66213963521747, -45.02578660658223], [168.66216261465604, -45.02565097620659], [168.662278304445, -45.02566083391202], [168.66225532527295, -45.025796464321076]]]}, "properties": {"building_id": 4734831, "facet_count": 3, "obstruction_count": 4, "panel_count": 38, "kwp": 16.72, "ac_kwh_day_avg": 49.7, "ac_kwh_year": 18126.0, "facet_area_m2": 131.3, "avg_poa_kwh_m2": 1298.0}}, {"type": "Feature", "geometry": {"type": "Polygon", "coordinates": [[[168.65993612345386, -45.02619339259388], [168.66012544538427, -45.02624144158788], [168.660077678622, -45.026336095440215], [168.6598883564307, -45.026288046357045], [168.65993612345386, -45.02619339259388]]]}, "properties": {"building_id": 4734857, "facet_count": 2, "obstruction_count": 0, "panel_count": 47, "kwp": 20.68, "ac_kwh_day_avg": 58.8, "ac_kwh_year": 21468.0, "facet_area_m2": 158.4, "avg_poa_kwh_m2": 1272.0}}, {"type": "Feature", "geometry": {"type": "Polygon", "coordinates": [[[168.65909020791557, -45.02557805776585], [168.65919578969164, -45.02560473901332], [168.65909202468177, -45.02581124835477], [168.65898644385354, -45.025784567047374], [168.65909020791557, -45.02557805776585]]]}, "properties": {"building_id": 4734892, "facet_count": 2, "obstruction_count": 3, "panel_count": 56, "kwp": 24.64, "ac_kwh_day_avg": 72.9, "ac_kwh_year": 26610.0, "facet_area_m2": 203.7, "avg_poa_kwh_m2": 1287.0}}, {"type": "Feature", "geometry": {"type": "Polygon", "coordinates": [[[168.66032599495838, -45.02621279751311], [168.6602981351488, -45.0262278673562], [168.66026195451974, -45.026194227969825], [168.66040021426568, -45.02611944229056], [168.66047105538857, -45.02618530650526], [168.66036065538057, -45.02624502241615], [168.66032599495838, -45.02621279751311]]]}, "properties": {"building_id": 4734902, "facet_count": 2, "obstruction_count": 3, "panel_count": 25, "kwp": 11.0, "ac_kwh_day_avg": 34.2, "ac_kwh_year": 12466.0, "facet_area_m2": 104.2, "avg_poa_kwh_m2": 1329.0}}, {"type": "Feature", "geometry": {"type": "Polygon", "coordinates": [[[168.66039086311068, -45.02605499813226], [168.6604135727817, -45.026010837886986], [168.66043578841948, -45.02601658338602], [168.66044586824617, -45.02599698380411], [168.66054965943803, -45.02602382787244], [168.66053042391616, -45.02606123304832], [168.6605049364332, -45.02605464105636], [168.6604913824895, -45.02608099664033], [168.66039086311068, -45.02605499813226]]]}, "properties": {"building_id": 4734904, "facet_count": 1, "obstruction_count": 2, "panel_count": 12, "kwp": 5.28, "ac_kwh_day_avg": 16.1, "ac_kwh_year": 5864.0, "facet_area_m2": 52.4, "avg_poa_kwh_m2": 1331.0}}, {"type": "Feature", "geometry": {"type": "Polygon", "coordinates": [[[168.66042197608408, -45.02568167192933], [168.66049135533711, -45.02568799499924], [168.66054342685888, -45.02571563187704], [168.66057030016674, -45.025758950373714], [168.66056157671994, -45.02580708272668], [168.66052136971922, -45.02584518114333], [168.66046205153336, -45.02586368848993], [168.660391571521, -45.02585726498298], [168.66033878614738, -45.02582924798391], [168.66031160075343, -45.02578542604707], [168.66031994168586, -45.02573939819843], [168.66036068071153, -45.02570079529662], [168.66042197608408, -45.02568167192933]]]}, "properties": {"building_id": 4734906, "facet_count": 2, "obstruction_count": 7, "panel_count": 69, "kwp": 30.36, "ac_kwh_day_avg": 90.5, "ac_kwh_year": 33029.0, "facet_area_m2": 260.5, "avg_poa_kwh_m2": 1304.0}}, {"type": "Feature", "geometry": {"type": "Polygon", "coordinates": [[[168.65909152543415, -45.02529663460662], [168.65928625437752, -45.025344406612845], [168.65924560028142, -45.02542774822651], [168.65905087109908, -45.0253799761418], [168.65909152543415, -45.02529663460662]]]}, "properties": {"building_id": 4734956, "facet_count": 2, "obstruction_count": 6, "panel_count": 40, "kwp": 17.6, "ac_kwh_day_avg": 53.1, "ac_kwh_year": 19374.0, "facet_area_m2": 147.7, "avg_poa_kwh_m2": 1302.0}}, {"type": "Feature", "geometry": {"type": "Polygon", "coordinates": [[[168.65913142570724, -45.025147779988565], [168.65923754258625, -45.02517336894065], [168.6591972138467, -45.025257477287546], [168.65909109810121, -45.02523188834111], [168.65913142570724, -45.025147779988565]]]}, "properties": {"building_id": 4735012, "facet_count": 1, "obstruction_count": 3, "panel_count": 23, "kwp": 10.12, "ac_kwh_day_avg": 28.3, "ac_kwh_year": 10320.0, "facet_area_m2": 76.0, "avg_poa_kwh_m2": 1222.0}}, {"type": "Feature", "geometry": {"type": "Polygon", "coordinates": [[[168.66083136526305, -45.02527589308114], [168.6608881707714, -45.025244102102576], [168.66089637746254, -45.02525147649631], [168.66096407184602, -45.02521359160353], [168.66104689437395, -45.02528802046064], [168.66098456558422, -45.025322902269316], [168.66095719296501, -45.02529830412611], [168.66089502053148, -45.02533309821765], [168.66083136526305, -45.02527589308114]]]}, "properties": {"building_id": 4735020, "facet_count": 5, "obstruction_count": 4, "panel_count": 9, "kwp": 3.96, "ac_kwh_day_avg": 11.2, "ac_kwh_year": 4092.0, "facet_area_m2": 72.2, "avg_poa_kwh_m2": 1230.0}}, {"type": "Feature", "geometry": {"type": "Polygon", "coordinates": [[[168.66090774549542, -45.02548472367833], [168.66085409029276, -45.025518493481506], [168.66079221711857, -45.025469051890184], [168.66090277815547, -45.025399467497884], [168.66099061942333, -45.025469659403704], [168.66093371348552, -45.02550547496203], [168.66090774549542, -45.02548472367833]]]}, "properties": {"building_id": 4735034, "facet_count": 4, "obstruction_count": 2, "panel_count": 10, "kwp": 4.4, "ac_kwh_day_avg": 13.9, "ac_kwh_year": 5066.0, "facet_area_m2": 65.5, "avg_poa_kwh_m2": 1259.0}}, {"type": "Feature", "geometry": {"type": "Polygon", "coordinates": [[[168.65969087052744, -45.02466445214873], [168.65968464977252, -45.024655074966354], [168.659744992481, -45.02463494253049], [168.6597648033239, -45.02466480825394], [168.6597909011451, -45.024704900204654], [168.6596082705316, -45.02476468719134], [168.65956899641733, -45.02470434806254], [168.65969087052744, -45.02466445214873]]]}, "properties": {"building_id": 4735116, "facet_count": 2, "obstruction_count": 1, "panel_count": 24, "kwp": 10.56, "ac_kwh_day_avg": 32.9, "ac_kwh_year": 12018.0, "facet_area_m2": 111.7, "avg_poa_kwh_m2": 1312.0}}, {"type": "Feature", "geometry": {"type": "Polygon", "coordinates": [[[168.6625921964734, -45.02544714569808], [168.66259385228986, -45.02540267898648], [168.66273273345814, -45.02540527917238], [168.66272865667136, -45.02551479784482], [168.66262110426038, -45.02551278392926], [168.66262352665768, -45.02544773292718], [168.6625921964734, -45.02544714569808]]]}, "properties": {"building_id": 4735120, "facet_count": 3, "obstruction_count": 1, "panel_count": 12, "kwp": 5.28, "ac_kwh_day_avg": 15.1, "ac_kwh_year": 5524.0, "facet_area_m2": 60.8, "avg_poa_kwh_m2": 1261.0}}, {"type": "Feature", "geometry": {"type": "Polygon", "coordinates": [[[168.6595507169175, -45.02454613140928], [168.65957188482034, -45.02456662911163], [168.6596044956062, -45.024549691518494], [168.6596627638093, -45.02460611609941], [168.65953970132193, -45.02467003185545], [168.65946026523125, -45.02459311039329], [168.6595507169175, -45.02454613140928]]]}, "properties": {"building_id": 4735123, "facet_count": 2, "obstruction_count": 4, "panel_count": 27, "kwp": 11.88, "ac_kwh_day_avg": 36.7, "ac_kwh_year": 13411.0, "facet_area_m2": 111.2, "avg_poa_kwh_m2": 1333.0}}, {"type": "Feature", "geometry": {"type": "Polygon", "coordinates": [[[168.66256902653143, -45.024864184723775], [168.66256902755939, -45.02480686063641], [168.66270340989163, -45.02480686185634], [168.66270341026387, -45.02486418599694], [168.66256902653143, -45.024864184723775]]]}, "properties": {"building_id": 4735175, "facet_count": 1, "obstruction_count": 1, "panel_count": 14, "kwp": 6.16, "ac_kwh_day_avg": 19.4, "ac_kwh_year": 7070.0, "facet_area_m2": 53.9, "avg_poa_kwh_m2": 1376.0}}, {"type": "Feature", "geometry": {"type": "Polygon", "coordinates": [[[168.66207182385864, -45.02483991978044], [168.66208278648082, -45.02479290774129], [168.66210319912403, -45.024795301305375], [168.66210684431326, -45.024779671390235], [168.6620803118803, -45.024776560629554], [168.66209929924452, -45.024695125531316], [168.66212361347, -45.02469797633512], [168.66213935147488, -45.02463047854788], [168.66205519362774, -45.02462060993583], [168.6620771141552, -45.024526596480754], [168.66236689080205, -45.024560577827195], [168.66234535590672, -45.02465293976013], [168.66225465677033, -45.02464230386574], [168.66223963073372, -45.024706751911665], [168.66230487333056, -45.02471440266952], [168.66228224680415, -45.02481144274685], [168.66221029801963, -45.024803005660644], [168.66219823410717, -45.02485474321097], [168.66207182385864, -45.02483991978044]]]}, "properties": {"building_id": 4735249, "facet_count": 4, "obstruction_count": 8, "panel_count": 167, "kwp": 73.48, "ac_kwh_day_avg": 219.4, "ac_kwh_year": 80072.0, "facet_area_m2": 497.9, "avg_poa_kwh_m2": 1305.0}}, {"type": "Feature", "geometry": {"type": "Polygon", "coordinates": [[[168.66035444889218, -45.02490351775925], [168.66063331020678, -45.02480874061665], [168.66070164065962, -45.02490985419305], [168.66042277894056, -45.0250046314874], [168.66035444889218, -45.02490351775925]]]}, "properties": {"building_id": 4735294, "facet_count": 2, "obstruction_count": 5, "panel_count": 77, "kwp": 33.88, "ac_kwh_day_avg": 103.1, "ac_kwh_year": 37617.0, "facet_area_m2": 284.6, "avg_poa_kwh_m2": 1318.0}}, {"type": "Feature", "geometry": {"type": "Polygon", "coordinates": [[[168.6596345785737, -45.02486678495096], [168.65993195912193, -45.024697833254685], [168.66001041533818, -45.024767286006075], [168.65971303589558, -45.02493623794905], [168.6596345785737, -45.02486678495096]]]}, "properties": {"building_id": 4735308, "facet_count": 2, "obstruction_count": 2, "panel_count": 72, "kwp": 31.68, "ac_kwh_day_avg": 94.1, "ac_kwh_year": 34341.0, "facet_area_m2": 270.2, "avg_poa_kwh_m2": 1280.0}}, {"type": "Feature", "geometry": {"type": "Polygon", "coordinates": [[[168.66061794840832, -45.02473614867738], [168.66058552335724, -45.02474095906494], [168.66059167895492, -45.02476182936909], [168.66031953598576, -45.024802199023824], [168.66030078976868, -45.02473863852937], [168.66060535740175, -45.02469345942089], [168.66061794840832, -45.02473614867738]]]}, "properties": {"building_id": 4735329, "facet_count": 3, "obstruction_count": 6, "panel_count": 37, "kwp": 16.28, "ac_kwh_day_avg": 47.5, "ac_kwh_year": 17329.0, "facet_area_m2": 157.6, "avg_poa_kwh_m2": 1269.0}}, {"type": "Feature", "geometry": {"type": "Polygon", "coordinates": [[[168.6621645947569, -45.02507482798663], [168.66222470993836, -45.025077676490305], [168.66222638029143, -45.0250599459913], [168.6622908489484, -45.02506300063889], [168.6622818762273, -45.02515825040863], [168.66217542074716, -45.02515320636398], [168.66217918767742, -45.025113220126954], [168.66216105914526, -45.02511236100542], [168.6621645947569, -45.02507482798663]]]}, "properties": {"building_id": 4735367, "facet_count": 5, "obstruction_count": 1, "panel_count": 8, "kwp": 3.52, "ac_kwh_day_avg": 10.1, "ac_kwh_year": 3700.0, "facet_area_m2": 68.1, "avg_poa_kwh_m2": 1265.0}}, {"type": "Feature", "geometry": {"type": "Polygon", "coordinates": [[[168.6608325154882, -45.02433765667446], [168.66094493092996, -45.02434706702652], [168.66092114821433, -45.02448996173514], [168.66080873249953, -45.02448055134931], [168.6608325154882, -45.02433765667446]]]}, "properties": {"building_id": 4735377, "facet_count": 2, "obstruction_count": 1, "panel_count": 6, "kwp": 2.64, "ac_kwh_day_avg": 7.7, "ac_kwh_year": 2818.0, "facet_area_m2": 25.4, "avg_poa_kwh_m2": 1282.0}}, {"type": "Feature", "geometry": {"type": "Polygon", "coordinates": [[[168.66730052734692, -45.03544074599479], [168.6673386312308, -45.03553128969169], [168.6669930193396, -45.03560441234907], [168.6669549147051, -45.035513868508076], [168.66730052734692, -45.03544074599479]]]}, "properties": {"building_id": 5370893, "facet_count": 2, "obstruction_count": 5, "panel_count": 73, "kwp": 32.12, "ac_kwh_day_avg": 83.1, "ac_kwh_year": 30347.0, "facet_area_m2": 263.6, "avg_poa_kwh_m2": 1160.0}}, {"type": "Feature", "geometry": {"type": "Polygon", "coordinates": [[[168.66130463719264, -45.037914744402435], [168.66125116422793, -45.03788328636419], [168.66127552778582, -45.0378624687394], [168.6613289994802, -45.03789392671786], [168.66130463719264, -45.037914744402435]]]}, "properties": {"building_id": 5370972, "facet_count": 1, "obstruction_count": 0, "panel_count": 1, "kwp": 0.44, "ac_kwh_day_avg": 1.4, "ac_kwh_year": 502.0, "facet_area_m2": 12.8, "avg_poa_kwh_m2": 1367.0}}, {"type": "Feature", "geometry": {"type": "Polygon", "coordinates": [[[168.67087050831142, -45.0357005723323], [168.67092352909515, -45.03569804451625], [168.67093081292626, -45.035774863368985], [168.67087779080524, -45.03577739113765], [168.67087050831142, -45.0357005723323]]]}, "properties": {"building_id": 5371189, "facet_count": 1, "obstruction_count": 0, "panel_count": 6, "kwp": 2.64, "ac_kwh_day_avg": 7.9, "ac_kwh_year": 2901.0, "facet_area_m2": 27.1, "avg_poa_kwh_m2": 1317.0}}, {"type": "Feature", "geometry": {"type": "Polygon", "coordinates": [[[168.6638935504674, -45.036724890019386], [168.6638417628994, -45.036742890261245], [168.6637922601007, -45.036671290793464], [168.66384404805314, -45.03665329054744], [168.6638935504674, -45.036724890019386]]]}, "properties": {"building_id": 5372779, "facet_count": 2, "obstruction_count": 3, "panel_count": 2, "kwp": 0.88, "ac_kwh_day_avg": 2.9, "ac_kwh_year": 1053.0, "facet_area_m2": 27.5, "avg_poa_kwh_m2": 1343.0}}, {"type": "Feature", "geometry": {"type": "Polygon", "coordinates": [[[168.6637695489655, -45.03675240672623], [168.66373976572459, -45.036712710912155], [168.66377427007282, -45.03669969621227], [168.66380405348272, -45.03673939186609], [168.6637695489655, -45.03675240672623]]]}, "properties": {"building_id": 5372780, "facet_count": 1, "obstruction_count": 0, "panel_count": 0, "kwp": 0, "ac_kwh_day_avg": 0, "ac_kwh_year": 0, "facet_area_m2": 6.7, "avg_poa_kwh_m2": 1306.0}}, {"type": "Feature", "geometry": {"type": "Polygon", "coordinates": [[[168.66370292650464, -45.03676779087266], [168.6636567225748, -45.036782145914195], [168.66363976880066, -45.03675471312819], [168.66368597250826, -45.03674035801475], [168.66370292650464, -45.03676779087266]]]}, "properties": {"building_id": 5372781, "facet_count": 1, "obstruction_count": 0, "panel_count": 1, "kwp": 0.44, "ac_kwh_day_avg": 1.3, "ac_kwh_year": 479.0, "facet_area_m2": 9.0, "avg_poa_kwh_m2": 1306.0}}, {"type": "Feature", "geometry": {"type": "Polygon", "coordinates": [[[168.66517069170936, -45.03543528495801], [168.66514799495087, -45.03537759923201], [168.6651424501855, -45.035363027969154], [168.66523215116146, -45.035345414028384], [168.66526173387072, -45.03533958378316], [168.6652587851635, -45.035332060199636], [168.66533561449526, -45.03531692582644], [168.66534917163088, -45.03535153265677], [168.6653730177218, -45.035346838657894], [168.66540497896926, -45.035428519064574], [168.66523741753946, -45.03546147526229], [168.66522315236617, -45.03542498348917], [168.66517069170936, -45.03543528495801]]]}, "properties": {"building_id": 5372794, "facet_count": 9, "obstruction_count": 2, "panel_count": 7, "kwp": 3.08, "ac_kwh_day_avg": 9.5, "ac_kwh_year": 3482.0, "facet_area_m2": 104.3, "avg_poa_kwh_m2": 1324.0}}, {"type": "Feature", "geometry": {"type": "Polygon", "coordinates": [[[168.66451926850414, -45.035935917570825], [168.66455674229954, -45.035926728780204], [168.66454944434722, -45.035911765935325], [168.66460425271393, -45.035898326635404], [168.66468646001508, -45.03606687454973], [168.66462760824095, -45.03608130521941], [168.66463346867877, -45.036093321010895], [168.66452469786833, -45.03611999095755], [168.66449088960638, -45.036050671348214], [168.6645662264424, -45.03603219930879], [168.66451926850414, -45.035935917570825]]]}, "properties": {"building_id": 4725473, "facet_count": 5, "obstruction_count": 4, "panel_count": 36, "kwp": 15.84, "ac_kwh_day_avg": 43.0, "ac_kwh_year": 15682.0, "facet_area_m2": 164.0, "avg_poa_kwh_m2": 1196.0}}, {"type": "Feature", "geometry": {"type": "Polygon", "coordinates": [[[168.66385432047224, -45.03627712640884], [168.663646907601, -45.03631763485797], [168.66362079506877, -45.03625041632542], [168.66382820644188, -45.03620990786685], [168.66385432047224, -45.03627712640884]]]}, "properties": {"building_id": 4725478, "facet_count": 2, "obstruction_count": 0, "panel_count": 33, "kwp": 14.52, "ac_kwh_day_avg": 39.3, "ac_kwh_year": 14355.0, "facet_area_m2": 122.7, "avg_poa_kwh_m2": 1220.0}}, {"type": "Feature", "geometry": {"type": "Polygon", "coordinates": [[[168.6635093586949, -45.03589819514609], [168.6635789305013, -45.03588606795909], [168.66357251922105, -45.035867577211285], [168.66368560357375, -45.03584786484405], [168.66373694025893, -45.03599592035842], [168.6635542823315, -45.036027760823956], [168.6635093586949, -45.03589819514609]]]}, "properties": {"building_id": 4725527, "facet_count": 9, "obstruction_count": 4, "panel_count": 21, "kwp": 9.24, "ac_kwh_day_avg": 25.3, "ac_kwh_year": 9223.0, "facet_area_m2": 152.3, "avg_poa_kwh_m2": 1244.0}}, {"type": "Feature", "geometry": {"type": "Polygon", "coordinates": [[[168.66347952318094, -45.035692564818596], [168.66356414580648, -45.03567594750451], [168.6635894736607, -45.03574079153502], [168.66363099430916, -45.035732638130064], [168.66362763060715, -45.03572402638337], [168.66375506627122, -45.03569900205933], [168.66377231755513, -45.035743168826954], [168.66353579019847, -45.03578961506642], [168.66351962638507, -45.03574823193758], [168.66350257395322, -45.035751580449755], [168.66347952318094, -45.035692564818596]]]}, "properties": {"building_id": 4725529, "facet_count": 9, "obstruction_count": 2, "panel_count": 8, "kwp": 3.52, "ac_kwh_day_avg": 8.7, "ac_kwh_year": 3163.0, "facet_area_m2": 81.1, "avg_poa_kwh_m2": 1119.0}}, {"type": "Feature", "geometry": {"type": "Polygon", "coordinates": [[[168.66598469206775, -45.03546041975365], [168.66589708114373, -45.035478482521384], [168.6658676982812, -45.03540683364844], [168.66601599394647, -45.0353762584102], [168.66601039440712, -45.03536260297536], [168.66606264595816, -45.03535182944964], [168.6660880984692, -45.035413892149215], [168.66606875192795, -45.035417880774425], [168.66608513696755, -45.035457836635096], [168.66599154575073, -45.035477133108465], [168.66598469206775, -45.03546041975365]]]}, "properties": {"building_id": 4725550, "facet_count": 3, "obstruction_count": 2, "panel_count": 29, "kwp": 12.76, "ac_kwh_day_avg": 35.7, "ac_kwh_year": 13020.0, "facet_area_m2": 128.9, "avg_poa_kwh_m2": 1236.0}}, {"type": "Feature", "geometry": {"type": "Polygon", "coordinates": [[[168.66509612828682, -45.03595382775598], [168.66507227372014, -45.03589544166758], [168.66517439117524, -45.03587446727256], [168.66519826403467, -45.03593289814454], [168.66517445376402, -45.03593778809389], [168.6652047476409, -45.036011936507215], [168.66521256148036, -45.03601033155445], [168.66523740497817, -45.03607113802211], [168.66504387320347, -45.03611088872363], [168.66501823512726, -45.0360481354921], [168.6650468106539, -45.03604226645313], [168.66503976723766, -45.036025026416986], [168.66513163118077, -45.03600615744573], [168.6651369686064, -45.0360018765784], [168.66511569699554, -45.0359498090373], [168.66509612828682, -45.03595382775598]]]}, "properties": {"building_id": 4725554, "facet_count": 5, "obstruction_count": 4, "panel_count": 13, "kwp": 5.72, "ac_kwh_day_avg": 17.1, "ac_kwh_year": 6256.0, "facet_area_m2": 101.1, "avg_poa_kwh_m2": 1317.0}}, {"type": "Feature", "geometry": {"type": "Polygon", "coordinates": [[[168.66537157825132, -45.03562084874084], [168.66542738664901, -45.03561009813053], [168.66541131248985, -45.0355681491212], [168.6653692792706, -45.03557624761292], [168.66534865759962, -45.03552244731368], [168.66545588163075, -45.035501781883205], [168.66547540826238, -45.03555270649303], [168.66546051683636, -45.0355555808291], [168.66549271249798, -45.035639329292984], [168.6655319133431, -45.03563174842946], [168.66552944986108, -45.03562536108298], [168.66557135762685, -45.0356172135444], [168.6655737722426, -45.03562344071226], [168.66561701857316, -45.035614987570035], [168.6656537052536, -45.035709299285976], [168.66557209527932, -45.03572526260396], [168.66555552324198, -45.035682678941065], [168.66542194005243, -45.03570881941143], [168.66540512676886, -45.03566562813786], [168.66539015842017, -45.03566855822964], [168.66537157825132, -45.03562084874084]]]}, "properties": {"building_id": 4725559, "facet_count": 11, "obstruction_count": 0, "panel_count": 9, "kwp": 3.96, "ac_kwh_day_avg": 11.4, "ac_kwh_year": 4145.0, "facet_area_m2": 106.4, "avg_poa_kwh_m2": 1287.0}}, {"type": "Feature", "geometry": {"type": "Polygon", "coordinates": [[[168.66572885360944, -45.03548861797211], [168.66573575986737, -45.035506515290514], [168.66566515882928, -45.03552021060163], [168.66565867212083, -45.035503396857074], [168.6655513133022, -45.03552422189359], [168.66553238261005, -45.03547515825729], [168.66546772794442, -45.03548769956897], [168.66545140447542, -45.03544539106428], [168.6655443102925, -45.03542736974749], [168.66555365573373, -45.035451590041035], [168.66576021955683, -45.03541152112361], [168.6657795516983, -45.03546162440248], [168.665744421306, -45.03546843893767], [168.66575057999805, -45.03548440302855], [168.66572885360944, -45.03548861797211]]]}, "properties": {"building_id": 4725560, "facet_count": 8, "obstruction_count": 8, "panel_count": 17, "kwp": 7.48, "ac_kwh_day_avg": 21.4, "ac_kwh_year": 7810.0, "facet_area_m2": 126.9, "avg_poa_kwh_m2": 1245.0}}, {"type": "Feature", "geometry": {"type": "Polygon", "coordinates": [[[168.66539571393452, -45.03550003276685], [168.66531827718967, -45.03551544276571], [168.6653013318956, -45.03547263310461], [168.6653787683125, -45.0354572229575], [168.66539571393452, -45.03550003276685]]]}, "properties": {"building_id": 4725561, "facet_count": 1, "obstruction_count": 1, "panel_count": 2, "kwp": 0.88, "ac_kwh_day_avg": 1.7, "ac_kwh_year": 625.0, "facet_area_m2": 14.6, "avg_poa_kwh_m2": 851.0}}, {"type": "Feature", "geometry": {"type": "Polygon", "coordinates": [[[168.66591966027295, -45.03525790516621], [168.66595480412465, -45.03525203538749], [168.66597332289027, -45.035307775302286], [168.66575932193274, -45.03534351996957], [168.665713071667, -45.03520430779192], [168.6657873530847, -45.035191901033194], [168.66579971941664, -45.03522912418732], [168.66590429464793, -45.035211657007274], [168.66591966027295, -45.03525790516621]]]}, "properties": {"building_id": 4725564, "facet_count": 5, "obstruction_count": 3, "panel_count": 9, "kwp": 3.96, "ac_kwh_day_avg": 12.1, "ac_kwh_year": 4433.0, "facet_area_m2": 77.8, "avg_poa_kwh_m2": 1344.0}}, {"type": "Feature", "geometry": {"type": "Polygon", "coordinates": [[[168.66504378495776, -45.03521823138274], [168.66504180342181, -45.035213743314245], [168.66512780334386, -45.03519465372763], [168.66513398801612, -45.03520866145952], [168.6652636552245, -45.035179878226245], [168.6652849789496, -45.035228173426], [168.66526345500412, -45.035232951425755], [168.665276837672, -45.03526325968009], [168.6652165036181, -45.0352766534729], [168.66521890761803, -45.03528209737502], [168.66516025556416, -45.0352951199483], [168.6651564935817, -45.03528660196928], [168.66508135172754, -45.03530328726107], [168.66504378495776, -45.03521823138274]]]}, "properties": {"building_id": 4725566, "facet_count": 3, "obstruction_count": 5, "panel_count": 33, "kwp": 14.52, "ac_kwh_day_avg": 39.1, "ac_kwh_year": 14263.0, "facet_area_m2": 149.3, "avg_poa_kwh_m2": 1202.0}}, {"type": "Feature", "geometry": {"type": "Polygon", "coordinates": [[[168.6644273539686, -45.03595037352238], [168.66440148652185, -45.0358894703182], [168.66447027428464, -45.03587478233044], [168.66449614180027, -45.035935685521615], [168.6644273539686, -45.03595037352238]]]}, "properties": {"building_id": 4725577, "facet_count": 2, "obstruction_count": 1, "panel_count": 4, "kwp": 1.76, "ac_kwh_day_avg": 4.4, "ac_kwh_year": 1610.0, "facet_area_m2": 28.1, "avg_poa_kwh_m2": 1168.0}}, {"type": "Feature", "geometry": {"type": "Polygon", "coordinates": [[[168.66446032713418, -45.03598639814938], [168.6644257431499, -45.03599488120276], [168.6644084441746, -45.035959425619], [168.66444302793383, -45.03595094254001], [168.66446032713418, -45.03598639814938]]]}, "properties": {"building_id": 4725578, "facet_count": 1, "obstruction_count": 0, "panel_count": 0, "kwp": 0, "ac_kwh_day_avg": 0, "ac_kwh_year": 0, "facet_area_m2": 6.8, "avg_poa_kwh_m2": 1377.0}}, {"type": "Feature", "geometry": {"type": "Polygon", "coordinates": [[[168.6680246482018, -45.03535997110153], [168.66801158607984, -45.03532466075633], [168.6681461752662, -45.03529962911651], [168.66814963926603, -45.03530899310289], [168.6681884034884, -45.03530178300482], [168.66818434703373, -45.035290817572296], [168.66822797604271, -45.03528270310377], [168.66825013576815, -45.03534260665815], [168.6681892454128, -45.03535393148244], [168.66819952471877, -45.035381717591044], [168.6680585188936, -45.03540794214329], [168.6680397345701, -45.035357166025314], [168.6680246482018, -45.03535997110153]]]}, "properties": {"building_id": 4725592, "facet_count": 6, "obstruction_count": 2, "panel_count": 19, "kwp": 8.36, "ac_kwh_day_avg": 26.2, "ac_kwh_year": 9565.0, "facet_area_m2": 127.5, "avg_poa_kwh_m2": 1357.0}}, {"type": "Feature", "geometry": {"type": "Polygon", "coordinates": [[[168.66390695498785, -45.036636829029675], [168.6639589510655, -45.0366163242276], [168.66401030490005, -45.03668179082095], [168.6639583087795, -45.03670229564535], [168.66390695498785, -45.036636829029675]]]}, "properties": {"building_id": 4725624, "facet_count": 1, "obstruction_count": 1, "panel_count": 4, "kwp": 1.76, "ac_kwh_day_avg": 5.3, "ac_kwh_year": 1918.0, "facet_area_m2": 29.0, "avg_poa_kwh_m2": 1306.0}}, {"type": "Feature", "geometry": {"type": "Polygon", "coordinates": [[[168.66147108165362, -45.037974396047524], [168.66141055112132, -45.03794174136851], [168.66151814997463, -45.037841476855775], [168.66157868047088, -45.03787413147633], [168.66147108165362, -45.037974396047524]]]}, "properties": {"building_id": 4725626, "facet_count": 1, "obstruction_count": 0, "panel_count": 22, "kwp": 9.68, "ac_kwh_day_avg": 26.7, "ac_kwh_year": 9762.0, "facet_area_m2": 72.4, "avg_poa_kwh_m2": 1209.0}}, {"type": "Feature", "geometry": {"type": "Polygon", "coordinates": [[[168.66177697095043, -45.037254591858975], [168.6618656425726, -45.037176804551756], [168.66196623383797, -45.03723445062977], [168.6619196862546, -45.037275283333045], [168.66213378129785, -45.03739797385037], [168.66165827746315, -45.03781510097249], [168.66124150979502, -45.0375762639108], [168.66153754250516, -45.0373165771601], [168.66161275801917, -45.037359681068565], [168.66175010465798, -45.03723919603417], [168.66177697095043, -45.037254591858975]]]}, "properties": {"building_id": 4726041, "facet_count": 7, "obstruction_count": 40, "panel_count": 773, "kwp": 340.12, "ac_kwh_day_avg": 1015.4, "ac_kwh_year": 370632.0, "facet_area_m2": 2118.8, "avg_poa_kwh_m2": 1307.0}}, {"type": "Feature", "geometry": {"type": "Polygon", "coordinates": [[[168.65989294349956, -45.03728774606569], [168.66008866379062, -45.03746499827649], [168.6600212337911, -45.037502428452676], [168.66004200872328, -45.0375212423764], [168.65998189765648, -45.03755461153565], [168.6599278038416, -45.03750562570967], [168.65997900594195, -45.03747720129566], [168.659952040868, -45.03745278353092], [168.65989121218288, -45.037486553844786], [168.65985644654918, -45.03745507383664], [168.6598661097523, -45.03744970850538], [168.65976542472487, -45.037358555528094], [168.65989294349956, -45.03728774606569]]]}, "properties": {"building_id": 4726043, "facet_count": 6, "obstruction_count": 2, "panel_count": 54, "kwp": 23.76, "ac_kwh_day_avg": 70.9, "ac_kwh_year": 25873.0, "facet_area_m2": 215.7, "avg_poa_kwh_m2": 1297.0}}, {"type": "Feature", "geometry": {"type": "Polygon", "coordinates": [[[168.67227769942048, -45.036194441529254], [168.67243164825436, -45.03616007559331], [168.67244829358307, -45.03620029695007], [168.67247137972032, -45.03619474473869], [168.67249660752182, -45.03625079634785], [168.67234312398756, -45.03628387449552], [168.67233534306573, -45.03626255986959], [168.67228175456384, -45.03627240576188], [168.67227769942048, -45.036194441529254]]]}, "properties": {"building_id": 4740334, "facet_count": 1, "obstruction_count": 4, "panel_count": 32, "kwp": 14.08, "ac_kwh_day_avg": 42.0, "ac_kwh_year": 15343.0, "facet_area_m2": 124.7, "avg_poa_kwh_m2": 1306.0}}, {"type": "Feature", "geometry": {"type": "Polygon", "coordinates": [[[168.671801402774, -45.03595025528999], [168.67180242442694, -45.03597168638347], [168.6716932953929, -45.035974301755346], [168.6716885280027, -45.035874292695695], [168.6717786918817, -45.035872131844464], [168.6717791543033, -45.03588183209158], [168.67183649656505, -45.03588045780032], [168.67183978011417, -45.035949335518566], [168.671801402774, -45.03595025528999]]]}, "properties": {"building_id": 4740336, "facet_count": 5, "obstruction_count": 2, "panel_count": 11, "kwp": 4.84, "ac_kwh_day_avg": 13.1, "ac_kwh_year": 4795.0, "facet_area_m2": 77.3, "avg_poa_kwh_m2": 1244.0}}, {"type": "Feature", "geometry": {"type": "Polygon", "coordinates": [[[168.67296808905883, -45.03563639636076], [168.67293089924055, -45.03562501322483], [168.67292031783944, -45.035603937794036], [168.6729824688875, -45.03558824916005], [168.6729876299472, -45.035579771746114], [168.67305988888978, -45.03560188854882], [168.6730858302011, -45.03555927977439], [168.67310086130416, -45.035563879588835], [168.67310384832913, -45.03555897351544], [168.67320222823247, -45.03558908612325], [168.67317009252915, -45.03564187048912], [168.67312120592086, -45.03562690716373], [168.6731131693546, -45.03564010855122], [168.67307535406775, -45.03562853428529], [168.67305338803598, -45.03566461544907], [168.67300424460956, -45.03564957301008], [168.67299697923121, -45.03566150558995], [168.67295974096726, -45.035650108021855], [168.67296808905883, -45.03563639636076]]]}, "properties": {"building_id": 4740394, "facet_count": 4, "obstruction_count": 4, "panel_count": 13, "kwp": 5.72, "ac_kwh_day_avg": 14.3, "ac_kwh_year": 5228.0, "facet_area_m2": 70.7, "avg_poa_kwh_m2": 1070.0}}, {"type": "Feature", "geometry": {"type": "Polygon", "coordinates": [[[168.67394467957902, -45.035765421601056], [168.6739349841418, -45.03574809407126], [168.67392406362416, -45.0357511660544], [168.67390662717602, -45.03572000228443], [168.67389403466422, -45.035723544621916], [168.67386732679591, -45.03567581116021], [168.67388278203623, -45.03567146377958], [168.67385276189148, -45.03561781008569], [168.67393084093186, -45.0355958470863], [168.67397728639344, -45.03567885637493], [168.6740570530707, -45.03565641812308], [168.6740802439877, -45.03569786617481], [168.67406917044502, -45.035700980974816], [168.6740833943022, -45.035726401116825], [168.67394467957902, -45.035765421601056]]]}, "properties": {"building_id": 4740398, "facet_count": 5, "obstruction_count": 4, "panel_count": 31, "kwp": 13.64, "ac_kwh_day_avg": 40.8, "ac_kwh_year": 14895.0, "facet_area_m2": 152.4, "avg_poa_kwh_m2": 1280.0}}, {"type": "Feature", "geometry": {"type": "Polygon", "coordinates": [[[168.6730753756334, -45.035828230472596], [168.6732003313843, -45.03593922277271], [168.6731248871926, -45.03598150559464], [168.6731046306901, -45.03596263675779], [168.6730655077852, -45.035973554333744], [168.67302059264193, -45.03589810356766], [168.67297215249803, -45.03582483438026], [168.67298240115733, -45.035820784578185], [168.67296842534657, -45.03581087938122], [168.67304310828666, -45.03576947057973], [168.67307612946655, -45.03579926737344], [168.6730908257708, -45.03579187011953], [168.6731091216075, -45.035808979701876], [168.6730753756334, -45.035828230472596]]]}, "properties": {"building_id": 4740402, "facet_count": 7, "obstruction_count": 10, "panel_count": 27, "kwp": 11.88, "ac_kwh_day_avg": 36.4, "ac_kwh_year": 13284.0, "facet_area_m2": 167.5, "avg_poa_kwh_m2": 1318.0}}, {"type": "Feature", "geometry": {"type": "Polygon", "coordinates": [[[168.6725522165659, -45.0359997347163], [168.67253672042145, -45.03589851692365], [168.67267492845622, -45.03588787900749], [168.67270346525203, -45.0360742663747], [168.6725297532637, -45.0360876370204], [168.67251671438092, -45.03600246747425], [168.6725522165659, -45.0359997347163]]]}, "properties": {"building_id": 4740405, "facet_count": 3, "obstruction_count": 4, "panel_count": 48, "kwp": 21.12, "ac_kwh_day_avg": 61.9, "ac_kwh_year": 22582.0, "facet_area_m2": 177.2, "avg_poa_kwh_m2": 1283.0}}, {"type": "Feature", "geometry": {"type": "Polygon", "coordinates": [[[168.6713047608168, -45.035732947634905], [168.67130510902038, -45.035741094971634], [168.67126293718297, -45.03574200412839], [168.67126035809233, -45.03568189054217], [168.67134145773062, -45.03568014166518], [168.67134368616559, -45.03573210781981], [168.6713047608168, -45.035732947634905]]]}, "properties": {"building_id": 4740412, "facet_count": 2, "obstruction_count": 1, "panel_count": 7, "kwp": 3.08, "ac_kwh_day_avg": 8.8, "ac_kwh_year": 3226.0, "facet_area_m2": 32.1, "avg_poa_kwh_m2": 1254.0}}, {"type": "Feature", "geometry": {"type": "Polygon", "coordinates": [[[168.67139487239214, -45.03575902823668], [168.67141575922255, -45.035789876022285], [168.67140284561563, -45.03579427187279], [168.67144571692342, -45.03585758895133], [168.6713619268785, -45.03588611179899], [168.67127766130102, -45.03576165900069], [168.67136078917693, -45.03573336222251], [168.67138129683894, -45.03576364920076], [168.67139487239214, -45.03575902823668]]]}, "properties": {"building_id": 4740413, "facet_count": 2, "obstruction_count": 8, "panel_count": 21, "kwp": 9.24, "ac_kwh_day_avg": 25.6, "ac_kwh_year": 9353.0, "facet_area_m2": 107.0, "avg_poa_kwh_m2": 1255.0}}, {"type": "Feature", "geometry": {"type": "Polygon", "coordinates": [[[168.67052707294366, -45.03588064721933], [168.67051906701258, -45.03579406806407], [168.67059958498427, -45.03579032440849], [168.67059254930038, -45.03571424321284], [168.67067845517124, -45.035710248643106], [168.67068225119658, -45.03575130463695], [168.67064868233058, -45.035752865276464], [168.6706599281477, -45.03587447052866], [168.67052707294366, -45.03588064721933]]]}, "properties": {"building_id": 4740416, "facet_count": 6, "obstruction_count": 3, "panel_count": 10, "kwp": 4.4, "ac_kwh_day_avg": 12.1, "ac_kwh_year": 4435.0, "facet_area_m2": 70.7, "avg_poa_kwh_m2": 1247.0}}, {"type": "Feature", "geometry": {"type": "Polygon", "coordinates": [[[168.67039601507162, -45.035982075375415], [168.67032069075302, -45.03595326906029], [168.67035214581398, -45.03591191726252], [168.6704274713631, -45.03594072360359], [168.67039601507162, -45.035982075375415]]]}, "properties": {"building_id": 4740420, "facet_count": 2, "obstruction_count": 0, "panel_count": 4, "kwp": 1.76, "ac_kwh_day_avg": 4.2, "ac_kwh_year": 1525.0, "facet_area_m2": 27.6, "avg_poa_kwh_m2": 1150.0}}, {"type": "Feature", "geometry": {"type": "Polygon", "coordinates": [[[168.67075653927722, -45.036241159295564], [168.6708117689707, -45.03619667656933], [168.67074868033183, -45.0361490333717], [168.67085212480595, -45.036080170073106], [168.67107612749638, -45.03612075814662], [168.67077605619554, -45.036362435928815], [168.6705679124768, -45.03627217401786], [168.67068323641732, -45.03619540290881], [168.67075653927722, -45.036241159295564]]]}, "properties": {"building_id": 4740422, "facet_count": 12, "obstruction_count": 2, "panel_count": 58, "kwp": 25.52, "ac_kwh_day_avg": 67.9, "ac_kwh_year": 24800.0, "facet_area_m2": 322.6, "avg_poa_kwh_m2": 1218.0}}, {"type": "Feature", "geometry": {"type": "Polygon", "coordinates": [[[168.67111512504383, -45.03550185993433], [168.67110158584157, -45.03550245389671], [168.6711025410378, -45.03551340587178], [168.6710265093334, -45.03551674053775], [168.67102759667065, -45.03552920354913], [168.67089774448405, -45.035534897893825], [168.6708985620628, -45.03554425941011], [168.6708203279331, -45.03554769033154], [168.67081416124904, -45.03547699197929], [168.67086370043856, -45.03547481986625], [168.67085813883756, -45.03541105165171], [168.67106656598304, -45.0354019122533], [168.67106918923832, -45.03543199269366], [168.6711088793563, -45.035430253006815], [168.67111512504383, -45.03550185993433]]]}, "properties": {"building_id": 4740447, "facet_count": 4, "obstruction_count": 1, "panel_count": 47, "kwp": 20.68, "ac_kwh_day_avg": 62.4, "ac_kwh_year": 22790.0, "facet_area_m2": 217.0, "avg_poa_kwh_m2": 1325.0}}, {"type": "Feature", "geometry": {"type": "Polygon", "coordinates": [[[168.67047456920227, -45.03555574648218], [168.6703938855324, -45.035558278468976], [168.67038476525184, -45.035412166069115], [168.67052068892565, -45.03540790051954], [168.67052836318848, -45.03553084220375], [168.67047312286047, -45.03553257577], [168.67047456920227, -45.03555574648218]]]}, "properties": {"building_id": 4740449, "facet_count": 5, "obstruction_count": 1, "panel_count": 41, "kwp": 18.04, "ac_kwh_day_avg": 49.8, "ac_kwh_year": 18194.0, "facet_area_m2": 137.0, "avg_poa_kwh_m2": 1210.0}}, {"type": "Feature", "geometry": {"type": "Polygon", "coordinates": [[[168.6702847532254, -45.03544629971857], [168.67034542951265, -45.03544257788859], [168.67035938914012, -45.03555699576631], [168.6703176746803, -45.03555955415169], [168.6703184939226, -45.035566273600026], [168.6701895096142, -45.03557417507231], [168.67017620942306, -45.035465017326764], [168.67025919352426, -45.035459934132625], [168.67026303377125, -45.035491453838326], [168.67029005262557, -45.03548979892406], [168.6702847532254, -45.03544629971857]]]}, "properties": {"building_id": 4740450, "facet_count": 3, "obstruction_count": 2, "panel_count": 16, "kwp": 7.04, "ac_kwh_day_avg": 20.5, "ac_kwh_year": 7471.0, "facet_area_m2": 125.3, "avg_poa_kwh_m2": 1281.0}}, {"type": "Feature", "geometry": {"type": "Polygon", "coordinates": [[[168.66967366062542, -45.03546448280144], [168.66963824127535, -45.03544893405363], [168.66967830110892, -45.03540305370767], [168.66971372044338, -45.03541860244244], [168.66967366062542, -45.03546448280144]]]}, "properties": {"building_id": 4740453, "facet_count": 1, "obstruction_count": 0, "panel_count": 2, "kwp": 0.88, "ac_kwh_day_avg": 2.6, "ac_kwh_year": 959.0, "facet_area_m2": 15.8, "avg_poa_kwh_m2": 1306.0}}, {"type": "Feature", "geometry": {"type": "Polygon", "coordinates": [[[168.672678927486, -45.035586366928904], [168.6726772622504, -45.03555812888093], [168.67279710547325, -45.03555457575105], [168.67279900407613, -45.03558676961285], [168.6728054087676, -45.03569537127184], [168.67267205101413, -45.03569932505102], [168.67267064797892, -45.035675532009456], [168.6726290136666, -45.03567676637036], [168.6726237790463, -45.035588001935075], [168.672678927486, -45.035586366928904]]]}, "properties": {"building_id": 4740586, "facet_count": 4, "obstruction_count": 6, "panel_count": 52, "kwp": 22.88, "ac_kwh_day_avg": 69.3, "ac_kwh_year": 25290.0, "facet_area_m2": 177.5, "avg_poa_kwh_m2": 1292.0}}, {"type": "Feature", "geometry": {"type": "Polygon", "coordinates": [[[168.67102359499106, -45.0412561938918], [168.67104684115776, -45.04133702162341], [168.6708975897991, -45.04135859673856], [168.67090478649237, -45.0413836189603], [168.67082573061478, -45.04139504656493], [168.67081585934153, -45.04136072282589], [168.67083770711173, -45.04135756474195], [168.67081713704636, -45.041286039437956], [168.67102359499106, -45.0412561938918]]]}, "properties": {"building_id": 4740594, "facet_count": 3, "obstruction_count": 2, "panel_count": 37, "kwp": 16.28, "ac_kwh_day_avg": 49.4, "ac_kwh_year": 18025.0, "facet_area_m2": 143.6, "avg_poa_kwh_m2": 1291.0}}, {"type": "Feature", "geometry": {"type": "Polygon", "coordinates": [[[168.66515268084984, -45.029854603065694], [168.66522055808647, -45.02980221873921], [168.6652576794581, -45.02982640610714], [168.66515431661352, -45.029906175948746], [168.66516080138933, -45.02991040049764], [168.66511617125158, -45.02994484408585], [168.66505604601895, -45.02990566866187], [168.66504279649092, -45.02991589414968], [168.6649819055184, -45.02987621966609], [168.66504935419937, -45.02982416661722], [168.6650924088348, -45.02982473814588], [168.66512011403702, -45.029842790046345], [168.6650962789909, -45.0298611845907], [168.66510637986428, -45.02986776652959], [168.66514683480153, -45.029868303086225], [168.66515913653032, -45.029858809404615], [168.66515268084984, -45.029854603065694]]]}, "properties": {"building_id": 5371198, "facet_count": 7, "obstruction_count": 0, "panel_count": 6, "kwp": 2.64, "ac_kwh_day_avg": 8.0, "ac_kwh_year": 2910.0, "facet_area_m2": 71.0, "avg_poa_kwh_m2": 1302.0}}, {"type": "Feature", "geometry": {"type": "Polygon", "coordinates": [[[168.66645214780485, -45.03019146798994], [168.66646385414933, -45.03019990492267], [168.66651744026993, -45.030162515591186], [168.66655808150716, -45.030191805396754], [168.6665053103351, -45.03022862440231], [168.6665195098827, -45.03023885837281], [168.66657157888068, -45.03020252847543], [168.666611685633, -45.030231433365515], [168.6665581331163, -45.03026879791326], [168.66657729271083, -45.03028260515499], [168.66663195894932, -45.03024446286426], [168.66667768546785, -45.03027741708118], [168.666622393408, -45.0303159955997], [168.66661502451313, -45.030310685201535], [168.66650338413487, -45.030388578858535], [168.66628398828445, -45.0302304624422], [168.66635269815126, -45.03018252182796], [168.66634016948478, -45.03017349370211], [168.6663924704089, -45.03013700166804], [168.66642458097593, -45.03016014387236], [168.66646998938387, -45.03012846143517], [168.66650563335523, -45.03015414955636], [168.66645214780485, -45.03019146798994]]]}, "properties": {"building_id": 5371201, "facet_count": 6, "obstruction_count": 14, "panel_count": 47, "kwp": 20.68, "ac_kwh_day_avg": 57.9, "ac_kwh_year": 21139.0, "facet_area_m2": 253.0, "avg_poa_kwh_m2": 1229.0}}, {"type": "Feature", "geometry": {"type": "Polygon", "coordinates": [[[168.66668409802156, -45.03160627198659], [168.66674236413272, -45.0316473562865], [168.66671058679398, -45.03167001680499], [168.66665232068502, -45.0316289324889], [168.66668409802156, -45.03160627198659]]]}, "properties": {"building_id": 5371206, "facet_count": 1, "obstruction_count": 2, "panel_count": 2, "kwp": 0.88, "ac_kwh_day_avg": 2.5, "ac_kwh_year": 908.0, "facet_area_m2": 19.7, "avg_poa_kwh_m2": 1237.0}}, {"type": "Feature", "geometry": {"type": "Polygon", "coordinates": [[[168.66487972810665, -45.03020843109507], [168.66480508644122, -45.03026107928147], [168.66475708737494, -45.03029493500529], [168.66464082422107, -45.030212050595495], [168.66476346470876, -45.03012554705369], [168.66486770767818, -45.03019986173728], [168.66487972810665, -45.03020843109507]]]}, "properties": {"building_id": 4734601, "facet_count": 2, "obstruction_count": 6, "panel_count": 48, "kwp": 21.12, "ac_kwh_day_avg": 63.1, "ac_kwh_year": 23015.0, "facet_area_m2": 163.4, "avg_poa_kwh_m2": 1309.0}}, {"type": "Feature", "geometry": {"type": "Polygon", "coordinates": [[[168.66567869398776, -45.03005585564066], [168.66571057045448, -45.03003261223105], [168.66583547567666, -45.02994153463511], [168.66592335171094, -45.03000213462851], [168.66590244436267, -45.030017379762114], [168.66591363231962, -45.03002509505202], [168.66577775797865, -45.03012417105698], [168.66567869398776, -45.03005585564066]]]}, "properties": {"building_id": 4734611, "facet_count": 3, "obstruction_count": 1, "panel_count": 17, "kwp": 7.48, "ac_kwh_day_avg": 21.8, "ac_kwh_year": 7964.0, "facet_area_m2": 73.0, "avg_poa_kwh_m2": 1260.0}}, {"type": "Feature", "geometry": {"type": "Polygon", "coordinates": [[[168.6654172762525, -45.030987451446364], [168.66530416718638, -45.03090751891033], [168.66537001916964, -45.03086066320444], [168.66537562098316, -45.03086462193351], [168.66548047387158, -45.03079001592472], [168.66580491586788, -45.031019293852935], [168.66571806859557, -45.03108108852842], [168.66572333463057, -45.03108480992882], [168.66565043598484, -45.03113667973889], [168.66545932166858, -45.03100162292794], [168.66547984564215, -45.03098701947692], [168.6654487586225, -45.030965050786214], [168.6654172762525, -45.030987451446364]]]}, "properties": {"building_id": 4734688, "facet_count": 1, "obstruction_count": 14, "panel_count": 219, "kwp": 96.36, "ac_kwh_day_avg": 272.5, "ac_kwh_year": 99462.0, "facet_area_m2": 599.7, "avg_poa_kwh_m2": 1237.0}}, {"type": "Feature", "geometry": {"type": "Polygon", "coordinates": [[[168.6650570253485, -45.029063639274355], [168.6651698111632, -45.02915216283161], [168.665170914763, -45.029174398087605], [168.6651473202698, -45.02918951519732], [168.66511189847404, -45.02918927266947], [168.66509735098546, -45.02917785504288], [168.66508502138882, -45.02918575522211], [168.66504790343558, -45.029184827038996], [168.66503475207196, -45.02917450401879], [168.6650057905866, -45.02919305916154], [168.66495354681842, -45.02915205446507], [168.66498283511737, -45.02913329031768], [168.66498336125204, -45.029111982122046], [168.66496246884236, -45.029095583676664], [168.66496282601312, -45.029073286947835], [168.6649874930503, -45.029057483311966], [168.6650188678998, -45.02905931924186], [168.66503904735376, -45.02907515765066], [168.6650570253485, -45.029063639274355]]]}, "properties": {"building_id": 4734801, "facet_count": 4, "obstruction_count": 5, "panel_count": 30, "kwp": 13.2, "ac_kwh_day_avg": 37.6, "ac_kwh_year": 13722.0, "facet_area_m2": 125.6, "avg_poa_kwh_m2": 1240.0}}, {"type": "Feature", "geometry": {"type": "Polygon", "coordinates": [[[168.66539599823045, -45.02778282782794], [168.66540691203886, -45.02777657333551], [168.66537458627104, -45.02774820785354], [168.6655269257842, -45.02766090129415], [168.6656013568212, -45.027726211963], [168.66560597052745, -45.02772356710318], [168.66565797534398, -45.027769199297865], [168.66567310337308, -45.02776052957925], [168.66573557808496, -45.02781534840616], [168.66559079384436, -45.02789832545918], [168.66554628634808, -45.02785927065336], [168.66551304590334, -45.027878321256615], [168.66546385408878, -45.02783515716274], [168.66547297791428, -45.0278299283288], [168.6654558631852, -45.02781491138468], [168.66544176872267, -45.02782298934382], [168.66539599823045, -45.02778282782794]]]}, "properties": {"building_id": 4734804, "facet_count": 5, "obstruction_count": 0, "panel_count": 12, "kwp": 5.28, "ac_kwh_day_avg": 15.3, "ac_kwh_year": 5591.0, "facet_area_m2": 127.7, "avg_poa_kwh_m2": 1271.0}}, {"type": "Feature", "geometry": {"type": "Polygon", "coordinates": [[[168.66549527751505, -45.0300256505067], [168.66561352893473, -45.0301081386329], [168.66556945121337, -45.03013991183601], [168.66545120106426, -45.030057423712435], [168.66549527751505, -45.0300256505067]]]}, "properties": {"building_id": 4734946, "facet_count": 2, "obstruction_count": 1, "panel_count": 5, "kwp": 2.2, "ac_kwh_day_avg": 5.3, "ac_kwh_year": 1929.0, "facet_area_m2": 46.2, "avg_poa_kwh_m2": 1115.0}}, {"type": "Feature", "geometry": {"type": "Polygon", "coordinates": [[[168.66532238402144, -45.02968871608107], [168.66527578092615, -45.02965637431884], [168.6653681873473, -45.029589418719326], [168.66542539478047, -45.029629121259944], [168.66539083707457, -45.029654161109484], [168.66541138986975, -45.02966842391265], [168.6654225625965, -45.02966032847453], [168.66544746832295, -45.029677613101306], [168.66547273222966, -45.0296593070243], [168.66553326524007, -45.02970131622954], [168.6654512177058, -45.02976076580549], [168.66540940410584, -45.02973174788851], [168.6653954983001, -45.02974182333509], [168.66538647030035, -45.02973555767807], [168.66535277878177, -45.029759969714725], [168.6653233222469, -45.0297395269814], [168.66531192646886, -45.02974778496373], [168.66527562874626, -45.029722593716414], [168.66532238402144, -45.02968871608107]]]}, "properties": {"building_id": 4734961, "facet_count": 5, "obstruction_count": 0, "panel_count": 7, "kwp": 3.08, "ac_kwh_day_avg": 6.1, "ac_kwh_year": 2219.0, "facet_area_m2": 58.5, "avg_poa_kwh_m2": 1037.0}}, {"type": "Feature", "geometry": {"type": "Polygon", "coordinates": [[[168.66591418499323, -45.02942006894232], [168.66597625864316, -45.02945854293182], [168.6658719542343, -45.02954316566095], [168.66569538095953, -45.029433723850794], [168.66577044097792, -45.02937282735797], [168.66588494057228, -45.02944379504535], [168.66591418499323, -45.02942006894232]]]}, "properties": {"building_id": 4735000, "facet_count": 5, "obstruction_count": 5, "panel_count": 26, "kwp": 11.44, "ac_kwh_day_avg": 31.8, "ac_kwh_year": 11623.0, "facet_area_m2": 144.7, "avg_poa_kwh_m2": 1210.0}}, {"type": "Feature", "geometry": {"type": "Polygon", "coordinates": [[[168.66626361501687, -45.0303804084893], [168.66631471020918, -45.03034289214406], [168.66635697460893, -45.03037183594566], [168.66630120325922, -45.03041278699049], [168.66631897581132, -45.030424959007824], [168.6663747900432, -45.03038397807793], [168.66641963861056, -45.03041469175435], [168.66627048323738, -45.030524207615066], [168.6660779865446, -45.03039237821478], [168.6661899687319, -45.03031015635485], [168.66622774558437, -45.03033602647593], [168.6662667104797, -45.030307416341536], [168.66629801081015, -45.030328850722796], [168.66624507961302, -45.03036771505621], [168.66626361501687, -45.0303804084893]]]}, "properties": {"building_id": 4735017, "facet_count": 6, "obstruction_count": 15, "panel_count": 57, "kwp": 25.08, "ac_kwh_day_avg": 56.6, "ac_kwh_year": 20671.0, "facet_area_m2": 270.0, "avg_poa_kwh_m2": 1100.0}}, {"type": "Feature", "geometry": {"type": "Polygon", "coordinates": [[[168.6654493348582, -45.02987683313135], [168.66531595203494, -45.029970721587986], [168.66524643236306, -45.02992105917845], [168.6653798151724, -45.02982717080258], [168.6654493348582, -45.02987683313135]]]}, "properties": {"building_id": 4735044, "facet_count": 3, "obstruction_count": 3, "panel_count": 16, "kwp": 7.04, "ac_kwh_day_avg": 19.7, "ac_kwh_year": 7188.0, "facet_area_m2": 92.7, "avg_poa_kwh_m2": 1218.0}}, {"type": "Feature", "geometry": {"type": "Polygon", "coordinates": [[[168.66571521659844, -45.031284121072574], [168.66581177409236, -45.03121519941205], [168.66588414023704, -45.03126617685509], [168.6659248377387, -45.03123712771132], [168.66597217873272, -45.0312704766659], [168.665996769243, -45.03125292443524], [168.66602794376652, -45.03127488611825], [168.66593284919531, -45.031342762653274], [168.66589679443643, -45.03131736389995], [168.66581675325173, -45.03137449551396], [168.66574601899768, -45.03132466750846], [168.6657593080299, -45.03131518159752], [168.66571521659844, -45.031284121072574]]]}, "properties": {"building_id": 4735283, "facet_count": 12, "obstruction_count": 0, "panel_count": 3, "kwp": 1.32, "ac_kwh_day_avg": 4.1, "ac_kwh_year": 1492.0, "facet_area_m2": 66.5, "avg_poa_kwh_m2": 1128.0}}, {"type": "Feature", "geometry": {"type": "Polygon", "coordinates": [[[168.66767158992693, -45.03001528830818], [168.66757665847922, -45.02999431556457], [168.66759720392065, -45.02994755020683], [168.66744179397548, -45.02991321716674], [168.667476577132, -45.02983404513106], [168.66774100119778, -45.029892461494356], [168.66771963105657, -45.029941103937404], [168.66770554927064, -45.029937993295505], [168.66767158992693, -45.03001528830818]]]}, "properties": {"building_id": 4735338, "facet_count": 8, "obstruction_count": 4, "panel_count": 30, "kwp": 13.2, "ac_kwh_day_avg": 36.2, "ac_kwh_year": 13231.0, "facet_area_m2": 167.8, "avg_poa_kwh_m2": 1214.0}}, {"type": "Feature", "geometry": {"type": "Polygon", "coordinates": [[[168.66709059834025, -45.03091351269039], [168.66705789721473, -45.03088932381121], [168.6671589975267, -45.030820597990854], [168.66727216402617, -45.03090430619839], [168.66707618189866, -45.031037531185135], [168.66699571656991, -45.03097801169122], [168.66709059834025, -45.03091351269039]]]}, "properties": {"building_id": 4735384, "facet_count": 8, "obstruction_count": 6, "panel_count": 37, "kwp": 16.28, "ac_kwh_day_avg": 48.7, "ac_kwh_year": 17784.0, "facet_area_m2": 182.0, "avg_poa_kwh_m2": 1306.0}}, {"type": "Feature", "geometry": {"type": "Polygon", "coordinates": [[[168.66727765071596, -45.031002262648336], [168.667349018679, -45.03102209632063], [168.66732606848376, -45.031063622511404], [168.66749683371674, -45.03111107941176], [168.66745269393175, -45.03119094178647], [168.6673625532141, -45.03116589174734], [168.66735726728317, -45.03117545590637], [168.6672314803245, -45.0311404982782], [168.66723922811664, -45.0311264793242], [168.667156070516, -45.03110336913412], [168.66718813138417, -45.03104536164026], [168.6672116212614, -45.031051890287344], [168.66723130169692, -45.031016283235466], [168.66726476257128, -45.03102558171188], [168.66727765071596, -45.031002262648336]]]}, "properties": {"building_id": 4735393, "facet_count": 11, "obstruction_count": 3, "panel_count": 36, "kwp": 15.84, "ac_kwh_day_avg": 36.1, "ac_kwh_year": 13168.0, "facet_area_m2": 162.0, "avg_poa_kwh_m2": 1092.0}}, {"type": "Feature", "geometry": {"type": "Polygon", "coordinates": [[[168.66446167706445, -45.03025382645543], [168.66441794275858, -45.030286151487], [168.66434482434332, -45.03023640835878], [168.66438855864823, -45.03020408335521], [168.66446167706445, -45.03025382645543]]]}, "properties": {"building_id": 5370880, "facet_count": 2, "obstruction_count": 0, "panel_count": 2, "kwp": 0.88, "ac_kwh_day_avg": 2.0, "ac_kwh_year": 739.0, "facet_area_m2": 20.6, "avg_poa_kwh_m2": 1151.0}}, {"type": "Feature", "geometry": {"type": "Polygon", "coordinates": [[[168.664383898513, -45.03082127443553], [168.6642991753282, -45.03076057229687], [168.66433451012608, -45.0307354441808], [168.6638991955063, -45.03042764176976], [168.66397972080264, -45.03037037688617], [168.6645227283092, -45.030754324494644], [168.66440630594425, -45.03083711758038], [168.664383898513, -45.03082127443553]]]}, "properties": {"building_id": 5370927, "facet_count": 1, "obstruction_count": 7, "panel_count": 189, "kwp": 83.16, "ac_kwh_day_avg": 248.3, "ac_kwh_year": 90620.0, "facet_area_m2": 549.1, "avg_poa_kwh_m2": 1306.0}}, {"type": "Feature", "geometry": {"type": "Polygon", "coordinates": [[[168.6634746087391, -45.03590387612007], [168.66335056859745, -45.035925713991716], [168.66333738248724, -45.03588806007101], [168.66346142226791, -45.03586622188044], [168.6634746087391, -45.03590387612007]]]}, "properties": {"building_id": 5370959, "facet_count": 3, "obstruction_count": 0, "panel_count": 2, "kwp": 0.88, "ac_kwh_day_avg": 1.7, "ac_kwh_year": 625.0, "facet_area_m2": 25.1, "avg_poa_kwh_m2": 1157.0}}, {"type": "Feature", "geometry": {"type": "Polygon", "coordinates": [[[168.66699063196162, -45.035377851758504], [168.66702294552633, -45.03547497030866], [168.6669279038055, -45.03549086834781], [168.666895590818, -45.035393749486836], [168.66699063196162, -45.035377851758504]]]}, "properties": {"building_id": 5370969, "facet_count": 1, "obstruction_count": 1, "panel_count": 22, "kwp": 9.68, "ac_kwh_day_avg": 28.9, "ac_kwh_year": 10548.0, "facet_area_m2": 75.6, "avg_poa_kwh_m2": 1306.0}}, {"type": "Feature", "geometry": {"type": "Polygon", "coordinates": [[[168.66374620327807, -45.03272830478233], [168.66368189134369, -45.03273621853854], [168.66368510595353, -45.03274935397336], [168.66358923196665, -45.03276115126602], [168.66355564673094, -45.032623921509206], [168.66354784530793, -45.032624881384486], [168.66351925419502, -45.032508058072025], [168.66353096150516, -45.03250661665836], [168.66351128993918, -45.03242623748772], [168.66349205040814, -45.03242860490292], [168.6634438346208, -45.032231592314744], [168.66360900647172, -45.03221126727652], [168.66364255285123, -45.03234833891063], [168.663635170498, -45.03234924722003], [168.6636481607266, -45.032402327791665], [168.66366189132967, -45.03240063836639], [168.66370085973688, -45.03255986197589], [168.66369152313808, -45.03256101101252], [168.66370040585187, -45.03259730521179], [168.6637137405936, -45.03259566373431], [168.66374620327807, -45.03272830478233]]]}, "properties": {"building_id": 5371133, "facet_count": 14, "obstruction_count": 1, "panel_count": 141, "kwp": 62.04, "ac_kwh_day_avg": 183.3, "ac_kwh_year": 66906.0, "facet_area_m2": 494.6, "avg_poa_kwh_m2": 1294.0}}, {"type": "Feature", "geometry": {"type": "Polygon", "coordinates": [[[168.66419267289763, -45.03316231105967], [168.66414402541426, -45.033153038560684], [168.66415470577718, -45.03312486559019], [168.66414490665085, -45.03312299853814], [168.66415831176758, -45.03308763857317], [168.6641389689154, -45.03308395199173], [168.66415146693257, -45.03305098353502], [168.6641289816636, -45.03304669762015], [168.66414304199512, -45.033009607209536], [168.6641279417421, -45.03300672834169], [168.66414049692898, -45.032973608128145], [168.6641231039448, -45.03297029277538], [168.66413747016338, -45.03293239752838], [168.66428167629803, -45.032959884272394], [168.6642677002054, -45.032996751956794], [168.66428421094852, -45.03299989870149], [168.6642727012357, -45.03303025910673], [168.6642925684404, -45.03303404572685], [168.66427808331306, -45.033072255137505], [168.66429485432582, -45.033075452288955], [168.6642824754989, -45.03310810482737], [168.66430405976016, -45.03311221871168], [168.66428897985486, -45.033151997035944], [168.66420280930507, -45.03313557210084], [168.66419267289763, -45.03316231105967]]]}, "properties": {"building_id": 5371136, "facet_count": 1, "obstruction_count": 0, "panel_count": 35, "kwp": 15.4, "ac_kwh_day_avg": 46.0, "ac_kwh_year": 16782.0, "facet_area_m2": 185.6, "avg_poa_kwh_m2": 1306.0}}, {"type": "Feature", "geometry": {"type": "Polygon", "coordinates": [[[168.66495380142896, -45.03386253059695], [168.66489543458763, -45.03381890526752], [168.66503526961642, -45.033724842096966], [168.66510689298494, -45.0337783757218], [168.6650524860172, -45.03381497381751], [168.66503922996233, -45.03380506576363], [168.66495380142896, -45.03386253059695]]]}, "properties": {"building_id": 5371140, "facet_count": 3, "obstruction_count": 2, "panel_count": 16, "kwp": 7.04, "ac_kwh_day_avg": 19.6, "ac_kwh_year": 7160.0, "facet_area_m2": 84.7, "avg_poa_kwh_m2": 1227.0}}, {"type": "Feature", "geometry": {"type": "Polygon", "coordinates": [[[168.6636739281077, -45.03052407054368], [168.66372777164455, -45.03056363246464], [168.663694314096, -45.03058652978692], [168.66364047056314, -45.030546967850306], [168.6636739281077, -45.03052407054368]]]}, "properties": {"building_id": 5371148, "facet_count": 1, "obstruction_count": 0, "panel_count": 0, "kwp": 0, "ac_kwh_day_avg": 0, "ac_kwh_year": 0, "facet_area_m2": 4.5, "avg_poa_kwh_m2": 1367.0}}, {"type": "Feature", "geometry": {"type": "Polygon", "coordinates": [[[168.6641822462225, -45.035160865102476], [168.66410410432061, -45.035178197434924], [168.664107239509, -45.03518530396429], [168.66404661322713, -45.035198751157985], [168.6640438356981, -45.035192454899764], [168.6639702982727, -45.03520876593612], [168.6639676083506, -45.03520267105028], [168.66389490245083, -45.035218797622974], [168.66384899537354, -45.035114742946156], [168.66392318603076, -45.03509828760136], [168.6639410207688, -45.03513871120571], [168.6640338465775, -45.03511812254013], [168.6640286901552, -45.03510643637435], [168.66409400353396, -45.035091949522496], [168.66410699065335, -45.03512138912962], [168.6641596744806, -45.03510970302633], [168.6641822462225, -45.035160865102476]]]}, "properties": {"building_id": 5371173, "facet_count": 5, "obstruction_count": 2, "panel_count": 5, "kwp": 2.2, "ac_kwh_day_avg": 6.8, "ac_kwh_year": 2481.0, "facet_area_m2": 99.6, "avg_poa_kwh_m2": 1293.0}}, {"type": "Feature", "geometry": {"type": "Polygon", "coordinates": [[[168.66338608145213, -45.03523802216478], [168.66346240158322, -45.035222588834095], [168.66348029129614, -45.0352670636553], [168.66340397110878, -45.03528249699582], [168.66338608145213, -45.03523802216478]]]}, "properties": {"building_id": 5371174, "facet_count": 0, "obstruction_count": 0, "panel_count": 0, "kwp": 0, "ac_kwh_day_avg": 0, "ac_kwh_year": 0, "facet_area_m2": 0, "avg_poa_kwh_m2": 0}}, {"type": "Feature", "geometry": {"type": "Polygon", "coordinates": [[[168.66431130509454, -45.03607921098418], [168.66430565134277, -45.03608038583202], [168.66421786823827, -45.03609862709066], [168.6641730482091, -45.035990190368196], [168.66425694892763, -45.03597275566856], [168.66425224588122, -45.035965798351405], [168.66434538303085, -45.03593414714132], [168.66441396479095, -45.03603560552542], [168.664381499596, -45.03604663757793], [168.6643857058985, -45.03605286124512], [168.66435330975324, -45.03606386981043], [168.6643502475193, -45.036059338805295], [168.66431802075903, -45.036070289889786], [168.66431130509454, -45.03607921098418]]]}, "properties": {"building_id": 5371176, "facet_count": 1, "obstruction_count": 4, "panel_count": 15, "kwp": 6.6, "ac_kwh_day_avg": 19.7, "ac_kwh_year": 7192.0, "facet_area_m2": 116.7, "avg_poa_kwh_m2": 1306.0}}, {"type": "Feature", "geometry": {"type": "Polygon", "coordinates": [[[168.6652871445809, -45.03461499945027], [168.6653350777755, -45.034580828143774], [168.6654056594191, -45.034630604679386], [168.66541480584743, -45.03462408493982], [168.6654504576633, -45.03464922816639], [168.66549070216078, -45.034641362328], [168.66551440829943, -45.034702348739295], [168.66532673029286, -45.03473902782532], [168.6653107249333, -45.034697854831656], [168.6653207876875, -45.034695887997664], [168.66528857757388, -45.03466629814572], [168.6652699442598, -45.03461836110613], [168.6652871445809, -45.03461499945027]]]}, "properties": {"building_id": 5371179, "facet_count": 5, "obstruction_count": 5, "panel_count": 20, "kwp": 8.8, "ac_kwh_day_avg": 26.8, "ac_kwh_year": 9766.0, "facet_area_m2": 136.4, "avg_poa_kwh_m2": 1300.0}}, {"type": "Feature", "geometry": {"type": "Polygon", "coordinates": [[[168.66380800049458, -45.03563924703393], [168.66385439444352, -45.03563103396603], [168.66386678379484, -45.03566621828038], [168.66382039002508, -45.03567443143109], [168.66380800049458, -45.03563924703393]]]}, "properties": {"building_id": 5372788, "facet_count": 1, "obstruction_count": 0, "panel_count": 1, "kwp": 0.44, "ac_kwh_day_avg": 1.4, "ac_kwh_year": 501.0, "facet_area_m2": 8.3, "avg_poa_kwh_m2": 1364.0}}, {"type": "Feature", "geometry": {"type": "Polygon", "coordinates": [[[168.66577545998018, -45.03478994599151], [168.66572409106524, -45.03481461468635], [168.66569951458712, -45.03478888506251], [168.66575088326312, -45.03476421630599], [168.66577545998018, -45.03478994599151]]]}, "properties": {"building_id": 5372792, "facet_count": 0, "obstruction_count": 0, "panel_count": 0, "kwp": 0, "ac_kwh_day_avg": 0, "ac_kwh_year": 0, "facet_area_m2": 0, "avg_poa_kwh_m2": 0}}, {"type": "Feature", "geometry": {"type": "Polygon", "coordinates": [[[168.66417203497568, -45.03549923556742], [168.66416828009335, -45.035488968722824], [168.6641304439992, -45.03549592581921], [168.66413781648976, -45.0355160825126], [168.66406073788383, -45.03553025720406], [168.66405276715722, -45.03550846982761], [168.66403292653206, -45.03551212000691], [168.66402017585685, -45.035477286461095], [168.6640394559007, -45.03547373712184], [168.66403697849395, -45.03546697657785], [168.66411374092056, -45.03545282365606], [168.66411658961212, -45.035460586149654], [168.6641538040925, -45.03545371543714], [168.66413581545928, -45.03540474018332], [168.66430352014476, -45.03537376893955], [168.66433832804773, -45.03546852358551], [168.66417203497568, -45.03549923556742]]]}, "properties": {"building_id": 5372793, "facet_count": 8, "obstruction_count": 0, "panel_count": 25, "kwp": 11.0, "ac_kwh_day_avg": 29.7, "ac_kwh_year": 10857.0, "facet_area_m2": 139.3, "avg_poa_kwh_m2": 1226.0}}, {"type": "Feature", "geometry": {"type": "Polygon", "coordinates": [[[168.66773459303042, -45.031008556207], [168.66763875214818, -45.03107484374923], [168.66758556953704, -45.03103852901282], [168.66759399559464, -45.03103232468899], [168.66755614113865, -45.031006476379574], [168.66762501512494, -45.030955758748846], [168.66765261939992, -45.03097460916317], [168.66766813941555, -45.030963179693416], [168.66773459303042, -45.031008556207]]]}, "properties": {"building_id": 5373430, "facet_count": 1, "obstruction_count": 3, "panel_count": 27, "kwp": 11.88, "ac_kwh_day_avg": 35.5, "ac_kwh_year": 12946.0, "facet_area_m2": 86.9, "avg_poa_kwh_m2": 1306.0}}, {"type": "Feature", "geometry": {"type": "Polygon", "coordinates": [[[168.66736223094898, -45.03036373157278], [168.66735172931593, -45.03037897591554], [168.66737383624502, -45.0303866337395], [168.66730785353002, -45.030482414690454], [168.6672890734274, -45.03047590915919], [168.66723097733086, -45.03056023901186], [168.66702268847962, -45.03048808499668], [168.6671424219156, -45.03031428621332], [168.66716997834723, -45.03032383225642], [168.667184829341, -45.03030227565149], [168.66736223094898, -45.03036373157278]]]}, "properties": {"building_id": 5373437, "facet_count": 4, "obstruction_count": 7, "panel_count": 104, "kwp": 45.76, "ac_kwh_day_avg": 139.1, "ac_kwh_year": 50774.0, "facet_area_m2": 349.2, "avg_poa_kwh_m2": 1323.0}}, {"type": "Feature", "geometry": {"type": "Polygon", "coordinates": [[[168.6642991753282, -45.03076057229687], [168.664383898513, -45.03082127443553], [168.66428555986474, -45.030891207363126], [168.66420027447927, -45.03083090482236], [168.6642991753282, -45.03076057229687]]]}, "properties": {"building_id": 5373533, "facet_count": 1, "obstruction_count": 2, "panel_count": 25, "kwp": 11.0, "ac_kwh_day_avg": 32.8, "ac_kwh_year": 11987.0, "facet_area_m2": 91.0, "avg_poa_kwh_m2": 1306.0}}, {"type": "Feature", "geometry": {"type": "Polygon", "coordinates": [[[168.66400584981713, -45.036023967185706], [168.66409916234022, -45.036023392895], [168.66410059561122, -45.03614039915452], [168.66407688890652, -45.0361405452129], [168.66409275484463, -45.03617811681508], [168.6641894203238, -45.03615759486121], [168.66424965865306, -45.03630024372473], [168.66413030003886, -45.03632558362921], [168.66408657401627, -45.03622203510929], [168.6640153102742, -45.036222474098686], [168.6639804313853, -45.03613987821572], [168.664007266509, -45.03613971345044], [168.66400584981713, -45.036023967185706]]]}, "properties": {"building_id": 4725481, "facet_count": 4, "obstruction_count": 4, "panel_count": 98, "kwp": 43.12, "ac_kwh_day_avg": 114.1, "ac_kwh_year": 41658.0, "facet_area_m2": 297.0, "avg_poa_kwh_m2": 1149.0}}, {"type": "Feature", "geometry": {"type": "Polygon", "coordinates": [[[168.66631831841678, -45.032815601791256], [168.66649554434514, -45.03294199638542], [168.6665790833775, -45.0328831023753], [168.66649230548217, -45.03282121360322], [168.66648007959037, -45.03282983262519], [168.66632143802536, -45.03271669050595], [168.66633403939989, -45.03270780671743], [168.66624497707352, -45.03264428707904], [168.6662791349611, -45.032620206679915], [168.66625724943165, -45.032604597994464], [168.66634763926433, -45.03254087494132], [168.6663829122152, -45.03256603138129], [168.66640788989196, -45.03253466776599], [168.66645306433583, -45.03258876274263], [168.6664823386545, -45.032609641144234], [168.66649550587428, -45.032600358460925], [168.66691608015475, -45.032900307997345], [168.66690475273288, -45.03290829417818], [168.66693235184184, -45.03292797724394], [168.66678519071078, -45.0330317246358], [168.66672534539796, -45.03298904280464], [168.66666416478972, -45.03303217569002], [168.66667266301235, -45.0330382365651], [168.66661321495397, -45.03308014711501], [168.66660168117215, -45.03307192200308], [168.6665804946397, -45.03308685819027], [168.6665915538238, -45.03309474479432], [168.66652021629568, -45.03314503686459], [168.6665099931507, -45.03313774555616], [168.66648441609587, -45.03315577709889], [168.66649097252665, -45.03316045348956], [168.66641814094444, -45.03321179862989], [168.66640867669156, -45.03320504837181], [168.6663585550712, -45.03324038279724], [168.6664225272841, -45.033286006903786], [168.66627725369847, -45.03338842289935], [168.66624426537334, -45.033364896213534], [168.66623174426653, -45.03337372363085], [168.6661650642579, -45.033326168181155], [168.6661780158777, -45.033317036671605], [168.66612401527757, -45.03327852317197], [168.66611240882384, -45.03328670480815], [168.66602334583638, -45.03322318587386], [168.6660348503795, -45.03321507598795], [168.6660114071957, -45.033198356610264], [168.66599613707788, -45.03320912111111], [168.6659281275951, -45.0331606174837], [168.66594094775564, -45.033151579123434], [168.6659190115433, -45.033135934239155], [168.66590908132588, -45.03314293462622], [168.665809359695, -45.033071813239054], [168.66582268406273, -45.03306241958463], [168.66579608992566, -45.033043452304604], [168.66573059439514, -45.03301722572532], [168.6657630698211, -45.0329943309719], [168.66573568796687, -45.03297480171359], [168.6658325319751, -45.032906529172685], [168.66584880673037, -45.03291813570325], [168.66587910161735, -45.032896777447846], [168.66596601983605, -45.03295876744376], [168.66597725748744, -45.03295084545759], [168.66608477026367, -45.03302752273258], [168.6660720131799, -45.03303651669754], [168.6660890612819, -45.03304867560713], [168.66609998640504, -45.03304097487551], [168.66616887879835, -45.03309010879454], [168.6661601742586, -45.033096245711874], [168.66621546724582, -45.03313568061484], [168.66628440455668, -45.033087081658486], [168.66610983482101, -45.03296258000402], [168.66631831841678, -45.032815601791256]]]}, "properties": {"building_id": 4725490, "facet_count": 35, "obstruction_count": 13, "panel_count": 177, "kwp": 77.88, "ac_kwh_day_avg": 225.7, "ac_kwh_year": 82373.0, "facet_area_m2": 1056.3, "avg_poa_kwh_m2": 1282.0}}, {"type": "Feature", "geometry": {"type": "Polygon", "coordinates": [[[168.66734278540108, -45.03274204627419], [168.66735066532556, -45.032736134143754], [168.66738186287023, -45.03275704108562], [168.66739102788145, -45.03275016479664], [168.66747450796552, -45.032806108860434], [168.66745168702877, -45.032823230806], [168.66749437856075, -45.032851840519584], [168.66741379359885, -45.03291230103064], [168.6672564248026, -45.03280683992871], [168.66734278540108, -45.03274204627419]]]}, "properties": {"building_id": 4725491, "facet_count": 2, "obstruction_count": 7, "panel_count": 25, "kwp": 11.0, "ac_kwh_day_avg": 32.8, "ac_kwh_year": 11987.0, "facet_area_m2": 153.5, "avg_poa_kwh_m2": 1297.0}}, {"type": "Feature", "geometry": {"type": "Polygon", "coordinates": [[[168.66748208269757, -45.032964745123756], [168.6677712565098, -45.03276285529449], [168.6678689772815, -45.0328332309765], [168.66757980342112, -45.03303512105172], [168.66748208269757, -45.032964745123756]]]}, "properties": {"building_id": 4725494, "facet_count": 2, "obstruction_count": 8, "panel_count": 50, "kwp": 22.0, "ac_kwh_day_avg": 62.2, "ac_kwh_year": 22686.0, "facet_area_m2": 219.1, "avg_poa_kwh_m2": 1225.0}}, {"type": "Feature", "geometry": {"type": "Polygon", "coordinates": [[[168.66383688157165, -45.034447483678264], [168.66381267444436, -45.03447052857644], [168.66382503957917, -45.03447705993218], [168.66378497346744, -45.03451520174749], [168.66369546772313, -45.034467930579424], [168.66375974226125, -45.03440674396319], [168.66383688157165, -45.034447483678264]]]}, "properties": {"building_id": 4725509, "facet_count": 2, "obstruction_count": 2, "panel_count": 14, "kwp": 6.16, "ac_kwh_day_avg": 17.4, "ac_kwh_year": 6341.0, "facet_area_m2": 62.2, "avg_poa_kwh_m2": 1242.0}}, {"type": "Feature", "geometry": {"type": "Polygon", "coordinates": [[[168.66389220815213, -45.034455243308436], [168.6639463827517, -45.0344831116392], [168.66396480803658, -45.03446510388323], [168.66402296879133, -45.03449502320865], [168.66389400421596, -45.034621061771944], [168.66379985206308, -45.03457262732908], [168.66385782601955, -45.034515968383225], [168.66383964526582, -45.03450661515399], [168.66389220815213, -45.034455243308436]]]}, "properties": {"building_id": 4725510, "facet_count": 4, "obstruction_count": 6, "panel_count": 14, "kwp": 6.16, "ac_kwh_day_avg": 17.3, "ac_kwh_year": 6316.0, "facet_area_m2": 111.0, "avg_poa_kwh_m2": 1246.0}}, {"type": "Feature", "geometry": {"type": "Polygon", "coordinates": [[[168.6635795979048, -45.034631603361255], [168.66361060783228, -45.03464779822599], [168.66369791020875, -45.03456375507691], [168.6637886219659, -45.03461112973268], [168.66365843589367, -45.03473645542015], [168.66353671539125, -45.03467288582943], [168.6635795979048, -45.034631603361255]]]}, "properties": {"building_id": 4725512, "facet_count": 2, "obstruction_count": 8, "panel_count": 41, "kwp": 18.04, "ac_kwh_day_avg": 51.0, "ac_kwh_year": 18622.0, "facet_area_m2": 149.5, "avg_poa_kwh_m2": 1254.0}}, {"type": "Feature", "geometry": {"type": "Polygon", "coordinates": [[[168.6636292036098, -45.034797285416204], [168.66361747292447, -45.034808509212795], [168.66369036142734, -45.03484680893465], [168.66362664811402, -45.03490776840764], [168.66360407150663, -45.03489590561854], [168.66359098852567, -45.034908423751155], [168.6633894652545, -45.034802529283006], [168.66344071176303, -45.034753496670184], [168.66347947520455, -45.03477386546263], [168.6635299468953, -45.03472557479517], [168.66359041262518, -45.034757347302296], [168.66357722018367, -45.034769970192244], [168.6636292036098, -45.034797285416204]]]}, "properties": {"building_id": 4725513, "facet_count": 3, "obstruction_count": 2, "panel_count": 70, "kwp": 30.8, "ac_kwh_day_avg": 89.2, "ac_kwh_year": 32561.0, "facet_area_m2": 225.2, "avg_poa_kwh_m2": 1277.0}}, {"type": "Feature", "geometry": {"type": "Polygon", "coordinates": [[[168.66404002396303, -45.03481395926097], [168.66414747120126, -45.03481011119311], [168.66415290189886, -45.03488635049099], [168.66396028994274, -45.03489324860489], [168.6639530479037, -45.03479158745125], [168.6640382135924, -45.034788537452734], [168.66404002396303, -45.03481395926097]]]}, "properties": {"building_id": 4725515, "facet_count": 6, "obstruction_count": 1, "panel_count": 13, "kwp": 5.72, "ac_kwh_day_avg": 15.6, "ac_kwh_year": 5693.0, "facet_area_m2": 84.5, "avg_poa_kwh_m2": 1222.0}}, {"type": "Feature", "geometry": {"type": "Polygon", "coordinates": [[[168.66319023081857, -45.035186856847616], [168.66326797757083, -45.035171143054484], [168.66330021791813, -45.035251341494565], [168.6631385098412, -45.03528402424241], [168.66308445428282, -45.03514956049034], [168.66315534198375, -45.03513523315402], [168.66316580727968, -45.03516126692456], [168.66317888068644, -45.03515862445835], [168.66319023081857, -45.035186856847616]]]}, "properties": {"building_id": 4725522, "facet_count": 3, "obstruction_count": 2, "panel_count": 34, "kwp": 14.96, "ac_kwh_day_avg": 41.9, "ac_kwh_year": 15287.0, "facet_area_m2": 140.2, "avg_poa_kwh_m2": 1217.0}}, {"type": "Feature", "geometry": {"type": "Polygon", "coordinates": [[[168.66330811170207, -45.03536220851713], [168.66332323136353, -45.03539218484226], [168.6632515271699, -45.035410369138496], [168.66320019006565, -45.03530859393559], [168.66336046688505, -45.03526794848153], [168.66339668334697, -45.035339746361366], [168.66330811170207, -45.03536220851713]]]}, "properties": {"building_id": 4725523, "facet_count": 3, "obstruction_count": 4, "panel_count": 20, "kwp": 8.8, "ac_kwh_day_avg": 27.3, "ac_kwh_year": 9980.0, "facet_area_m2": 105.0, "avg_poa_kwh_m2": 1301.0}}, {"type": "Feature", "geometry": {"type": "Polygon", "coordinates": [[[168.66326455034005, -45.03545543300527], [168.6633281905355, -45.03544226112742], [168.66333724200382, -45.03546424695075], [168.6634530717047, -45.035440273341024], [168.66348188639716, -45.03551026377884], [168.66325613763885, -45.0355569883079], [168.663227903469, -45.03548840619163], [168.66327418197994, -45.035478828098896], [168.66326455034005, -45.03545543300527]]]}, "properties": {"building_id": 4725524, "facet_count": 5, "obstruction_count": 4, "panel_count": 29, "kwp": 12.76, "ac_kwh_day_avg": 35.8, "ac_kwh_year": 13081.0, "facet_area_m2": 145.5, "avg_poa_kwh_m2": 1255.0}}, {"type": "Feature", "geometry": {"type": "Polygon", "coordinates": [[[168.66369475312345, -45.03560886327423], [168.66367588715855, -45.03556042472205], [168.66369224172442, -45.035557221974024], [168.66365552929267, -45.035462962692506], [168.66364145052992, -45.03546571999981], [168.6636095136305, -45.035383718419496], [168.66375957251705, -45.03535433574172], [168.66377837788707, -45.03540261894338], [168.6637629654056, -45.03540563699538], [168.66381141720987, -45.035530038275276], [168.66382381552413, -45.0355276104045], [168.66384407415254, -45.0355796252522], [168.66369475312345, -45.03560886327423]]]}, "properties": {"building_id": 4725531, "facet_count": 6, "obstruction_count": 10, "panel_count": 62, "kwp": 27.28, "ac_kwh_day_avg": 78.3, "ac_kwh_year": 28593.0, "facet_area_m2": 255.3, "avg_poa_kwh_m2": 1270.0}}, {"type": "Feature", "geometry": {"type": "Polygon", "coordinates": [[[168.66435435568172, -45.03537074103157], [168.66434248653098, -45.035340785858814], [168.66442056903435, -45.035325230778305], [168.66443243822394, -45.03535518594441], [168.66435435568172, -45.03537074103157]]]}, "properties": {"building_id": 4725533, "facet_count": 2, "obstruction_count": 1, "panel_count": 1, "kwp": 0.44, "ac_kwh_day_avg": 1.5, "ac_kwh_year": 553.0, "facet_area_m2": 12.8, "avg_poa_kwh_m2": 1276.0}}, {"type": "Feature", "geometry": {"type": "Polygon", "coordinates": [[[168.66437042825387, -45.035426104604475], [168.66445453893013, -45.035409121537704], [168.66447600603013, -45.03546257213023], [168.66439189527932, -45.03547955521001], [168.66437042825387, -45.035426104604475]]]}, "properties": {"building_id": 4725534, "facet_count": 2, "obstruction_count": 3, "panel_count": 8, "kwp": 3.52, "ac_kwh_day_avg": 9.4, "ac_kwh_year": 3436.0, "facet_area_m2": 37.6, "avg_poa_kwh_m2": 1165.0}}, {"type": "Feature", "geometry": {"type": "Polygon", "coordinates": [[[168.66430730255365, -45.03557113841927], [168.66436963888677, -45.03555896413032], [168.6644047736007, -45.03564940830698], [168.66420835332337, -45.03568776926287], [168.6641816009539, -45.03561890299336], [168.6643156849161, -45.035592716124825], [168.66430730255365, -45.03557113841927]]]}, "properties": {"building_id": 4725538, "facet_count": 3, "obstruction_count": 2, "panel_count": 25, "kwp": 11.0, "ac_kwh_day_avg": 29.7, "ac_kwh_year": 10833.0, "facet_area_m2": 108.0, "avg_poa_kwh_m2": 1221.0}}, {"type": "Feature", "geometry": {"type": "Polygon", "coordinates": [[[168.66403691571293, -45.03592368852008], [168.66398168829824, -45.03578286489536], [168.66409407509641, -45.035760705876974], [168.66414930404034, -45.03590152950537], [168.66403691571293, -45.03592368852008]]]}, "properties": {"building_id": 4725539, "facet_count": 1, "obstruction_count": 1, "panel_count": 46, "kwp": 20.24, "ac_kwh_day_avg": 58.9, "ac_kwh_year": 21501.0, "facet_area_m2": 138.8, "avg_poa_kwh_m2": 1273.0}}, {"type": "Feature", "geometry": {"type": "Polygon", "coordinates": [[[168.6652545440321, -45.03486883673261], [168.6652131386987, -45.03487751033069], [168.6651983587184, -45.034842038071105], [168.66523976380367, -45.0348333644166], [168.6652545440321, -45.03486883673261]]]}, "properties": {"building_id": 4725544, "facet_count": 1, "obstruction_count": 1, "panel_count": 0, "kwp": 0, "ac_kwh_day_avg": 0, "ac_kwh_year": 0, "facet_area_m2": 7.1, "avg_poa_kwh_m2": 1306.0}}, {"type": "Feature", "geometry": {"type": "Polygon", "coordinates": [[[168.66554347957887, -45.03498170104079], [168.6655244868192, -45.03493020362853], [168.6656074779048, -45.03491481547947], [168.66561949436405, -45.03494739657456], [168.66566306364723, -45.03493931772799], [168.665673652658, -45.034968027734905], [168.66569822047816, -45.03496347255028], [168.66571760750136, -45.035016037246564], [168.66559304398962, -45.0350391346483], [168.66559599898287, -45.035047148877425], [168.66554446823565, -45.035056703734945], [168.66553291625078, -45.0350253843563], [168.6655189416481, -45.035027975721334], [168.6655045379896, -45.03498892149542], [168.66554347957887, -45.03498170104079]]]}, "properties": {"building_id": 4725548, "facet_count": 7, "obstruction_count": 0, "panel_count": 5, "kwp": 2.2, "ac_kwh_day_avg": 6.5, "ac_kwh_year": 2376.0, "facet_area_m2": 61.4, "avg_poa_kwh_m2": 1291.0}}, {"type": "Feature", "geometry": {"type": "Polygon", "coordinates": [[[168.6660533435161, -45.03548435366377], [168.66615297622045, -45.035464441559526], [168.66616973673112, -45.0355066018448], [168.6660701026911, -45.035526513912906], [168.6660533435161, -45.03548435366377]]]}, "properties": {"building_id": 4725551, "facet_count": 1, "obstruction_count": 0, "panel_count": 10, "kwp": 4.4, "ac_kwh_day_avg": 12.3, "ac_kwh_year": 4488.0, "facet_area_m2": 36.3, "avg_poa_kwh_m2": 1223.0}}, {"type": "Feature", "geometry": {"type": "Polygon", "coordinates": [[[168.6660185081614, -45.035788391758665], [168.66622737080863, -45.035740229533786], [168.6662616627088, -45.03581499534634], [168.66605279980814, -45.035863157624426], [168.6660185081614, -45.035788391758665]]]}, "properties": {"building_id": 4725553, "facet_count": 3, "obstruction_count": 0, "panel_count": 32, "kwp": 14.08, "ac_kwh_day_avg": 33.4, "ac_kwh_year": 12197.0, "facet_area_m2": 111.8, "avg_poa_kwh_m2": 1075.0}}, {"type": "Feature", "geometry": {"type": "Polygon", "coordinates": [[[168.6653974973862, -45.0352932471343], [168.66538467302834, -45.03525914548073], [168.66547378011413, -45.03524229764525], [168.66547568267075, -45.03524735704303], [168.6655007456881, -45.0352426181889], [168.66551141482668, -45.03527099008531], [168.66556085558568, -45.035261642930955], [168.66559159181153, -45.03534337415979], [168.66546371862802, -45.03536755092275], [168.66545496035081, -45.03534426304107], [168.66543382566127, -45.035348259177475], [168.6654220646043, -45.035316984949176], [168.66541447445314, -45.03531842018496], [168.66540450921886, -45.035291921335784], [168.6653974973862, -45.0352932471343]]]}, "properties": {"building_id": 4725565, "facet_count": 3, "obstruction_count": 8, "panel_count": 29, "kwp": 12.76, "ac_kwh_day_avg": 38.9, "ac_kwh_year": 14187.0, "facet_area_m2": 123.1, "avg_poa_kwh_m2": 1290.0}}, {"type": "Feature", "geometry": {"type": "Polygon", "coordinates": [[[168.6648378206908, -45.03499556430793], [168.66463504315948, -45.03503631026713], [168.66459894529854, -45.03494599318736], [168.66480172252602, -45.034905247280825], [168.6648378206908, -45.03499556430793]]]}, "properties": {"building_id": 4725569, "facet_count": 2, "obstruction_count": 1, "panel_count": 47, "kwp": 20.68, "ac_kwh_day_avg": 61.9, "ac_kwh_year": 22583.0, "facet_area_m2": 158.7, "avg_poa_kwh_m2": 1282.0}}, {"type": "Feature", "geometry": {"type": "Polygon", "coordinates": [[[168.66659055948173, -45.03575172662765], [168.66657609610834, -45.0357159356244], [168.6666715625723, -45.03569653968873], [168.66666762808984, -45.035686807780586], [168.6667181495599, -45.03567653469651], [168.66673417326365, -45.03571614659649], [168.66672543746333, -45.03571792473896], [168.66673133186103, -45.035732470791785], [168.66668107753128, -45.035742712264536], [168.6666775389351, -45.03573398651203], [168.66659055948173, -45.03575172662765]]]}, "properties": {"building_id": 4725595, "facet_count": 4, "obstruction_count": 0, "panel_count": 7, "kwp": 3.08, "ac_kwh_day_avg": 9.7, "ac_kwh_year": 3530.0, "facet_area_m2": 49.0, "avg_poa_kwh_m2": 1362.0}}, {"type": "Feature", "geometry": {"type": "Polygon", "coordinates": [[[168.6646594189457, -45.033353700620616], [168.66462179581487, -45.03332645403909], [168.66465022311746, -45.033306717438], [168.66462937689704, -45.033291620567674], [168.66466448631934, -45.033267243775214], [168.66465162109228, -45.03325792720664], [168.66468607920956, -45.03323400363698], [168.66467308272647, -45.03322459295994], [168.6647112162186, -45.033198116700795], [168.66469734113574, -45.03318806948371], [168.66473192244177, -45.03316406056624], [168.664717627365, -45.03315370841717], [168.6647583896146, -45.033125407515], [168.66486240792875, -45.03320073418664], [168.6648256117257, -45.03322628194953], [168.66484009580697, -45.03323677090044], [168.66480351799513, -45.03326216672811], [168.66481717279626, -45.03327205522275], [168.6647812488252, -45.033296997008975], [168.66479326556234, -45.03330569887013], [168.66475822452958, -45.03333002789271], [168.66476891244272, -45.03333776822593], [168.6647282277381, -45.033366015368735], [168.66468586595155, -45.033335337999105], [168.6646594189457, -45.033353700620616]]]}, "properties": {"building_id": 4725611, "facet_count": 1, "obstruction_count": 3, "panel_count": 59, "kwp": 25.96, "ac_kwh_day_avg": 77.5, "ac_kwh_year": 28289.0, "facet_area_m2": 212.3, "avg_poa_kwh_m2": 1306.0}}, {"type": "Feature", "geometry": {"type": "Polygon", "coordinates": [[[168.6643445529522, -45.03330082017223], [168.6643775720033, -45.03334198689873], [168.66438981700438, -45.03333704790613], [168.66446226385722, -45.03342736941312], [168.66438310046743, -45.03345929477272], [168.6644309584402, -45.03349409442939], [168.66437049670932, -45.03353590043511], [168.66430486793226, -45.033488177734384], [168.6643293330055, -45.03347831141811], [168.66415876330447, -45.03326565479008], [168.66426526839706, -45.033222703434376], [168.66431567865095, -45.03328555111561], [168.6643445529522, -45.03330082017223]]]}, "properties": {"building_id": 4725612, "facet_count": 6, "obstruction_count": 4, "panel_count": 71, "kwp": 31.24, "ac_kwh_day_avg": 93.0, "ac_kwh_year": 33950.0, "facet_area_m2": 303.0, "avg_poa_kwh_m2": 1297.0}}, {"type": "Feature", "geometry": {"type": "Polygon", "coordinates": [[[168.6641301334497, -45.03271149721835], [168.66418625832395, -45.0327227960122], [168.66417661971153, -45.03274686593827], [168.66425295094396, -45.03276223339342], [168.6642383317019, -45.03279874264091], [168.66425108402632, -45.0328013098394], [168.66423890966226, -45.03283171337484], [168.66426030271765, -45.03283602073702], [168.66424534070268, -45.032873385630474], [168.66426492305789, -45.032877328855996], [168.66425001405491, -45.03291456343844], [168.66410499415193, -45.03288536684571], [168.66411735161114, -45.03285450759172], [168.66410037890168, -45.032851091197195], [168.66411590937008, -45.03281230494125], [168.66409683974211, -45.0328084649109], [168.66410966063887, -45.032776446737735], [168.66408766113994, -45.032772017258175], [168.66410332137687, -45.032732908270795], [168.66412019900014, -45.03273630574481], [168.6641301334497, -45.03271149721835]]]}, "properties": {"building_id": 4725613, "facet_count": 4, "obstruction_count": 0, "panel_count": 26, "kwp": 11.44, "ac_kwh_day_avg": 34.2, "ac_kwh_year": 12466.0, "facet_area_m2": 124.0, "avg_poa_kwh_m2": 1305.0}}, {"type": "Feature", "geometry": {"type": "Polygon", "coordinates": [[[168.66467580466912, -45.03637084450361], [168.66470820788277, -45.03643261839299], [168.66465822777, -45.03644579834117], [168.6646258248742, -45.036384024247795], [168.66467580466912, -45.03637084450361]]]}, "properties": {"building_id": 4725618, "facet_count": 1, "obstruction_count": 2, "panel_count": 5, "kwp": 2.2, "ac_kwh_day_avg": 6.6, "ac_kwh_year": 2397.0, "facet_area_m2": 26.1, "avg_poa_kwh_m2": 1306.0}}, {"type": "Feature", "geometry": {"type": "Polygon", "coordinates": [[[168.66460967667675, -45.036390654191194], [168.66464207982725, -45.036452428096965], [168.6645920996838, -45.03646560801486], [168.6645596968512, -45.0364038339051], [168.66460967667675, -45.036390654191194]]]}, "properties": {"building_id": 4725619, "facet_count": 2, "obstruction_count": 1, "panel_count": 3, "kwp": 1.32, "ac_kwh_day_avg": 3.8, "ac_kwh_year": 1387.0, "facet_area_m2": 25.4, "avg_poa_kwh_m2": 1282.0}}, {"type": "Feature", "geometry": {"type": "Polygon", "coordinates": [[[168.66437271657455, -45.03655326421161], [168.66432019888137, -45.036486654637095], [168.66436729393635, -45.03646798733655], [168.66441981167048, -45.036534596890924], [168.66437271657455, -45.03655326421161]]]}, "properties": {"building_id": 4725622, "facet_count": 2, "obstruction_count": 1, "panel_count": 1, "kwp": 0.44, "ac_kwh_day_avg": 1.4, "ac_kwh_year": 505.0, "facet_area_m2": 16.6, "avg_poa_kwh_m2": 1333.0}}, {"type": "Feature", "geometry": {"type": "Polygon", "coordinates": [[[168.6638532162798, -45.0366601026605], [168.66389534211248, -45.03664466896843], [168.6639372011114, -45.03670210693875], [168.6638950752465, -45.03671754064549], [168.6638532162798, -45.0366601026605]]]}, "properties": {"building_id": 4725625, "facet_count": 2, "obstruction_count": 0, "panel_count": 2, "kwp": 0.88, "ac_kwh_day_avg": 2.8, "ac_kwh_year": 1029.0, "facet_area_m2": 18.9, "avg_poa_kwh_m2": 1328.0}}, {"type": "Feature", "geometry": {"type": "Polygon", "coordinates": [[[168.66362578935315, -45.03279431780476], [168.6637674181802, -45.032744613993344], [168.66381755207686, -45.03309773021266], [168.66349291087707, -45.03286784929007], [168.66362642519272, -45.032807709813405], [168.66362578935315, -45.03279431780476]]]}, "properties": {"building_id": 4726047, "facet_count": 5, "obstruction_count": 8, "panel_count": 112, "kwp": 49.28, "ac_kwh_day_avg": 148.2, "ac_kwh_year": 54089.0, "facet_area_m2": 374.6, "avg_poa_kwh_m2": 1318.0}}, {"type": "Feature", "geometry": {"type": "Polygon", "coordinates": [[[168.66336956751823, -45.0324884104514], [168.6633499859982, -45.03248977732335], [168.66335257581017, -45.03250843416732], [168.66337071262583, -45.03250716806454], [168.66337360119329, -45.032527967023576], [168.66339365243655, -45.032526566707084], [168.6633988524209, -45.03256401439555], [168.66338254318416, -45.03256515289063], [168.66338512853739, -45.03258376815538], [168.663402405186, -45.032582562042485], [168.66341022891444, -45.032638906414135], [168.6634260481389, -45.032637801484], [168.66343055431813, -45.03267025822824], [168.66344230101552, -45.03266943765281], [168.66344567754652, -45.03269375421193], [168.66346576203168, -45.032692351546594], [168.66347072222467, -45.03272806984587], [168.6633582852829, -45.032735918725535], [168.66335485279674, -45.032711201250955], [168.6633229425014, -45.032713429552814], [168.6633157903149, -45.03266191863859], [168.66329896289523, -45.03266309321908], [168.6632908182619, -45.0326044312446], [168.66327693259376, -45.03260540087487], [168.66326461195072, -45.03251666490908], [168.66322396586148, -45.032519502423234], [168.66321934933777, -45.03248625740686], [168.66325058689486, -45.032484076454686], [168.66324645315188, -45.03245429933477], [168.66332347241035, -45.03244892170949], [168.66332444148645, -45.032455895441466], [168.66336466253108, -45.032453087630344], [168.66336956751823, -45.0324884104514]]]}, "properties": {"building_id": 4726055, "facet_count": 1, "obstruction_count": 0, "panel_count": 68, "kwp": 29.92, "ac_kwh_day_avg": 86.2, "ac_kwh_year": 31449.0, "facet_area_m2": 255.3, "avg_poa_kwh_m2": 1260.0}}, {"type": "Feature", "geometry": {"type": "Polygon", "coordinates": [[[168.66459874693106, -45.03040698820384], [168.6646952170978, -45.030338574576255], [168.66481416362862, -45.030423371869354], [168.664717363684, -45.03049164867393], [168.66470960522145, -45.030497120468816], [168.66459091852994, -45.03041250936921], [168.66459874693106, -45.03040698820384]]]}, "properties": {"building_id": 4734602, "facet_count": 2, "obstruction_count": 4, "panel_count": 37, "kwp": 16.28, "ac_kwh_day_avg": 47.5, "ac_kwh_year": 17320.0, "facet_area_m2": 144.2, "avg_poa_kwh_m2": 1269.0}}, {"type": "Feature", "geometry": {"type": "Polygon", "coordinates": [[[168.664717363684, -45.03049164867393], [168.66481416362862, -45.030423371869354], [168.66482348153457, -45.03041679921782], [168.66496619173085, -45.03051853728851], [168.66487205185788, -45.030584937807774], [168.66485441389784, -45.03057236376401], [168.66484243577804, -45.03058081247187], [168.664717363684, -45.03049164867393]]]}, "properties": {"building_id": 4734603, "facet_count": 2, "obstruction_count": 2, "panel_count": 35, "kwp": 15.4, "ac_kwh_day_avg": 45.5, "ac_kwh_year": 16624.0, "facet_area_m2": 153.3, "avg_poa_kwh_m2": 1281.0}}, {"type": "Feature", "geometry": {"type": "Polygon", "coordinates": [[[168.66498911543158, -45.03194328794706], [168.66494194329644, -45.03197630760533], [168.66488344715063, -45.03193428880116], [168.6649306189109, -45.03190126920706], [168.66498911543158, -45.03194328794706]]]}, "properties": {"building_id": 4734642, "facet_count": 1, "obstruction_count": 1, "panel_count": 4, "kwp": 1.76, "ac_kwh_day_avg": 5.3, "ac_kwh_year": 1918.0, "facet_area_m2": 25.1, "avg_poa_kwh_m2": 1306.0}}, {"type": "Feature", "geometry": {"type": "Polygon", "coordinates": [[[168.66539839089415, -45.03243459334984], [168.66539811183023, -45.032409075856975], [168.66537144996227, -45.03240922233375], [168.6653710924106, -45.03237653454407], [168.66540443338556, -45.03237635129076], [168.6654043714183, -45.032370741651405], [168.6654203535642, -45.03237065355209], [168.66542012161028, -45.032349548781156], [168.66552380993477, -45.03234897719405], [168.66552348338337, -45.032319118080025], [168.66549992678043, -45.03231924763822], [168.66549962023797, -45.03229123917518], [168.66553018495523, -45.03229107004056], [168.66553005780779, -45.03227955717783], [168.6655480339224, -45.032279457563995], [168.66554779017636, -45.03225731622618], [168.66568536540638, -45.03225655764038], [168.66568523582984, -45.03224475752487], [168.66574653778653, -45.03224442030624], [168.6657808363835, -45.03222030849881], [168.66580603534786, -45.03223833064655], [168.665203973176, -45.03266157804755], [168.66517858646708, -45.03264341989994], [168.66520882699675, -45.03262216057703], [168.66520872346294, -45.03261266953851], [168.6651427422473, -45.032613032862415], [168.6651424403668, -45.03258553588415], [168.6651180098206, -45.0325856708361], [168.66511768835414, -45.03255628451446], [168.66515121112738, -45.03255609924725], [168.6651511075063, -45.032546676619766], [168.66516912561045, -45.03254657686233], [168.66516888538686, -45.03252469311239], [168.66527115415468, -45.032524128984825], [168.6652708520582, -45.03249655008125], [168.66524265848906, -45.032496704894456], [168.6652423359895, -45.0324672474187], [168.66527578881866, -45.03246706305564], [168.6652757051104, -45.03245934074398], [168.66529704436505, -45.03245922233186], [168.6652967801711, -45.03243515380982], [168.66539839089415, -45.03243459334984]]]}, "properties": {"building_id": 4734686, "facet_count": 1, "obstruction_count": 17, "panel_count": 70, "kwp": 30.8, "ac_kwh_day_avg": 86.1, "ac_kwh_year": 31410.0, "facet_area_m2": 360.2, "avg_poa_kwh_m2": 1222.0}}, {"type": "Feature", "geometry": {"type": "Polygon", "coordinates": [[[168.66768001384423, -45.03177663829086], [168.66763240852336, -45.031730715775495], [168.66771393137356, -45.031688222935436], [168.6677615367332, -45.03173414573143], [168.66768001384423, -45.03177663829086]]]}, "properties": {"building_id": 4734689, "facet_count": 2, "obstruction_count": 0, "panel_count": 0, "kwp": 0, "ac_kwh_day_avg": 0, "ac_kwh_year": 0, "facet_area_m2": 10.0, "avg_poa_kwh_m2": 1368.0}}, {"type": "Feature", "geometry": {"type": "Polygon", "coordinates": [[[168.66474389654783, -45.0300363648528], [168.66477328565142, -45.03005756403164], [168.66466195016105, -45.03013517671425], [168.6646286006134, -45.03011112090563], [168.66468703903627, -45.030070383741744], [168.66469099822058, -45.03007324029287], [168.66474389654783, -45.0300363648528]]]}, "properties": {"building_id": 4734693, "facet_count": 1, "obstruction_count": 0, "panel_count": 3, "kwp": 1.32, "ac_kwh_day_avg": 4.1, "ac_kwh_year": 1486.0, "facet_area_m2": 27.5, "avg_poa_kwh_m2": 1350.0}}, {"type": "Feature", "geometry": {"type": "Polygon", "coordinates": [[[168.66658570182287, -45.03176804029222], [168.66647239770435, -45.031690559989656], [168.66653832651727, -45.031642082348874], [168.66667743810729, -45.03173721069006], [168.66663380860115, -45.03176929210303], [168.66660800113328, -45.031751643989146], [168.66658570182287, -45.03176804029222]]]}, "properties": {"building_id": 4734950, "facet_count": 1, "obstruction_count": 1, "panel_count": 27, "kwp": 11.88, "ac_kwh_day_avg": 37.1, "ac_kwh_year": 13552.0, "facet_area_m2": 94.2, "avg_poa_kwh_m2": 1367.0}}, {"type": "Feature", "geometry": {"type": "Polygon", "coordinates": [[[168.6674854399622, -45.032162877351716], [168.66741553847078, -45.032113757184014], [168.66751640075466, -45.03204158777972], [168.66758630225382, -45.032090707885914], [168.6674854399622, -45.032162877351716]]]}, "properties": {"building_id": 4735003, "facet_count": 5, "obstruction_count": 3, "panel_count": 5, "kwp": 2.2, "ac_kwh_day_avg": 5.5, "ac_kwh_year": 1992.0, "facet_area_m2": 55.9, "avg_poa_kwh_m2": 1232.0}}, {"type": "Feature", "geometry": {"type": "Polygon", "coordinates": [[[168.6663197611523, -45.03087472941271], [168.66637986689744, -45.03083275042073], [168.66645210193775, -45.03088475629068], [168.66646172912684, -45.03087803253964], [168.66650599457958, -45.0309099022043], [168.66642803336876, -45.03096435055989], [168.66638186184824, -45.03093110842117], [168.66639008778904, -45.0309253634684], [168.6663197611523, -45.03087472941271]]]}, "properties": {"building_id": 4735059, "facet_count": 3, "obstruction_count": 2, "panel_count": 8, "kwp": 3.52, "ac_kwh_day_avg": 9.3, "ac_kwh_year": 3390.0, "facet_area_m2": 64.9, "avg_poa_kwh_m2": 1234.0}}, {"type": "Feature", "geometry": {"type": "Polygon", "coordinates": [[[168.66735064519108, -45.03161881832563], [168.66732668553627, -45.03159984891586], [168.6673666390149, -45.031574472557104], [168.66739059993944, -45.03159344200674], [168.66735064519108, -45.03161881832563]]]}, "properties": {"building_id": 4735081, "facet_count": 1, "obstruction_count": 1, "panel_count": 1, "kwp": 0.44, "ac_kwh_day_avg": 1.4, "ac_kwh_year": 521.0, "facet_area_m2": 9.4, "avg_poa_kwh_m2": 1420.0}}, {"type": "Feature", "geometry": {"type": "Polygon", "coordinates": [[[168.6670314594, -45.03220195255594], [168.6670989451281, -45.03224950662124], [168.6669977031442, -45.03232174943895], [168.6668689918987, -45.03227520041727], [168.66690589863205, -45.03222388915622], [168.66696882386162, -45.03224664614335], [168.6670314594, -45.03220195255594]]]}, "properties": {"building_id": 4735144, "facet_count": 2, "obstruction_count": 1, "panel_count": 29, "kwp": 12.76, "ac_kwh_day_avg": 40.0, "ac_kwh_year": 14597.0, "facet_area_m2": 100.5, "avg_poa_kwh_m2": 1371.0}}, {"type": "Feature", "geometry": {"type": "Polygon", "coordinates": [[[168.66424743970424, -45.03128561554419], [168.66421984411542, -45.03130690026733], [168.66412577294992, -45.03124557440426], [168.6641915019562, -45.031194877210936], [168.66432317335793, -45.03128071521523], [168.66428503998515, -45.031310127648545], [168.66424743970424, -45.03128561554419]]]}, "properties": {"building_id": 4735165, "facet_count": 5, "obstruction_count": 2, "panel_count": 14, "kwp": 6.16, "ac_kwh_day_avg": 16.3, "ac_kwh_year": 5948.0, "facet_area_m2": 82.1, "avg_poa_kwh_m2": 1258.0}}, {"type": "Feature", "geometry": {"type": "Polygon", "coordinates": [[[168.66708798718764, -45.03232735080006], [168.6671550662952, -45.03227944584005], [168.66719557209976, -45.03230796420285], [168.66712849298904, -45.032355869186574], [168.66708798718764, -45.03232735080006]]]}, "properties": {"building_id": 4735180, "facet_count": 2, "obstruction_count": 0, "panel_count": 1, "kwp": 0.44, "ac_kwh_day_avg": 1.4, "ac_kwh_year": 514.0, "facet_area_m2": 22.5, "avg_poa_kwh_m2": 1264.0}}, {"type": "Feature", "geometry": {"type": "Polygon", "coordinates": [[[168.6646650732682, -45.03054764735222], [168.66468022052317, -45.03053633554083], [168.6648110941295, -45.03062446264868], [168.6647478050097, -45.030671722706586], [168.66460773649766, -45.03057740447666], [168.6646558771642, -45.030541455360876], [168.6646650732682, -45.03054764735222]]]}, "properties": {"building_id": 4735278, "facet_count": 3, "obstruction_count": 3, "panel_count": 16, "kwp": 7.04, "ac_kwh_day_avg": 18.2, "ac_kwh_year": 6644.0, "facet_area_m2": 97.7, "avg_poa_kwh_m2": 1231.0}}, {"type": "Feature", "geometry": {"type": "Polygon", "coordinates": [[[168.6649835078413, -45.03066439422467], [168.66508638963793, -45.03059182720805], [168.6651135382186, -45.030572678849744], [168.66519038406216, -45.030627461628676], [168.6650603547017, -45.030719177781215], [168.6649835078413, -45.03066439422467]]]}, "properties": {"building_id": 4735286, "facet_count": 1, "obstruction_count": 3, "panel_count": 28, "kwp": 12.32, "ac_kwh_day_avg": 36.8, "ac_kwh_year": 13425.0, "facet_area_m2": 100.6, "avg_poa_kwh_m2": 1306.0}}, {"type": "Feature", "geometry": {"type": "Polygon", "coordinates": [[[168.66407516349744, -45.03100986654477], [168.66411105483908, -45.03103813396784], [168.6641774498242, -45.030995743608315], [168.66424949025586, -45.03105248082303], [168.66409442702064, -45.03115147292548], [168.6639864953037, -45.03106646816398], [168.66407516349744, -45.03100986654477]]]}, "properties": {"building_id": 4735342, "facet_count": 2, "obstruction_count": 3, "panel_count": 20, "kwp": 8.8, "ac_kwh_day_avg": 25.4, "ac_kwh_year": 9276.0, "facet_area_m2": 114.0, "avg_poa_kwh_m2": 1261.0}}, {"type": "Feature", "geometry": {"type": "Polygon", "coordinates": [[[168.66483942631203, -45.03202399341145], [168.66480416405224, -45.031999497636846], [168.66465865212356, -45.03210482002243], [168.6647396880892, -45.03216111318467], [168.66476765139288, -45.03214087280292], [168.66479760069086, -45.032161678289846], [168.6646738602959, -45.03225124180858], [168.66448414775485, -45.032119453500904], [168.6645388858795, -45.03207983324412], [168.66452192301642, -45.03206804912124], [168.6647403950741, -45.03190991776705], [168.66487134870306, -45.03200088793845], [168.66483942631203, -45.03202399341145]]]}, "properties": {"building_id": 4735344, "facet_count": 4, "obstruction_count": 7, "panel_count": 86, "kwp": 37.84, "ac_kwh_day_avg": 113.0, "ac_kwh_year": 41235.0, "facet_area_m2": 290.0, "avg_poa_kwh_m2": 1298.0}}, {"type": "Feature", "geometry": {"type": "Polygon", "coordinates": [[[168.66421221594254, -45.03021110920311], [168.66455293615874, -45.03045497109452], [168.6644446213397, -45.03053106730643], [168.66410390244664, -45.03028720514174], [168.66421221594254, -45.03021110920311]]]}, "properties": {"building_id": 4735350, "facet_count": 2, "obstruction_count": 18, "panel_count": 113, "kwp": 49.72, "ac_kwh_day_avg": 143.2, "ac_kwh_year": 52281.0, "facet_area_m2": 427.9, "avg_poa_kwh_m2": 1260.0}}, {"type": "Feature", "geometry": {"type": "Polygon", "coordinates": [[[168.66619785729785, -45.031526915437524], [168.66648970480003, -45.03132070066847], [168.66659696736065, -45.03139703128485], [168.66630512108023, -45.03160324637482], [168.66619785729785, -45.031526915437524]]]}, "properties": {"building_id": 4735383, "facet_count": 12, "obstruction_count": 9, "panel_count": 30, "kwp": 13.2, "ac_kwh_day_avg": 39.4, "ac_kwh_year": 14384.0, "facet_area_m2": 167.2, "avg_poa_kwh_m2": 1322.0}}, {"type": "Feature", "geometry": {"type": "Polygon", "coordinates": [[[168.66624395404037, -45.03211087666279], [168.66631179807797, -45.032062750129185], [168.66646765521855, -45.0321732217703], [168.6663998111671, -45.03222134839611], [168.66624395404037, -45.03211087666279]]]}, "properties": {"building_id": 4735391, "facet_count": 1, "obstruction_count": 1, "panel_count": 44, "kwp": 19.36, "ac_kwh_day_avg": 54.7, "ac_kwh_year": 19983.0, "facet_area_m2": 123.3, "avg_poa_kwh_m2": 1237.0}}, {"type": "Feature", "geometry": {"type": "Polygon", "coordinates": [[[168.66757334475045, -45.03151193248413], [168.66767889021037, -45.031585844617815], [168.66760722103922, -45.03163730492059], [168.66765590963416, -45.031671401137686], [168.6675998437491, -45.03171165837784], [168.66739544312267, -45.03156851889423], [168.6674528727918, -45.03152728287271], [168.66750303818463, -45.031562412893116], [168.66757334475045, -45.03151193248413]]]}, "properties": {"building_id": 4735396, "facet_count": 1, "obstruction_count": 2, "panel_count": 66, "kwp": 29.04, "ac_kwh_day_avg": 77.2, "ac_kwh_year": 28175.0, "facet_area_m2": 210.0, "avg_poa_kwh_m2": 1163.0}}, {"type": "Feature", "geometry": {"type": "Polygon", "coordinates": [[[168.66392710716676, -45.031204253897556], [168.66397742023176, -45.031239500838055], [168.66394720437873, -45.031261187804446], [168.6638968922702, -45.03122594021093], [168.66392710716676, -45.031204253897556]]]}, "properties": {"building_id": 4735625, "facet_count": 1, "obstruction_count": 1, "panel_count": 0, "kwp": 0, "ac_kwh_day_avg": 0, "ac_kwh_year": 0, "facet_area_m2": 12.5, "avg_poa_kwh_m2": 1357.0}}, {"type": "Feature", "geometry": {"type": "Polygon", "coordinates": [[[168.6723522767667, -45.03545623776554], [168.6723506485888, -45.0353952178063], [168.67240695795252, -45.035394462397576], [168.67240858619056, -45.03545548235827], [168.6723522767667, -45.03545623776554]]]}, "properties": {"building_id": 5371187, "facet_count": 2, "obstruction_count": 0, "panel_count": 2, "kwp": 0.88, "ac_kwh_day_avg": 2.4, "ac_kwh_year": 892.0, "facet_area_m2": 18.4, "avg_poa_kwh_m2": 1223.0}}, {"type": "Feature", "geometry": {"type": "Polygon", "coordinates": [[[168.67233799785674, -45.03545499351052], [168.67228070276292, -45.035455788876995], [168.6722790517833, -45.03539597970634], [168.67233634808312, -45.03539518438647], [168.67233799785674, -45.03545499351052]]]}, "properties": {"building_id": 5371188, "facet_count": 1, "obstruction_count": 0, "panel_count": 5, "kwp": 2.2, "ac_kwh_day_avg": 6.9, "ac_kwh_year": 2536.0, "facet_area_m2": 21.5, "avg_poa_kwh_m2": 1382.0}}, {"type": "Feature", "geometry": {"type": "Polygon", "coordinates": [[[168.672196612139, -45.035682275142705], [168.67220021307898, -45.03575497884829], [168.6721266153449, -45.03575681152492], [168.67212945124126, -45.035814057835076], [168.67215855535306, -45.03581333275543], [168.67216094212205, -45.03586151420624], [168.67221224224951, -45.035860236537246], [168.67221683453667, -45.03595294858684], [168.6720999955387, -45.03595585898257], [168.6720959676417, -45.03587455485578], [168.67206070972497, -45.03587543245275], [168.67205496503064, -45.03575945264852], [168.67207989826022, -45.03575883208375], [168.67207625413175, -45.03568527335476], [168.672196612139, -45.035682275142705]]]}, "properties": {"building_id": 5371190, "facet_count": 11, "obstruction_count": 0, "panel_count": 27, "kwp": 11.88, "ac_kwh_day_avg": 36.5, "ac_kwh_year": 13338.0, "facet_area_m2": 133.0, "avg_poa_kwh_m2": 1277.0}}, {"type": "Feature", "geometry": {"type": "Polygon", "coordinates": [[[168.67391128231972, -45.03556126217324], [168.67384895448254, -45.035578270585404], [168.67385662945767, -45.03559240948599], [168.67381429411702, -45.03560396262865], [168.67381220996296, -45.03560012163688], [168.6737128640313, -45.03562723215766], [168.6735290393512, -45.035645557743855], [168.6734735093466, -45.03556460156754], [168.67355450693486, -45.03554859543384], [168.67355643624734, -45.03555832139456], [168.67369854832114, -45.03554415403526], [168.67370644865989, -45.035583997413454], [168.67383061580531, -45.03555011250213], [168.67380169506058, -45.03549683088881], [168.6738666828203, -45.03547909617808], [168.67391128231972, -45.03556126217324]]]}, "properties": {"building_id": 5371227, "facet_count": 1, "obstruction_count": 1, "panel_count": 55, "kwp": 24.2, "ac_kwh_day_avg": 72.2, "ac_kwh_year": 26371.0, "facet_area_m2": 221.5, "avg_poa_kwh_m2": 1306.0}}, {"type": "Feature", "geometry": {"type": "Polygon", "coordinates": [[[168.67334106129348, -45.03342489102799], [168.67331376646317, -45.03344150247186], [168.67326500788934, -45.03340122086601], [168.67329230301047, -45.03338460935368], [168.67334106129348, -45.03342489102799]]]}, "properties": {"building_id": 5372800, "facet_count": 1, "obstruction_count": 0, "panel_count": 0, "kwp": 0, "ac_kwh_day_avg": 0, "ac_kwh_year": 0, "facet_area_m2": 6.8, "avg_poa_kwh_m2": 1357.0}}, {"type": "Feature", "geometry": {"type": "Polygon", "coordinates": [[[168.67237477017446, -45.035962346091566], [168.67245306880332, -45.03594469114026], [168.67245331067994, -45.03609140401451], [168.67237747541628, -45.03610597178704], [168.67237477017446, -45.035962346091566]]]}, "properties": {"building_id": 5372802, "facet_count": 1, "obstruction_count": 1, "panel_count": 27, "kwp": 11.88, "ac_kwh_day_avg": 35.4, "ac_kwh_year": 12907.0, "facet_area_m2": 79.7, "avg_poa_kwh_m2": 1302.0}}, {"type": "Feature", "geometry": {"type": "Polygon", "coordinates": [[[168.67227569981534, -45.03602098969668], [168.67235399855122, -45.036003334817806], [168.6723542401629, -45.0361500476816], [168.67227840480018, -45.03616461538415], [168.67227569981534, -45.03602098969668]]]}, "properties": {"building_id": 5372803, "facet_count": 1, "obstruction_count": 2, "panel_count": 27, "kwp": 11.88, "ac_kwh_day_avg": 35.4, "ac_kwh_year": 12907.0, "facet_area_m2": 87.5, "avg_poa_kwh_m2": 1302.0}}, {"type": "Feature", "geometry": {"type": "Polygon", "coordinates": [[[168.67369502209274, -45.03531299192254], [168.67368833288788, -45.03535805989229], [168.6736554305886, -45.035355604867696], [168.6736538128788, -45.035366505978985], [168.67347501546436, -45.03535316366992], [168.6734855316399, -45.03528231190376], [168.67366176861609, -45.035295462497636], [168.67365955959622, -45.03531034521022], [168.67369502209274, -45.03531299192254]]]}, "properties": {"building_id": 4740392, "facet_count": 8, "obstruction_count": 0, "panel_count": 10, "kwp": 4.4, "ac_kwh_day_avg": 12.6, "ac_kwh_year": 4584.0, "facet_area_m2": 63.5, "avg_poa_kwh_m2": 1200.0}}, {"type": "Feature", "geometry": {"type": "Polygon", "coordinates": [[[168.67288068648526, -45.035608782398334], [168.6728530542954, -45.03555611837801], [168.67292731186942, -45.0355365306322], [168.67295494285491, -45.035589194588816], [168.67288068648526, -45.035608782398334]]]}, "properties": {"building_id": 4740393, "facet_count": 1, "obstruction_count": 0, "panel_count": 9, "kwp": 3.96, "ac_kwh_day_avg": 11.8, "ac_kwh_year": 4315.0, "facet_area_m2": 35.4, "avg_poa_kwh_m2": 1306.0}}, {"type": "Feature", "geometry": {"type": "Polygon", "coordinates": [[[168.67325886326083, -45.03557064036553], [168.67333033223264, -45.03555069673581], [168.67331099757251, -45.03551586350532], [168.67338224055985, -45.03549598228098], [168.6733993754714, -45.03552685076119], [168.67337217572506, -45.03553444194953], [168.67337538059942, -45.0355402137094], [168.67345828801237, -45.03568480098399], [168.6733942644276, -45.035703258453744], [168.67338749917954, -45.035691463165435], [168.67333683948365, -45.03570607403197], [168.6732717436383, -45.03559261024253], [168.67325886326083, -45.03557064036553]]]}, "properties": {"building_id": 4740395, "facet_count": 6, "obstruction_count": 5, "panel_count": 24, "kwp": 10.56, "ac_kwh_day_avg": 28.0, "ac_kwh_year": 10226.0, "facet_area_m2": 123.5, "avg_poa_kwh_m2": 1127.0}}, {"type": "Feature", "geometry": {"type": "Polygon", "coordinates": [[[168.67371200989734, -45.03577231061532], [168.67385214672748, -45.03573228138291], [168.67389848288573, -45.03581383440943], [168.67370903149103, -45.03586794980841], [168.67367905162442, -45.035815183758764], [168.6737283656379, -45.03580109772393], [168.67371200989734, -45.03577231061532]]]}, "properties": {"building_id": 4740399, "facet_count": 4, "obstruction_count": 1, "panel_count": 18, "kwp": 7.92, "ac_kwh_day_avg": 22.4, "ac_kwh_year": 8160.0, "facet_area_m2": 107.5, "avg_poa_kwh_m2": 1208.0}}, {"type": "Feature", "geometry": {"type": "Polygon", "coordinates": [[[168.67342121067983, -45.03587278587456], [168.67354650370305, -45.035838107732225], [168.67353503525106, -45.0358172759495], [168.67361869691544, -45.03579412075805], [168.67367742271122, -45.035900792346446], [168.673468467718, -45.0359586257637], [168.67342121067983, -45.03587278587456]]]}, "properties": {"building_id": 4740400, "facet_count": 2, "obstruction_count": 8, "panel_count": 43, "kwp": 18.92, "ac_kwh_day_avg": 54.0, "ac_kwh_year": 19699.0, "facet_area_m2": 178.3, "avg_poa_kwh_m2": 1265.0}}, {"type": "Feature", "geometry": {"type": "Polygon", "coordinates": [[[168.67325017892216, -45.03591170771475], [168.6732283213828, -45.03587011116426], [168.67321714189202, -45.03587306432641], [168.67321476217873, -45.035873693249], [168.67320076192493, -45.03584704822613], [168.6732061607475, -45.035827266243935], [168.67326779692723, -45.03581098358961], [168.67326934021602, -45.03580298637173], [168.67317879878445, -45.035794206089086], [168.67318145826354, -45.03578042161279], [168.67317262568974, -45.03577956513392], [168.67317805177203, -45.03575143492864], [168.67318617725863, -45.03575222315862], [168.67318907685984, -45.03573719203211], [168.67327526364556, -45.03574555046166], [168.67327210945464, -45.035761902407096], [168.67328029044322, -45.03576269543762], [168.6732785777255, -45.03577157471181], [168.67332364296033, -45.03577594532048], [168.67331803343433, -45.035805026371484], [168.6733383248024, -45.035843640542225], [168.6733478707726, -45.035841118668955], [168.6733690478461, -45.03588142100116], [168.67335112175272, -45.03588615702802], [168.67335335296076, -45.03589040419426], [168.6732639583399, -45.03591402032464], [168.67326121077915, -45.035908793054844], [168.67325017892216, -45.03591170771475]]]}, "properties": {"building_id": 4740401, "facet_count": 2, "obstruction_count": 1, "panel_count": 31, "kwp": 13.64, "ac_kwh_day_avg": 41.2, "ac_kwh_year": 15030.0, "facet_area_m2": 132.4, "avg_poa_kwh_m2": 1323.0}}, {"type": "Feature", "geometry": {"type": "Polygon", "coordinates": [[[168.67284901358653, -45.035827475295385], [168.6729149370242, -45.035806652188704], [168.6729599575911, -45.03587830765838], [168.67289403408532, -45.03589913078948], [168.67284901358653, -45.035827475295385]]]}, "properties": {"building_id": 4740403, "facet_count": 2, "obstruction_count": 0, "panel_count": 5, "kwp": 2.2, "ac_kwh_day_avg": 6.8, "ac_kwh_year": 2478.0, "facet_area_m2": 38.1, "avg_poa_kwh_m2": 1304.0}}, {"type": "Feature", "geometry": {"type": "Polygon", "coordinates": [[[168.672975080353, -45.035989847005304], [168.67298187981592, -45.036040505867156], [168.6727840819533, -45.03605385266372], [168.67276305031226, -45.035897153798], [168.6728835255574, -45.035889024530775], [168.67289775813146, -45.035995064516094], [168.672975080353, -45.035989847005304]]]}, "properties": {"building_id": 4740404, "facet_count": 4, "obstruction_count": 5, "panel_count": 48, "kwp": 21.12, "ac_kwh_day_avg": 62.3, "ac_kwh_year": 22730.0, "facet_area_m2": 184.7, "avg_poa_kwh_m2": 1289.0}}, {"type": "Feature", "geometry": {"type": "Polygon", "coordinates": [[[168.67304920055307, -45.03503147731623], [168.6731470626014, -45.0350394976642], [168.67315486889694, -45.03499161132531], [168.67324030507694, -45.034998613510425], [168.6732219735468, -45.03511106253011], [168.67303867504748, -45.035096039964024], [168.67304920055307, -45.03503147731623]]]}, "properties": {"building_id": 4740439, "facet_count": 4, "obstruction_count": 4, "panel_count": 28, "kwp": 12.32, "ac_kwh_day_avg": 33.0, "ac_kwh_year": 12027.0, "facet_area_m2": 127.8, "avg_poa_kwh_m2": 1194.0}}, {"type": "Feature", "geometry": {"type": "Polygon", "coordinates": [[[168.67322143499686, -45.03533064246315], [168.6732374338253, -45.03522747102401], [168.67343374491375, -45.03524277577842], [168.6734177459003, -45.03534594771382], [168.67322143499686, -45.03533064246315]]]}, "properties": {"building_id": 4740440, "facet_count": 6, "obstruction_count": 1, "panel_count": 27, "kwp": 11.88, "ac_kwh_day_avg": 23.4, "ac_kwh_year": 8541.0, "facet_area_m2": 114.9, "avg_poa_kwh_m2": 1041.0}}, {"type": "Feature", "geometry": {"type": "Polygon", "coordinates": [[[168.672962125177, -45.03537514634169], [168.67297970903243, -45.03524584941406], [168.67306058961628, -45.035251381295474], [168.67306186918856, -45.035242004276164], [168.67317236088613, -45.0352496083466], [168.67316759029325, -45.03528442633047], [168.67318863443205, -45.03528587921694], [168.67318120572432, -45.03533985443725], [168.67315963753242, -45.03533835904836], [168.6731532296396, -45.03538473542184], [168.67303507727925, -45.03537652362307], [168.6730320596137, -45.035398338997446], [168.6729596126937, -45.035393298384825], [168.672962125177, -45.03537514634169]]]}, "properties": {"building_id": 4740441, "facet_count": 5, "obstruction_count": 4, "panel_count": 38, "kwp": 16.72, "ac_kwh_day_avg": 49.2, "ac_kwh_year": 17956.0, "facet_area_m2": 152.8, "avg_poa_kwh_m2": 1253.0}}, {"type": "Feature", "geometry": {"type": "Polygon", "coordinates": [[[168.6724743037456, -45.03535160819416], [168.6724948547707, -45.03525901532487], [168.67257923429324, -45.035268430908836], [168.672583754129, -45.03524806827056], [168.6726720515799, -45.035257920584385], [168.67264905119862, -45.035361551346526], [168.67258283592133, -45.035354162175736], [168.67258076692738, -45.03536348791113], [168.6724743037456, -45.03535160819416]]]}, "properties": {"building_id": 4740442, "facet_count": 4, "obstruction_count": 0, "panel_count": 31, "kwp": 13.64, "ac_kwh_day_avg": 41.0, "ac_kwh_year": 14958.0, "facet_area_m2": 126.3, "avg_poa_kwh_m2": 1306.0}}, {"type": "Feature", "geometry": {"type": "Polygon", "coordinates": [[[168.67208698917895, -45.035369419103915], [168.6722257646176, -45.03536162447181], [168.67223530978504, -45.03544707099768], [168.67209653540476, -45.035454865681615], [168.67208698917895, -45.035369419103915]]]}, "properties": {"building_id": 4740445, "facet_count": 4, "obstruction_count": 0, "panel_count": 11, "kwp": 4.84, "ac_kwh_day_avg": 12.0, "ac_kwh_year": 4378.0, "facet_area_m2": 54.5, "avg_poa_kwh_m2": 1111.0}}, {"type": "Feature", "geometry": {"type": "Polygon", "coordinates": [[[168.67223604862426, -45.03510761141075], [168.67213073661878, -45.03510902406959], [168.67212810830944, -45.03501048043319], [168.67223342013335, -45.03500906776993], [168.67223604862426, -45.03510761141075]]]}, "properties": {"building_id": 4740471, "facet_count": 2, "obstruction_count": 1, "panel_count": 24, "kwp": 10.56, "ac_kwh_day_avg": 30.1, "ac_kwh_year": 10998.0, "facet_area_m2": 82.1, "avg_poa_kwh_m2": 1264.0}}, {"type": "Feature", "geometry": {"type": "Polygon", "coordinates": [[[168.67230545857453, -45.03493447281884], [168.67229470912918, -45.03500271226172], [168.6722516402745, -45.03499930127122], [168.67226239016355, -45.034931061775644], [168.67230545857453, -45.03493447281884]]]}, "properties": {"building_id": 4740472, "facet_count": 2, "obstruction_count": 0, "panel_count": 3, "kwp": 1.32, "ac_kwh_day_avg": 3.7, "ac_kwh_year": 1362.0, "facet_area_m2": 19.9, "avg_poa_kwh_m2": 1204.0}}, {"type": "Feature", "geometry": {"type": "Polygon", "coordinates": [[[168.6741008145206, -45.03516193776834], [168.6740663641767, -45.035158651975294], [168.6740731478368, -45.0351228942027], [168.67404240324544, -45.0351199618069], [168.67405002131633, -45.03507980663593], [168.67417939955052, -45.03509214679786], [168.67416262483368, -45.03518056722641], [168.67409844160642, -45.03517444538812], [168.6741008145206, -45.03516193776834]]]}, "properties": {"building_id": 4740485, "facet_count": 6, "obstruction_count": 2, "panel_count": 4, "kwp": 1.76, "ac_kwh_day_avg": 4.9, "ac_kwh_year": 1804.0, "facet_area_m2": 65.5, "avg_poa_kwh_m2": 1258.0}}, {"type": "Feature", "geometry": {"type": "Polygon", "coordinates": [[[168.67392398081665, -45.035097229123224], [168.6739296734072, -45.03507198690154], [168.67398645760915, -45.035078425042805], [168.67396974385534, -45.03515254248824], [168.67384310144752, -45.03513818426409], [168.6738541240042, -45.03508930910823], [168.67392398081665, -45.035097229123224]]]}, "properties": {"building_id": 4740489, "facet_count": 1, "obstruction_count": 1, "panel_count": 16, "kwp": 7.04, "ac_kwh_day_avg": 19.6, "ac_kwh_year": 7157.0, "facet_area_m2": 50.6, "avg_poa_kwh_m2": 1219.0}}, {"type": "Feature", "geometry": {"type": "Polygon", "coordinates": [[[168.67379636681125, -45.03454099764108], [168.67435903698643, -45.03459847475523], [168.67432592570788, -45.03476144490144], [168.67376325398075, -45.03470396759367], [168.67379636681125, -45.03454099764108]]]}, "properties": {"building_id": 4740498, "facet_count": 1, "obstruction_count": 3, "panel_count": 301, "kwp": 132.44, "ac_kwh_day_avg": 395.4, "ac_kwh_year": 144321.0, "facet_area_m2": 744.0, "avg_poa_kwh_m2": 1306.0}}, {"type": "Feature", "geometry": {"type": "Polygon", "coordinates": [[[168.673466485475, -45.03451831563362], [168.67376083645732, -45.034543354101594], [168.673733508375, -45.0347048779934], [168.67343915658157, -45.03467983943895], [168.673466485475, -45.03451831563362]]]}, "properties": {"building_id": 4740499, "facet_count": 3, "obstruction_count": 26, "panel_count": 111, "kwp": 48.84, "ac_kwh_day_avg": 145.8, "ac_kwh_year": 53221.0, "facet_area_m2": 380.0, "avg_poa_kwh_m2": 1305.0}}, {"type": "Feature", "geometry": {"type": "Polygon", "coordinates": [[[168.67327273228088, -45.034495249319086], [168.67324681675927, -45.03463725986942], [168.6728026287421, -45.034596504934214], [168.6728285453318, -45.03445449452516], [168.67327273228088, -45.034495249319086]]]}, "properties": {"building_id": 4740500, "facet_count": 3, "obstruction_count": 31, "panel_count": 166, "kwp": 73.04, "ac_kwh_day_avg": 218.1, "ac_kwh_year": 79592.0, "facet_area_m2": 525.3, "avg_poa_kwh_m2": 1305.0}}, {"type": "Feature", "geometry": {"type": "Polygon", "coordinates": [[[168.6721847475735, -45.034511456711336], [168.6721735857286, -45.034509304915915], [168.6721619798631, -45.034539573169624], [168.67213275090182, -45.03453393873713], [168.67212726649777, -45.03454824406295], [168.6720960780045, -45.03454223314161], [168.6721017982843, -45.03452730880747], [168.67206562435277, -45.03452033907998], [168.6720726697068, -45.03450195209835], [168.67208337343132, -45.03450401333132], [168.6720861389449, -45.03449679021034], [168.67210645594423, -45.03450069951961], [168.67213181130674, -45.034434435198676], [168.6721906464437, -45.034445753218996], [168.67218598289074, -45.03445794324341], [168.67221670615206, -45.03446385200714], [168.6722005523475, -45.03450608301063], [168.67218774502305, -45.03450362007434], [168.6721847475735, -45.034511456711336]]]}, "properties": {"building_id": 4740502, "facet_count": 1, "obstruction_count": 0, "panel_count": 8, "kwp": 3.52, "ac_kwh_day_avg": 10.5, "ac_kwh_year": 3836.0, "facet_area_m2": 32.1, "avg_poa_kwh_m2": 1306.0}}, {"type": "Feature", "geometry": {"type": "Polygon", "coordinates": [[[168.6726658581138, -45.03347726946726], [168.67244279745734, -45.0334527400619], [168.6724451511933, -45.03344197943297], [168.67244031762417, -45.03344144755435], [168.6724492561778, -45.03340057801453], [168.67238898297285, -45.03339394993081], [168.672397965851, -45.033352880435125], [168.6727028081446, -45.0333864027305], [168.6726934186663, -45.0334293292094], [168.67278984762265, -45.03343993301906], [168.67277732889752, -45.03349716715516], [168.67266422709488, -45.03348473043552], [168.6726658581138, -45.03347726946726]]]}, "properties": {"building_id": 4740512, "facet_count": 6, "obstruction_count": 4, "panel_count": 20, "kwp": 8.8, "ac_kwh_day_avg": 21.4, "ac_kwh_year": 7813.0, "facet_area_m2": 152.3, "avg_poa_kwh_m2": 1109.0}}, {"type": "Feature", "geometry": {"type": "Polygon", "coordinates": [[[168.6727523073027, -45.033234769757335], [168.67272605650376, -45.03322232100629], [168.6726855027854, -45.03326531387997], [168.6726255200477, -45.033236866445094], [168.6727418350559, -45.033113555031214], [168.67285344891462, -45.0331664896423], [168.67279529913867, -45.03322813716273], [168.67276991732206, -45.03321610038971], [168.6727523073027, -45.033234769757335]]]}, "properties": {"building_id": 4740513, "facet_count": 5, "obstruction_count": 3, "panel_count": 19, "kwp": 8.36, "ac_kwh_day_avg": 19.8, "ac_kwh_year": 7211.0, "facet_area_m2": 93.4, "avg_poa_kwh_m2": 1099.0}}, {"type": "Feature", "geometry": {"type": "Polygon", "coordinates": [[[168.6727763721597, -45.03328795732832], [168.6728166868376, -45.03323925174519], [168.67285348439822, -45.03325456556234], [168.6728721127044, -45.03323206041716], [168.67285885266554, -45.033226542995365], [168.67288462928593, -45.03319540002676], [168.6730091042352, -45.03324720145967], [168.67293653113543, -45.033334882350516], [168.67282840802415, -45.03328988498113], [168.67283824960828, -45.03327799439419], [168.67283013829703, -45.03327461863146], [168.67280815159617, -45.03330118216266], [168.6727763721597, -45.03328795732832]]]}, "properties": {"building_id": 4740514, "facet_count": 5, "obstruction_count": 4, "panel_count": 9, "kwp": 3.96, "ac_kwh_day_avg": 7.7, "ac_kwh_year": 2810.0, "facet_area_m2": 68.0, "avg_poa_kwh_m2": 979.0}}, {"type": "Feature", "geometry": {"type": "Polygon", "coordinates": [[[168.67334811862025, -45.03332258558267], [168.67335483930287, -45.033297687826696], [168.67347881446887, -45.033314513380105], [168.67347209383746, -45.033339411144375], [168.67350486251365, -45.033343858391305], [168.67348673633472, -45.03341101004053], [168.6732981904813, -45.03338542113222], [168.67331631687037, -45.033318269517], [168.67334811862025, -45.03332258558267]]]}, "properties": {"building_id": 4740516, "facet_count": 1, "obstruction_count": 4, "panel_count": 47, "kwp": 20.68, "ac_kwh_day_avg": 57.6, "ac_kwh_year": 21024.0, "facet_area_m2": 133.0, "avg_poa_kwh_m2": 1219.0}}, {"type": "Feature", "geometry": {"type": "Polygon", "coordinates": [[[168.67293590517986, -45.03357785852785], [168.67296018458765, -45.03365502805766], [168.67278928878574, -45.03368206196255], [168.67275965392713, -45.03358786994685], [168.67291727405464, -45.033562936384364], [168.6729226297754, -45.03357995883669], [168.67293590517986, -45.03357785852785]]]}, "properties": {"building_id": 4740527, "facet_count": 1, "obstruction_count": 5, "panel_count": 42, "kwp": 18.48, "ac_kwh_day_avg": 58.4, "ac_kwh_year": 21305.0, "facet_area_m2": 134.4, "avg_poa_kwh_m2": 1382.0}}, {"type": "Feature", "geometry": {"type": "Polygon", "coordinates": [[[168.67220981063113, -45.033889513697694], [168.67228794707023, -45.03389916416897], [168.6722718811015, -45.03396456242201], [168.67219374457747, -45.03395491193651], [168.67220981063113, -45.033889513697694]]]}, "properties": {"building_id": 4740535, "facet_count": 2, "obstruction_count": 1, "panel_count": 10, "kwp": 4.4, "ac_kwh_day_avg": 11.9, "ac_kwh_year": 4334.0, "facet_area_m2": 41.4, "avg_poa_kwh_m2": 1189.0}}, {"type": "Feature", "geometry": {"type": "Polygon", "coordinates": [[[168.67271720281366, -45.033989240975195], [168.67263865945162, -45.03395876476405], [168.67269027645017, -45.03389188047461], [168.67276882101922, -45.033922356696046], [168.67271720281366, -45.033989240975195]]]}, "properties": {"building_id": 4740537, "facet_count": 2, "obstruction_count": 6, "panel_count": 10, "kwp": 4.4, "ac_kwh_day_avg": 10.5, "ac_kwh_year": 3841.0, "facet_area_m2": 54.2, "avg_poa_kwh_m2": 1136.0}}, {"type": "Feature", "geometry": {"type": "Polygon", "coordinates": [[[168.67343209223787, -45.034089943420454], [168.67342173026174, -45.034093748383974], [168.67338085782222, -45.034037786209495], [168.6733612574685, -45.03404498354081], [168.6733178972006, -45.033985614894306], [168.67333749753882, -45.033978417570054], [168.6734170224286, -45.033949215652015], [168.67343369800082, -45.03397204771728], [168.6734744476106, -45.033957084231936], [168.6735420049332, -45.03404958290206], [168.67350125527335, -45.034064546410185], [168.6735219298097, -45.03409285369781], [168.67345276674823, -45.03411825072002], [168.67343209223787, -45.034089943420454]]]}, "properties": {"building_id": 4740541, "facet_count": 4, "obstruction_count": 1, "panel_count": 30, "kwp": 13.2, "ac_kwh_day_avg": 37.8, "ac_kwh_year": 13792.0, "facet_area_m2": 142.1, "avg_poa_kwh_m2": 1261.0}}, {"type": "Feature", "geometry": {"type": "Polygon", "coordinates": [[[168.67379786935365, -45.03363294006584], [168.6738725504154, -45.033642602336045], [168.67385211353303, -45.033722017418185], [168.67364020648793, -45.03369460007189], [168.67365383716725, -45.033641629034825], [168.67379106419816, -45.03365938412094], [168.67379786935365, -45.03363294006584]]]}, "properties": {"building_id": 4740544, "facet_count": 2, "obstruction_count": 1, "panel_count": 16, "kwp": 7.04, "ac_kwh_day_avg": 22.7, "ac_kwh_year": 8280.0, "facet_area_m2": 78.4, "avg_poa_kwh_m2": 1393.0}}, {"type": "Feature", "geometry": {"type": "Polygon", "coordinates": [[[168.67394680533474, -45.03370212700079], [168.67395092256618, -45.033685945711184], [168.67389602976618, -45.03367892309524], [168.67391345377646, -45.03361044259075], [168.67397871000887, -45.03361879019996], [168.67399766452408, -45.03354429418615], [168.67401132985256, -45.033546042457985], [168.67401499246748, -45.03353164519257], [168.674008845049, -45.033530859175876], [168.67402474199798, -45.03346837807739], [168.67411826045978, -45.03348034121342], [168.6741020407339, -45.03354408924523], [168.67409091159604, -45.03354266498132], [168.67407438695395, -45.03360760949196], [168.6740682735704, -45.03360682657051], [168.67406168544838, -45.03363271806013], [168.67406819875134, -45.03363355126644], [168.67405127510486, -45.033700064064725], [168.67402371047183, -45.03369653794511], [168.67401990910798, -45.0337114781606], [168.67394680533474, -45.03370212700079]]]}, "properties": {"building_id": 4740545, "facet_count": 9, "obstruction_count": 2, "panel_count": 33, "kwp": 14.52, "ac_kwh_day_avg": 44.7, "ac_kwh_year": 16314.0, "facet_area_m2": 166.5, "avg_poa_kwh_m2": 1306.0}}, {"type": "Feature", "geometry": {"type": "Polygon", "coordinates": [[[168.6741427995941, -45.03349821584288], [168.6742158052512, -45.033507316501286], [168.67419953564303, -45.033572937749234], [168.674285569995, -45.0335836616293], [168.67425372923142, -45.03371209324896], [168.67418562071907, -45.03370360424863], [168.67418795681218, -45.033694183296916], [168.67409702484338, -45.033682848588185], [168.6741427995941, -45.03349821584288]]]}, "properties": {"building_id": 4740546, "facet_count": 3, "obstruction_count": 2, "panel_count": 60, "kwp": 26.4, "ac_kwh_day_avg": 76.7, "ac_kwh_year": 27981.0, "facet_area_m2": 207.0, "avg_poa_kwh_m2": 1267.0}}, {"type": "Feature", "geometry": {"type": "Polygon", "coordinates": [[[168.67273152956503, -45.035389018162675], [168.67274306949093, -45.03528130025243], [168.67291718145896, -45.03529067875409], [168.67290564059013, -45.035398396646116], [168.67273152956503, -45.035389018162675]]]}, "properties": {"building_id": 4740587, "facet_count": 6, "obstruction_count": 5, "panel_count": 34, "kwp": 14.96, "ac_kwh_day_avg": 38.3, "ac_kwh_year": 13968.0, "facet_area_m2": 147.2, "avg_poa_kwh_m2": 1167.0}}, {"type": "Feature", "geometry": {"type": "Polygon", "coordinates": [[[168.6726569239891, -45.033551308180144], [168.67272497429258, -45.03357989842831], [168.67262102599827, -45.03370429596385], [168.6725051449261, -45.03365561082401], [168.67254502998134, -45.0336078795938], [168.6725928606215, -45.033627974734394], [168.6726569239891, -45.033551308180144]]]}, "properties": {"building_id": 4740595, "facet_count": 4, "obstruction_count": 5, "panel_count": 15, "kwp": 6.6, "ac_kwh_day_avg": 18.3, "ac_kwh_year": 6680.0, "facet_area_m2": 107.9, "avg_poa_kwh_m2": 1208.0}}, {"type": "Feature", "geometry": {"type": "Polygon", "coordinates": [[[168.67189065664277, -45.03548302931938], [168.67188586557768, -45.035397377094895], [168.67204486199813, -45.03539290610364], [168.67204965330174, -45.03547855833046], [168.67189065664277, -45.03548302931938]]]}, "properties": {"building_id": 4740597, "facet_count": 2, "obstruction_count": 2, "panel_count": 35, "kwp": 15.4, "ac_kwh_day_avg": 44.3, "ac_kwh_year": 16182.0, "facet_area_m2": 113.2, "avg_poa_kwh_m2": 1289.0}}, {"type": "Feature", "geometry": {"type": "Polygon", "coordinates": [[[168.67429942571752, -45.03369982131275], [168.67433892251648, -45.03355874628484], [168.6744633040155, -45.03357625434617], [168.67442380623854, -45.03371732938], [168.67429942571752, -45.03369982131275]]]}, "properties": {"building_id": 4740724, "facet_count": 2, "obstruction_count": 5, "panel_count": 49, "kwp": 21.56, "ac_kwh_day_avg": 62.9, "ac_kwh_year": 22941.0, "facet_area_m2": 151.3, "avg_poa_kwh_m2": 1276.0}}, {"type": "Feature", "geometry": {"type": "Polygon", "coordinates": [[[168.67228283105695, -45.03298917599232], [168.6722806185771, -45.033087726694376], [168.67212391270402, -45.03308595754742], [168.67212612671895, -45.032987406906635], [168.67228283105695, -45.03298917599232]]]}, "properties": {"building_id": 4740944, "facet_count": 3, "obstruction_count": 1, "panel_count": 26, "kwp": 11.44, "ac_kwh_day_avg": 44.2, "ac_kwh_year": 16129.0, "facet_area_m2": 65.3, "avg_poa_kwh_m2": 1524.0}}, {"type": "Feature", "geometry": {"type": "Polygon", "coordinates": [[[168.67231937017226, -45.033068366643974], [168.67232188627574, -45.0330046144048], [168.67235790195576, -45.033005329125494], [168.67235890041988, -45.03298001768657], [168.67249752249649, -45.03298276802474], [168.67249501618906, -45.033046309095155], [168.67245027160564, -45.033045421461786], [168.67244926364813, -45.0330709431854], [168.67231937017226, -45.033068366643974]]]}, "properties": {"building_id": 4740945, "facet_count": 4, "obstruction_count": 4, "panel_count": 13, "kwp": 5.72, "ac_kwh_day_avg": 11.7, "ac_kwh_year": 4270.0, "facet_area_m2": 78.8, "avg_poa_kwh_m2": 932.0}}, {"type": "Feature", "geometry": {"type": "Polygon", "coordinates": [[[168.6725952565653, -45.03305217513852], [168.67257219080466, -45.033042353395025], [168.67261303001516, -45.0329941322944], [168.67262554743212, -45.03299946311937], [168.67263466270484, -45.03298870082054], [168.67260265752284, -45.03297507218391], [168.67263557725695, -45.03293620136036], [168.67277641319953, -45.03299617225315], [168.6726994626366, -45.03308703282334], [168.67269153292565, -45.033083656743145], [168.67266809510593, -45.03311133090528], [168.67267792272483, -45.03311551449186], [168.6725893964503, -45.03322004241614], [168.67244304008852, -45.033157720159764], [168.672481746935, -45.03311201790033], [168.67251752572312, -45.033127253541096], [168.6725053258753, -45.03314165882005], [168.6725377468632, -45.03315546440352], [168.67252933520905, -45.03316539822626], [168.67255260272026, -45.03317530595408], [168.67256996659702, -45.03315480258809], [168.67253404513525, -45.03313950573566], [168.67257474792396, -45.03309144510492], [168.67256537801393, -45.033087454422734], [168.6725952565653, -45.03305217513852]]]}, "properties": {"building_id": 4740946, "facet_count": 4, "obstruction_count": 13, "panel_count": 52, "kwp": 22.88, "ac_kwh_day_avg": 68.9, "ac_kwh_year": 25167.0, "facet_area_m2": 264.5, "avg_poa_kwh_m2": 1304.0}}, {"type": "Feature", "geometry": {"type": "Polygon", "coordinates": [[[168.6734687971411, -45.033027406224285], [168.6734459989171, -45.0330974677571], [168.6732420690642, -45.03306410332942], [168.67326486751833, -45.03299404184607], [168.6734687971411, -45.033027406224285]]]}, "properties": {"building_id": 4740951, "facet_count": 3, "obstruction_count": 3, "panel_count": 18, "kwp": 7.92, "ac_kwh_day_avg": 21.7, "ac_kwh_year": 7908.0, "facet_area_m2": 82.5, "avg_poa_kwh_m2": 1189.0}}, {"type": "Feature", "geometry": {"type": "Polygon", "coordinates": [[[168.67416045498535, -45.03303871782374], [168.67423452833663, -45.032998897663724], [168.67424399117553, -45.03300774735875], [168.67426990487115, -45.03299381730621], [168.67428915060637, -45.03301181779622], [168.6743157537022, -45.03299751691119], [168.67435040790917, -45.03302992903007], [168.67433811537023, -45.0330365362447], [168.6744090068953, -45.03310284193267], [168.6744007831932, -45.033107262162076], [168.67442205444922, -45.033127156075885], [168.67429505492112, -45.033171916470636], [168.67428958356183, -45.03316679920573], [168.6742755905941, -45.03317432129138], [168.67422239031612, -45.033124561735754], [168.67423246264119, -45.033119146748064], [168.6742143635763, -45.03310221868073], [168.6742622148861, -45.033076495078696], [168.6742393772797, -45.03305513559704], [168.6742004073658, -45.03307608495432], [168.67416045498535, -45.03303871782374]]]}, "properties": {"building_id": 4740952, "facet_count": 3, "obstruction_count": 3, "panel_count": 52, "kwp": 22.88, "ac_kwh_day_avg": 57.1, "ac_kwh_year": 20831.0, "facet_area_m2": 191.1, "avg_poa_kwh_m2": 1106.0}}, {"type": "Feature", "geometry": {"type": "Polygon", "coordinates": [[[168.67385945914378, -45.033158956322545], [168.67384700903077, -45.03312080930488], [168.67390764764247, -45.03311085871786], [168.67392009779422, -45.03314900572975], [168.67395331424632, -45.033143555009595], [168.67394568769873, -45.03312018747037], [168.67399888227447, -45.03311145837731], [168.67401544376153, -45.033162202165485], [168.6740683768204, -45.03315351595991], [168.6740533797164, -45.03310756551861], [168.6741562077447, -45.033090691572276], [168.6741712049277, -45.033136642001786], [168.67418313378047, -45.03317319120895], [168.67419027602065, -45.03317201917288], [168.674198815266, -45.03319818281181], [168.67402544980638, -45.033226631807004], [168.67402044456713, -45.03321129597068], [168.6739394253023, -45.03322459100237], [168.6739320175836, -45.0332018939596], [168.67386021282437, -45.03321367686387], [168.67385945914378, -45.033158956322545]]]}, "properties": {"building_id": 4740957, "facet_count": 7, "obstruction_count": 9, "panel_count": 42, "kwp": 18.48, "ac_kwh_day_avg": 46.8, "ac_kwh_year": 17084.0, "facet_area_m2": 222.3, "avg_poa_kwh_m2": 1177.0}}, {"type": "Feature", "geometry": {"type": "Polygon", "coordinates": [[[168.66970783516777, -45.03339655627238], [168.66974102273036, -45.03337530777712], [168.66978911912315, -45.033413076757135], [168.66975593028846, -45.03343432521808], [168.66970783516777, -45.03339655627238]]]}, "properties": {"building_id": 5370917, "facet_count": 1, "obstruction_count": 0, "panel_count": 4, "kwp": 1.76, "ac_kwh_day_avg": 5.0, "ac_kwh_year": 1817.0, "facet_area_m2": 16.9, "avg_poa_kwh_m2": 1237.0}}, {"type": "Feature", "geometry": {"type": "Polygon", "coordinates": [[[168.66871515718336, -45.03182239087509], [168.6687277080381, -45.03179940162505], [168.66871709683804, -45.03179648869639], [168.66872546584918, -45.031781161396864], [168.66866786295734, -45.03176534824293], [168.66869461922892, -45.031716340468876], [168.66870288112753, -45.03171860781431], [168.66873036363532, -45.03166827104071], [168.66876750895528, -45.0316784683154], [168.6688136273876, -45.03159399687897], [168.6688796761408, -45.03164923782146], [168.66885156145437, -45.03170073526072], [168.6688311201304, -45.03169512364263], [168.6688131471405, -45.03172804392007], [168.66883056263293, -45.031732824019066], [168.66877968632258, -45.031826010353456], [168.66877326764796, -45.031824247842465], [168.66876657524676, -45.03183650619084], [168.66871515718336, -45.03182239087509]]]}, "properties": {"building_id": 5371209, "facet_count": 4, "obstruction_count": 6, "panel_count": 35, "kwp": 15.4, "ac_kwh_day_avg": 46.0, "ac_kwh_year": 16796.0, "facet_area_m2": 163.3, "avg_poa_kwh_m2": 1300.0}}, {"type": "Feature", "geometry": {"type": "Polygon", "coordinates": [[[168.66985637612083, -45.03226339677805], [168.66988939906437, -45.03228993846737], [168.66987653256675, -45.032297988005325], [168.66992418449016, -45.03233628646242], [168.6699366272845, -45.03232850168321], [168.66997251201573, -45.032357342220386], [168.66995043672907, -45.03237115244571], [168.6699870801819, -45.032400604222374], [168.66989967694195, -45.032455284192466], [168.66984608747487, -45.032412213313386], [168.66986444919544, -45.03240072585928], [168.66978029622274, -45.03233309167863], [168.66976294730046, -45.03234394425165], [168.66970936875364, -45.03230088272438], [168.66979998719128, -45.032244191589086], [168.6698381050678, -45.03227482736247], [168.66985637612083, -45.03226339677805]]]}, "properties": {"building_id": 5371210, "facet_count": 1, "obstruction_count": 0, "panel_count": 35, "kwp": 15.4, "ac_kwh_day_avg": 46.0, "ac_kwh_year": 16782.0, "facet_area_m2": 125.4, "avg_poa_kwh_m2": 1306.0}}, {"type": "Feature", "geometry": {"type": "Polygon", "coordinates": [[[168.66957563343144, -45.03358202047538], [168.66952006503476, -45.0335413722935], [168.66955925992127, -45.033514431524026], [168.6696148283225, -45.033555079686984], [168.66957563343144, -45.03358202047538]]]}, "properties": {"building_id": 5371216, "facet_count": 1, "obstruction_count": 1, "panel_count": 0, "kwp": 0, "ac_kwh_day_avg": 0, "ac_kwh_year": 0, "facet_area_m2": 8.5, "avg_poa_kwh_m2": 1118.0}}, {"type": "Feature", "geometry": {"type": "Polygon", "coordinates": [[[168.6720693229471, -45.03357547945894], [168.6719794566374, -45.03356503689519], [168.67198665236728, -45.03353390248579], [168.6718691862399, -45.03352025234553], [168.6718936187175, -45.03341454175279], [168.6720657533544, -45.03343454433969], [168.67204339156527, -45.03353129748437], [168.67207858907756, -45.03353538664723], [168.6720693229471, -45.03357547945894]]]}, "properties": {"building_id": 5371217, "facet_count": 2, "obstruction_count": 2, "panel_count": 59, "kwp": 25.96, "ac_kwh_day_avg": 75.6, "ac_kwh_year": 27582.0, "facet_area_m2": 180.3, "avg_poa_kwh_m2": 1288.0}}, {"type": "Feature", "geometry": {"type": "Polygon", "coordinates": [[[168.668753177635, -45.03478952897096], [168.66880113782148, -45.034732952405406], [168.66888647249127, -45.03476932269963], [168.6688618004741, -45.0347984263898], [168.6689151431892, -45.034821161165475], [168.6689400424303, -45.03479178883885], [168.66897087346288, -45.0348049292], [168.66893807265544, -45.03484362253683], [168.66892606832536, -45.03483850704259], [168.66888478186215, -45.03488721032295], [168.6687416998069, -45.03482622927212], [168.6687676011912, -45.03479567620516], [168.668753177635, -45.03478952897096]]]}, "properties": {"building_id": 4725482, "facet_count": 4, "obstruction_count": 2, "panel_count": 12, "kwp": 5.28, "ac_kwh_day_avg": 14.3, "ac_kwh_year": 5203.0, "facet_area_m2": 90.9, "avg_poa_kwh_m2": 1124.0}}, {"type": "Feature", "geometry": {"type": "Polygon", "coordinates": [[[168.66888017230067, -45.033314864527064], [168.66865942722717, -45.03347161848407], [168.66856996690956, -45.033408276390915], [168.6688609365251, -45.03320165402034], [168.66898658704812, -45.03329061845745], [168.6689163599376, -45.033340487023935], [168.66888017230067, -45.033314864527064]]]}, "properties": {"building_id": 4725499, "facet_count": 3, "obstruction_count": 3, "panel_count": 96, "kwp": 42.24, "ac_kwh_day_avg": 121.4, "ac_kwh_year": 44319.0, "facet_area_m2": 335.0, "avg_poa_kwh_m2": 1270.0}}, {"type": "Feature", "geometry": {"type": "Polygon", "coordinates": [[[168.668913717974, -45.033037882344544], [168.66881605462518, -45.03310852538566], [168.66868937505214, -45.033020469556796], [168.66878703839066, -45.03294982662378], [168.668913717974, -45.033037882344544]]]}, "properties": {"building_id": 4725505, "facet_count": 2, "obstruction_count": 5, "panel_count": 42, "kwp": 18.48, "ac_kwh_day_avg": 55.6, "ac_kwh_year": 20293.0, "facet_area_m2": 145.1, "avg_poa_kwh_m2": 1308.0}}, {"type": "Feature", "geometry": {"type": "Polygon", "coordinates": [[[168.6688859418773, -45.032505817563084], [168.66890980764967, -45.03248871246637], [168.6689600159672, -45.032523935290584], [168.66897260050078, -45.032514915540844], [168.6690303751725, -45.03255544707868], [168.66889054806893, -45.03265566265131], [168.6688085806963, -45.032598158715246], [168.66886836930297, -45.03255530845371], [168.66883610756256, -45.03253267520941], [168.6688796957396, -45.032501434859824], [168.6688859418773, -45.032505817563084]]]}, "properties": {"building_id": 4735357, "facet_count": 5, "obstruction_count": 7, "panel_count": 28, "kwp": 12.32, "ac_kwh_day_avg": 35.3, "ac_kwh_year": 12890.0, "facet_area_m2": 142.7, "avg_poa_kwh_m2": 1250.0}}, {"type": "Feature", "geometry": {"type": "Polygon", "coordinates": [[[168.66975488062445, -45.034356906065], [168.66974068625854, -45.034350817173035], [168.6697186258852, -45.0344002574286], [168.66970284871235, -45.034396718053216], [168.66968296780692, -45.0344412729499], [168.66966843778079, -45.034438013196585], [168.6696502730899, -45.03447872286067], [168.66963422253014, -45.034475121779174], [168.66961367196788, -45.03452117884558], [168.66959833293618, -45.034517738017804], [168.66957943898015, -45.034560083516354], [168.66956958415446, -45.03455787274459], [168.6695519343435, -45.034597429005636], [168.66953859149456, -45.034594435783525], [168.66952250828956, -45.03463048050301], [168.66950789582899, -45.03462720229426], [168.66949089240254, -45.03466531039172], [168.6693961890979, -45.034644065185866], [168.66941438603837, -45.034603284772935], [168.6694278124777, -45.03460629738878], [168.6694436756605, -45.03457074572942], [168.66945526703057, -45.03457334565336], [168.669470977209, -45.03453813835112], [168.6694633769708, -45.03453643361253], [168.6694837702056, -45.03449072977208], [168.66949878336123, -45.03449409792237], [168.66951908933575, -45.034448590602494], [168.66953145090582, -45.03445136380929], [168.66955144821748, -45.034406546905274], [168.66956714305226, -45.03441006697024], [168.6695861193587, -45.03436753826248], [168.6696025244548, -45.034371218533394], [168.66962184923844, -45.03432790819054], [168.66967271469377, -45.034268299962704], [168.66978820825747, -45.03431784902322], [168.66975488062445, -45.034356906065]]]}, "properties": {"building_id": 4740322, "facet_count": 5, "obstruction_count": 5, "panel_count": 59, "kwp": 25.96, "ac_kwh_day_avg": 77.6, "ac_kwh_year": 28321.0, "facet_area_m2": 290.2, "avg_poa_kwh_m2": 1310.0}}, {"type": "Feature", "geometry": {"type": "Polygon", "coordinates": [[[168.67004106846628, -45.03466092251315], [168.6700696618275, -45.03471870440343], [168.67003814042727, -45.034755597667484], [168.67011005578829, -45.03479490322298], [168.6700579062875, -45.034842872926234], [168.6699893022775, -45.03480537737894], [168.66997342531442, -45.034823959113815], [168.6698613315192, -45.034775807759736], [168.6698668076348, -45.03476939938876], [168.66982110895202, -45.034749768533324], [168.6698407728011, -45.03472675410995], [168.66985906864605, -45.034722819448604], [168.66989488836123, -45.03473820599981], [168.66990151350643, -45.034730452282766], [168.66993840179265, -45.03474629800038], [168.66995867841837, -45.03472256597784], [168.66992495379856, -45.034654414294515], [168.67000567769895, -45.03463433053673], [168.67002127341013, -45.034665847175404], [168.67004106846628, -45.03466092251315]]]}, "properties": {"building_id": 4740464, "facet_count": 1, "obstruction_count": 0, "panel_count": 19, "kwp": 8.36, "ac_kwh_day_avg": 25.0, "ac_kwh_year": 9110.0, "facet_area_m2": 112.8, "avg_poa_kwh_m2": 1306.0}}, {"type": "Feature", "geometry": {"type": "Polygon", "coordinates": [[[168.67185214310248, -45.03487863251209], [168.6719260615278, -45.03489151768911], [168.67188213580675, -45.03501820160296], [168.67175302457306, -45.03499569511008], [168.67177266408362, -45.03493905464216], [168.67182785669272, -45.03494867591254], [168.67185214310248, -45.03487863251209]]]}, "properties": {"building_id": 4740475, "facet_count": 5, "obstruction_count": 0, "panel_count": 9, "kwp": 3.96, "ac_kwh_day_avg": 11.6, "ac_kwh_year": 4216.0, "facet_area_m2": 81.1, "avg_poa_kwh_m2": 1276.0}}, {"type": "Feature", "geometry": {"type": "Polygon", "coordinates": [[[168.67164134329437, -45.03491965079549], [168.6716628091699, -45.03486559032567], [168.67174262298786, -45.03488152337455], [168.67169698205203, -45.034996469328746], [168.6715415828463, -45.03496544691983], [168.6715657581209, -45.034904561491516], [168.67164134329437, -45.03491965079549]]]}, "properties": {"building_id": 4740476, "facet_count": 6, "obstruction_count": 0, "panel_count": 10, "kwp": 4.4, "ac_kwh_day_avg": 12.8, "ac_kwh_year": 4662.0, "facet_area_m2": 101.8, "avg_poa_kwh_m2": 1230.0}}, {"type": "Feature", "geometry": {"type": "Polygon", "coordinates": [[[168.67120202206794, -45.03470363732512], [168.6711575869255, -45.03482691150069], [168.67107026378272, -45.03486130062669], [168.6709680965404, -45.03484278531028], [168.67099315410084, -45.034773269184264], [168.67108939985184, -45.03479071072111], [168.6711257674793, -45.034689818579714], [168.67120202206794, -45.03470363732512]]]}, "properties": {"building_id": 4740486, "facet_count": 1, "obstruction_count": 0, "panel_count": 19, "kwp": 8.36, "ac_kwh_day_avg": 25.0, "ac_kwh_year": 9110.0, "facet_area_m2": 94.0, "avg_poa_kwh_m2": 1306.0}}, {"type": "Feature", "geometry": {"type": "Polygon", "coordinates": [[[168.66920874846176, -45.03466633236474], [168.66924163112645, -45.0346797747478], [168.66926703022884, -45.034648539043644], [168.66945931796266, -45.03472714483775], [168.66940234300566, -45.03479721601331], [168.66917717118505, -45.03470516767695], [168.66920874846176, -45.03466633236474]]]}, "properties": {"building_id": 4740488, "facet_count": 2, "obstruction_count": 2, "panel_count": 38, "kwp": 16.72, "ac_kwh_day_avg": 43.9, "ac_kwh_year": 16025.0, "facet_area_m2": 149.7, "avg_poa_kwh_m2": 1186.0}}, {"type": "Feature", "geometry": {"type": "Polygon", "coordinates": [[[168.67066907253388, -45.03460488602109], [168.67098654914392, -45.03466736127505], [168.67093231104997, -45.03480593267299], [168.67061483375346, -45.034743457242115], [168.67066907253388, -45.03460488602109]]]}, "properties": {"building_id": 4740490, "facet_count": 1, "obstruction_count": 11, "panel_count": 158, "kwp": 69.52, "ac_kwh_day_avg": 207.6, "ac_kwh_year": 75757.0, "facet_area_m2": 396.6, "avg_poa_kwh_m2": 1306.0}}, {"type": "Feature", "geometry": {"type": "Polygon", "coordinates": [[[168.67057843350213, -45.03461772881594], [168.67055082125927, -45.03468644420308], [168.67050591126613, -45.03467737113506], [168.67047739366717, -45.034748339208875], [168.670427646282, -45.03473828881946], [168.67042042165437, -45.03475626772822], [168.67033372898297, -45.03473875324974], [168.67038050605808, -45.034622346070044], [168.6704029290527, -45.034615102351516], [168.67050491570902, -45.03463215750122], [168.67051333591849, -45.03460684265109], [168.67057843350213, -45.03461772881594]]]}, "properties": {"building_id": 4740493, "facet_count": 3, "obstruction_count": 1, "panel_count": 41, "kwp": 18.04, "ac_kwh_day_avg": 53.9, "ac_kwh_year": 19667.0, "facet_area_m2": 168.9, "avg_poa_kwh_m2": 1304.0}}, {"type": "Feature", "geometry": {"type": "Polygon", "coordinates": [[[168.66956763298882, -45.03266596421054], [168.66949184290988, -45.0327189074905], [168.6694697128561, -45.03270297776892], [168.66944662027174, -45.03271910864559], [168.6693005437042, -45.03261396553174], [168.6694067615647, -45.03253976725196], [168.66952091681287, -45.03262193453789], [168.66951358032108, -45.03262705876057], [168.66956763298882, -45.03266596421054]]]}, "properties": {"building_id": 4740508, "facet_count": 9, "obstruction_count": 2, "panel_count": 25, "kwp": 11.0, "ac_kwh_day_avg": 33.0, "ac_kwh_year": 12050.0, "facet_area_m2": 150.3, "avg_poa_kwh_m2": 1254.0}}, {"type": "Feature", "geometry": {"type": "Polygon", "coordinates": [[[168.67070689286342, -45.03376591157582], [168.6707314686185, -45.033773221905264], [168.67074310978956, -45.03375354839276], [168.6707786740802, -45.03376412695383], [168.67078305609996, -45.03375672098355], [168.67086537173674, -45.03378120785145], [168.67087075654666, -45.03377210619684], [168.67096583652267, -45.03374574713989], [168.67101691205315, -45.03383837918299], [168.67090013304727, -45.033870753834094], [168.67084035551738, -45.03385297149807], [168.67083341364008, -45.03386470288239], [168.67074399690193, -45.0338381045058], [168.67074058849187, -45.033843864997216], [168.67068025223577, -45.033825917326226], [168.67068907313882, -45.033811008532005], [168.67068153768935, -45.03380876622165], [168.67070689286342, -45.03376591157582]]]}, "properties": {"building_id": 4740528, "facet_count": 2, "obstruction_count": 4, "panel_count": 62, "kwp": 27.28, "ac_kwh_day_avg": 79.3, "ac_kwh_year": 28941.0, "facet_area_m2": 212.0, "avg_poa_kwh_m2": 1270.0}}, {"type": "Feature", "geometry": {"type": "Polygon", "coordinates": [[[168.67153913687892, -45.03386243385405], [168.6715855080229, -45.033867429896524], [168.67157456284644, -45.03391850623012], [168.67152819166253, -45.03391351018243], [168.67152240584318, -45.033940509918864], [168.67142380309977, -45.03392988635826], [168.6714405342654, -45.03385181031041], [168.67153913687892, -45.03386243385405]]]}, "properties": {"building_id": 4740531, "facet_count": 5, "obstruction_count": 6, "panel_count": 15, "kwp": 6.6, "ac_kwh_day_avg": 18.5, "ac_kwh_year": 6741.0, "facet_area_m2": 79.2, "avg_poa_kwh_m2": 1239.0}}, {"type": "Feature", "geometry": {"type": "Polygon", "coordinates": [[[168.67140098426995, -45.034052680659194], [168.67142323346079, -45.033959218063444], [168.67175951853238, -45.03399946584918], [168.6717311912772, -45.03411846295212], [168.6716834888733, -45.03411275381272], [168.67168956741358, -45.03408722029183], [168.67140098426995, -45.034052680659194]]]}, "properties": {"building_id": 4740532, "facet_count": 1, "obstruction_count": 7, "panel_count": 69, "kwp": 30.36, "ac_kwh_day_avg": 90.6, "ac_kwh_year": 33084.0, "facet_area_m2": 265.6, "avg_poa_kwh_m2": 1306.0}}, {"type": "Feature", "geometry": {"type": "Polygon", "coordinates": [[[168.66992073802777, -45.033819623401904], [168.66971637522977, -45.033675257198404], [168.6698014595316, -45.03361470106182], [168.670005822351, -45.03375906711367], [168.66992073802777, -45.033819623401904]]]}, "properties": {"building_id": 4740588, "facet_count": 3, "obstruction_count": 3, "panel_count": 47, "kwp": 20.68, "ac_kwh_day_avg": 61.2, "ac_kwh_year": 22355.0, "facet_area_m2": 198.6, "avg_poa_kwh_m2": 1296.0}}, {"type": "Feature", "geometry": {"type": "Polygon", "coordinates": [[[168.66899058550746, -45.0331303241429], [168.66905658489776, -45.033178817077484], [168.6690839584573, -45.03316008445042], [168.6691411406454, -45.03320209853619], [168.6690363589023, -45.033273801791346], [168.66891317734837, -45.03318329467459], [168.66899058550746, -45.0331303241429]]]}, "properties": {"building_id": 4740591, "facet_count": 4, "obstruction_count": 5, "panel_count": 26, "kwp": 11.44, "ac_kwh_day_avg": 33.2, "ac_kwh_year": 12133.0, "facet_area_m2": 120.4, "avg_poa_kwh_m2": 1262.0}}, {"type": "Feature", "geometry": {"type": "Polygon", "coordinates": [[[168.67050921413167, -45.033278825637325], [168.67054663283423, -45.03324199599291], [168.67050937289855, -45.03322296318587], [168.67054831667753, -45.033184632337026], [168.67064870893057, -45.033235915043264], [168.67057234775857, -45.033311075641215], [168.67050921413167, -45.033278825637325]]]}, "properties": {"building_id": 4740721, "facet_count": 1, "obstruction_count": 1, "panel_count": 22, "kwp": 9.68, "ac_kwh_day_avg": 28.9, "ac_kwh_year": 10548.0, "facet_area_m2": 72.4, "avg_poa_kwh_m2": 1306.0}}, {"type": "Feature", "geometry": {"type": "Polygon", "coordinates": [[[168.67184247979154, -45.03331029403757], [168.67207106915168, -45.03333566920306], [168.672054296919, -45.0334116348289], [168.67182570726632, -45.03338625962408], [168.67184247979154, -45.03331029403757]]]}, "properties": {"building_id": 4740729, "facet_count": 2, "obstruction_count": 1, "panel_count": 31, "kwp": 13.64, "ac_kwh_day_avg": 43.3, "ac_kwh_year": 15802.0, "facet_area_m2": 128.9, "avg_poa_kwh_m2": 1350.0}}, {"type": "Feature", "geometry": {"type": "Polygon", "coordinates": [[[168.66975232611657, -45.033832458379045], [168.66977809168145, -45.03385134104411], [168.66984372264812, -45.03380631590831], [168.66990715453872, -45.033852801509994], [168.66971388695262, -45.03398539238113], [168.66962468953037, -45.0339200239793], [168.66975232611657, -45.033832458379045]]]}, "properties": {"building_id": 4740904, "facet_count": 5, "obstruction_count": 2, "panel_count": 7, "kwp": 3.08, "ac_kwh_day_avg": 8.4, "ac_kwh_year": 3070.0, "facet_area_m2": 60.8, "avg_poa_kwh_m2": 1229.0}}, {"type": "Feature", "geometry": {"type": "Polygon", "coordinates": [[[168.66933382559034, -45.0336412213631], [168.66940363685418, -45.03369492428303], [168.66927769556614, -45.033777239180516], [168.66920788433166, -45.0337235361846], [168.66933382559034, -45.0336412213631]]]}, "properties": {"building_id": 4740906, "facet_count": 4, "obstruction_count": 2, "panel_count": 21, "kwp": 9.24, "ac_kwh_day_avg": 29.0, "ac_kwh_year": 10593.0, "facet_area_m2": 97.6, "avg_poa_kwh_m2": 1343.0}}, {"type": "Feature", "geometry": {"type": "Polygon", "coordinates": [[[168.6692234132783, -45.03352936676926], [168.66929159659495, -45.033483054461385], [168.6693631052792, -45.03353598667631], [168.66929492195388, -45.03358229902643], [168.6692234132783, -45.03352936676926]]]}, "properties": {"building_id": 4740908, "facet_count": 4, "obstruction_count": 0, "panel_count": 3, "kwp": 1.32, "ac_kwh_day_avg": 4.2, "ac_kwh_year": 1543.0, "facet_area_m2": 39.8, "avg_poa_kwh_m2": 1292.0}}, {"type": "Feature", "geometry": {"type": "Polygon", "coordinates": [[[168.6691628356469, -45.03351033863495], [168.6692598862045, -45.0335591343722], [168.66912636159176, -45.033692657486014], [168.66902931093105, -45.03364386163397], [168.6691628356469, -45.03351033863495]]]}, "properties": {"building_id": 4740909, "facet_count": 4, "obstruction_count": 1, "panel_count": 33, "kwp": 14.52, "ac_kwh_day_avg": 43.1, "ac_kwh_year": 15744.0, "facet_area_m2": 152.6, "avg_poa_kwh_m2": 1287.0}}, {"type": "Feature", "geometry": {"type": "Polygon", "coordinates": [[[168.66963249484985, -45.03341692085577], [168.66958706976177, -45.03344765151536], [168.66944163026812, -45.03333956126489], [168.6695387699713, -45.033273844336755], [168.669653200761, -45.03335888815715], [168.66960148611477, -45.03339387453437], [168.66963249484985, -45.03341692085577]]]}, "properties": {"building_id": 4740911, "facet_count": 9, "obstruction_count": 1, "panel_count": 15, "kwp": 6.6, "ac_kwh_day_avg": 15.7, "ac_kwh_year": 5746.0, "facet_area_m2": 108.9, "avg_poa_kwh_m2": 1180.0}}, {"type": "Feature", "geometry": {"type": "Polygon", "coordinates": [[[168.67039990358634, -45.03350978523892], [168.67041009272597, -45.0334982758724], [168.67049386940062, -45.03353556560075], [168.6704829511813, -45.033547898485935], [168.67051144461442, -45.03356058122637], [168.6704638593631, -45.03361433169909], [168.67031069177466, -45.03354615474], [168.6703590059518, -45.03349158111364], [168.67039990358634, -45.03350978523892]]]}, "properties": {"building_id": 4740914, "facet_count": 3, "obstruction_count": 5, "panel_count": 22, "kwp": 9.68, "ac_kwh_day_avg": 31.2, "ac_kwh_year": 11392.0, "facet_area_m2": 106.4, "avg_poa_kwh_m2": 1359.0}}, {"type": "Feature", "geometry": {"type": "Polygon", "coordinates": [[[168.66990305399793, -45.033356523231085], [168.66993397599052, -45.03337881156774], [168.66985357056242, -45.03343489804119], [168.66978247844077, -45.03338365554308], [168.66986288363728, -45.03332756898866], [168.66990305399793, -45.033356523231085]]]}, "properties": {"building_id": 4740916, "facet_count": 2, "obstruction_count": 2, "panel_count": 15, "kwp": 6.6, "ac_kwh_day_avg": 18.2, "ac_kwh_year": 6639.0, "facet_area_m2": 60.9, "avg_poa_kwh_m2": 1242.0}}, {"type": "Feature", "geometry": {"type": "Polygon", "coordinates": [[[168.66980266854443, -45.03307500937105], [168.66994351663848, -45.03318183371894], [168.66985827287343, -45.033238344754395], [168.66971742354937, -45.03313152025451], [168.66980266854443, -45.03307500937105]]]}, "properties": {"building_id": 4740918, "facet_count": 4, "obstruction_count": 3, "panel_count": 34, "kwp": 14.96, "ac_kwh_day_avg": 37.2, "ac_kwh_year": 13579.0, "facet_area_m2": 131.5, "avg_poa_kwh_m2": 1143.0}}, {"type": "Feature", "geometry": {"type": "Polygon", "coordinates": [[[168.67001699853884, -45.03319039705044], [168.66993075654392, -45.03309938131739], [168.66997761998658, -45.03307049293463], [168.6700136314039, -45.03309986398031], [168.67002929828905, -45.03309020594115], [168.6701171996189, -45.033161898141174], [168.67013104891302, -45.03315336109738], [168.67018312662526, -45.03319583520225], [168.67011891570334, -45.03323541971807], [168.67004976770374, -45.03320487309072], [168.67006161663144, -45.03319579247863], [168.67003592686098, -45.03317758347963], [168.67001699853884, -45.03319039705044]]]}, "properties": {"building_id": 4740919, "facet_count": 6, "obstruction_count": 1, "panel_count": 15, "kwp": 6.6, "ac_kwh_day_avg": 19.6, "ac_kwh_year": 7136.0, "facet_area_m2": 95.5, "avg_poa_kwh_m2": 1277.0}}, {"type": "Feature", "geometry": {"type": "Polygon", "coordinates": [[[168.67046250718323, -45.03276812388264], [168.67053165124887, -45.032842507838424], [168.6704568903769, -45.03287744924738], [168.67038774637302, -45.032803065248594], [168.67046250718323, -45.03276812388264]]]}, "properties": {"building_id": 4740923, "facet_count": 1, "obstruction_count": 0, "panel_count": 19, "kwp": 8.36, "ac_kwh_day_avg": 25.9, "ac_kwh_year": 9464.0, "facet_area_m2": 61.7, "avg_poa_kwh_m2": 1357.0}}, {"type": "Feature", "geometry": {"type": "Polygon", "coordinates": [[[168.67065598818164, -45.03276645534491], [168.67061668465143, -45.03276405968111], [168.67057949684587, -45.03278723323745], [168.6705141407298, -45.032734498719385], [168.67054485791533, -45.03271535712328], [168.6704859071362, -45.03266779171148], [168.6705195245451, -45.03264684287387], [168.67052382978258, -45.032630469905875], [168.67058176021368, -45.03259437070506], [168.67062110146514, -45.03262611310351], [168.6706024356626, -45.03263774486328], [168.67063936707652, -45.032667542236425], [168.67060730841567, -45.032687519594724], [168.67062654710963, -45.032703042215985], [168.6706640015696, -45.03270509309007], [168.67070342074766, -45.03273689783194], [168.67065598818164, -45.03276645534491]]]}, "properties": {"building_id": 4740924, "facet_count": 5, "obstruction_count": 2, "panel_count": 22, "kwp": 9.68, "ac_kwh_day_avg": 29.9, "ac_kwh_year": 10905.0, "facet_area_m2": 132.5, "avg_poa_kwh_m2": 1335.0}}, {"type": "Feature", "geometry": {"type": "Polygon", "coordinates": [[[168.67104774342823, -45.03271168906196], [168.67105944054, -45.03272062524393], [168.6709716153956, -45.03277842649714], [168.67095991828648, -45.03276949030628], [168.6709207150566, -45.03279529146176], [168.6708194799777, -45.03271795112214], [168.6709465083165, -45.03263434883349], [168.67104774342823, -45.03271168906196]]]}, "properties": {"building_id": 4740925, "facet_count": 3, "obstruction_count": 4, "panel_count": 18, "kwp": 7.92, "ac_kwh_day_avg": 25.1, "ac_kwh_year": 9179.0, "facet_area_m2": 91.8, "avg_poa_kwh_m2": 1344.0}}, {"type": "Feature", "geometry": {"type": "Polygon", "coordinates": [[[168.67099574790657, -45.03284661273904], [168.67097831463025, -45.03285714178764], [168.67093351142015, -45.03281984342193], [168.67095094469278, -45.032809314380046], [168.6709860362759, -45.032788120361694], [168.6710543765469, -45.03284501309854], [168.67101928495254, -45.03286620713752], [168.67099574790657, -45.03284661273904]]]}, "properties": {"building_id": 4740926, "facet_count": 2, "obstruction_count": 0, "panel_count": 8, "kwp": 3.52, "ac_kwh_day_avg": 8.5, "ac_kwh_year": 3085.0, "facet_area_m2": 37.1, "avg_poa_kwh_m2": 1101.0}}, {"type": "Feature", "geometry": {"type": "Polygon", "coordinates": [[[168.6709409360543, -45.03290801520922], [168.67090210611872, -45.03292935659589], [168.67091823338825, -45.03294411006695], [168.67086052278216, -45.03297582844048], [168.6707726642455, -45.03289545392365], [168.67086920473162, -45.03284239423066], [168.6709409360543, -45.03290801520922]]]}, "properties": {"building_id": 4740927, "facet_count": 1, "obstruction_count": 3, "panel_count": 28, "kwp": 12.32, "ac_kwh_day_avg": 33.3, "ac_kwh_year": 12172.0, "facet_area_m2": 91.8, "avg_poa_kwh_m2": 1184.0}}, {"type": "Feature", "geometry": {"type": "Polygon", "coordinates": [[[168.67089141252308, -45.033103703969815], [168.67084148615982, -45.03313711328131], [168.67079256393296, -45.03310035490141], [168.67084249028954, -45.03306694561107], [168.67089141252308, -45.033103703969815]]]}, "properties": {"building_id": 4740929, "facet_count": 2, "obstruction_count": 1, "panel_count": 4, "kwp": 1.76, "ac_kwh_day_avg": 5.3, "ac_kwh_year": 1918.0, "facet_area_m2": 24.8, "avg_poa_kwh_m2": 1185.0}}, {"type": "Feature", "geometry": {"type": "Polygon", "coordinates": [[[168.67113782503446, -45.03332629584957], [168.67115583530418, -45.03330541610399], [168.67122735378643, -45.03333643253169], [168.6711522252464, -45.03342353290938], [168.67111102657853, -45.0334717784672], [168.6710096749996, -45.03346886902461], [168.67101393036097, -45.033394338822454], [168.67099776746832, -45.033393874835824], [168.67099955427352, -45.03336258003458], [168.67097816875446, -45.03336196611934], [168.67098046331046, -45.03332177855611], [168.67113782503446, -45.03332629584957]]]}, "properties": {"building_id": 4740930, "facet_count": 1, "obstruction_count": 5, "panel_count": 63, "kwp": 27.72, "ac_kwh_day_avg": 82.8, "ac_kwh_year": 30207.0, "facet_area_m2": 199.4, "avg_poa_kwh_m2": 1306.0}}, {"type": "Feature", "geometry": {"type": "Polygon", "coordinates": [[[168.67153815561682, -45.03349254871126], [168.6715071169009, -45.03361434771393], [168.67146357174258, -45.03360876843883], [168.67146116642215, -45.0336182092106], [168.67137384475393, -45.033607021118755], [168.67140324383553, -45.03349165565882], [168.67146868464388, -45.03350004052577], [168.6714727299268, -45.03348416535863], [168.67153815561682, -45.03349254871126]]]}, "properties": {"building_id": 4740935, "facet_count": 2, "obstruction_count": 2, "panel_count": 42, "kwp": 18.48, "ac_kwh_day_avg": 55.6, "ac_kwh_year": 20307.0, "facet_area_m2": 131.7, "avg_poa_kwh_m2": 1295.0}}, {"type": "Feature", "geometry": {"type": "Polygon", "coordinates": [[[168.67144758408386, -45.03300995118213], [168.6713906442547, -45.03299146441791], [168.67142761291393, -45.03293421419178], [168.6714845526997, -45.03295270093682], [168.6714998909754, -45.032928947776185], [168.6716486748883, -45.032977253529005], [168.67159636815725, -45.033058257005905], [168.67144758408386, -45.03300995118213]]]}, "properties": {"building_id": 4740938, "facet_count": 11, "obstruction_count": 1, "panel_count": 10, "kwp": 4.4, "ac_kwh_day_avg": 10.8, "ac_kwh_year": 3960.0, "facet_area_m2": 95.4, "avg_poa_kwh_m2": 1188.0}}, {"type": "Feature", "geometry": {"type": "Polygon", "coordinates": [[[168.67199883518958, -45.03316115805321], [168.67197888999087, -45.033255599434966], [168.67173512271654, -45.03322971531159], [168.67175506703597, -45.033135273938996], [168.67199883518958, -45.03316115805321]]]}, "properties": {"building_id": 4740940, "facet_count": 2, "obstruction_count": 7, "panel_count": 59, "kwp": 25.96, "ac_kwh_day_avg": 75.7, "ac_kwh_year": 27643.0, "facet_area_m2": 196.2, "avg_poa_kwh_m2": 1296.0}}, {"type": "Feature", "geometry": {"type": "Polygon", "coordinates": [[[168.67180949036947, -45.03306426481197], [168.67182505340432, -45.03299169371461], [168.6719239436851, -45.03300235660959], [168.67192906979898, -45.0329784540624], [168.67196924924303, -45.03298278643091], [168.6719719079059, -45.0329703927423], [168.67203440027762, -45.032977131411265], [168.6720001277718, -45.033136947014675], [168.6719349504444, -45.033129919141864], [168.67194201888677, -45.03309695611665], [168.67183938213196, -45.03308588902854], [168.67184323877015, -45.033067903841406], [168.67180949036947, -45.03306426481197]]]}, "properties": {"building_id": 4740941, "facet_count": 4, "obstruction_count": 5, "panel_count": 56, "kwp": 24.64, "ac_kwh_day_avg": 69.1, "ac_kwh_year": 25225.0, "facet_area_m2": 193.1, "avg_poa_kwh_m2": 1237.0}}, {"type": "Feature", "geometry": {"type": "Polygon", "coordinates": [[[168.6716016028819, -45.032793600249796], [168.6716877820253, -45.0328305253216], [168.6716801777277, -45.032839450018855], [168.671722308153, -45.032857501634254], [168.67166355144022, -45.03292645127573], [168.67149138227452, -45.03285268382786], [168.67155165181194, -45.032781959834566], [168.67159550868269, -45.03280075129689], [168.6716016028819, -45.032793600249796]]]}, "properties": {"building_id": 4740943, "facet_count": 2, "obstruction_count": 4, "panel_count": 41, "kwp": 18.04, "ac_kwh_day_avg": 53.6, "ac_kwh_year": 19574.0, "facet_area_m2": 140.3, "avg_poa_kwh_m2": 1294.0}}, {"type": "Feature", "geometry": {"type": "Polygon", "coordinates": [[[168.67083860244833, -45.031944968718726], [168.67076375517706, -45.031994467622454], [168.67052125909882, -45.03193290963303], [168.67047731489683, -45.03178566453585], [168.67058389798757, -45.0318127206846], [168.67060572507046, -45.031885852954524], [168.67083860244833, -45.031944968718726]]]}, "properties": {"building_id": 4750921, "facet_count": 2, "obstruction_count": 8, "panel_count": 61, "kwp": 26.84, "ac_kwh_day_avg": 72.9, "ac_kwh_year": 26602.0, "facet_area_m2": 217.5, "avg_poa_kwh_m2": 1199.0}}, {"type": "Feature", "geometry": {"type": "Polygon", "coordinates": [[[168.67196248740902, -45.0322408630966], [168.67210517954322, -45.03224431982695], [168.67210253076064, -45.03229926860134], [168.67213656767726, -45.03230009511769], [168.6721327074738, -45.03237985257357], [168.6721320007394, -45.0323891217081], [168.67190626235453, -45.032380425244675], [168.67191045676375, -45.03232569144936], [168.6719564884044, -45.032327464859996], [168.67195840567175, -45.032302430613086], [168.67196248740902, -45.0322408630966]]]}, "properties": {"building_id": 4751024, "facet_count": 3, "obstruction_count": 7, "panel_count": 49, "kwp": 21.56, "ac_kwh_day_avg": 48.6, "ac_kwh_year": 17744.0, "facet_area_m2": 181.0, "avg_poa_kwh_m2": 1034.0}}, {"type": "Feature", "geometry": {"type": "Polygon", "coordinates": [[[168.6702163418043, -45.03208267889958], [168.67033210525648, -45.03217545758531], [168.67026837862863, -45.03221543776315], [168.67029211686673, -45.032234463854785], [168.67022839681232, -45.032274439758744], [168.6701364494605, -45.03220074766198], [168.6702068754161, -45.032156565188245], [168.670159321134, -45.032118452396496], [168.6702163418043, -45.03208267889958]]]}, "properties": {"building_id": 4751035, "facet_count": 2, "obstruction_count": 6, "panel_count": 31, "kwp": 13.64, "ac_kwh_day_avg": 40.7, "ac_kwh_year": 14864.0, "facet_area_m2": 138.1, "avg_poa_kwh_m2": 1309.0}}, {"type": "Feature", "geometry": {"type": "Polygon", "coordinates": [[[168.66953693952297, -45.03170647398563], [168.66957975643993, -45.0316803198446], [168.669596476807, -45.0316940825193], [168.66960290110828, -45.03169015869765], [168.6696660906528, -45.03174217230356], [168.66953403013144, -45.031822841733586], [168.66944502150622, -45.03174957578386], [168.66952784068525, -45.03169898531021], [168.66953693952297, -45.03170647398563]]]}, "properties": {"building_id": 4751061, "facet_count": 3, "obstruction_count": 3, "panel_count": 20, "kwp": 8.8, "ac_kwh_day_avg": 27.2, "ac_kwh_year": 9925.0, "facet_area_m2": 96.4, "avg_poa_kwh_m2": 1302.0}}, {"type": "Feature", "geometry": {"type": "Polygon", "coordinates": [[[168.6696222650761, -45.03243134014434], [168.6696620587107, -45.03246365637877], [168.6697179414635, -45.032429056961064], [168.66976329344362, -45.03246588812223], [168.66975663713424, -45.03247000838242], [168.66980632635193, -45.03251036109897], [168.66974713934516, -45.03254700629446], [168.6697829870321, -45.0325761191415], [168.66968620412592, -45.03263604181103], [168.66963371950678, -45.03259341969023], [168.6696489501201, -45.032583989981084], [168.6696078144321, -45.032550583038855], [168.66961437760594, -45.03254651956195], [168.66959206758986, -45.032528401867225], [168.6695768609898, -45.03253781627762], [168.66952210749233, -45.032493351639744], [168.6696222650761, -45.03243134014434]]]}, "properties": {"building_id": 4751067, "facet_count": 1, "obstruction_count": 3, "panel_count": 13, "kwp": 5.72, "ac_kwh_day_avg": 17.1, "ac_kwh_year": 6233.0, "facet_area_m2": 117.1, "avg_poa_kwh_m2": 1306.0}}, {"type": "Feature", "geometry": {"type": "Polygon", "coordinates": [[[168.66913651968312, -45.03249307565976], [168.66904952315662, -45.03244100610652], [168.66917212402012, -45.03233801140393], [168.66928829469802, -45.0324075421165], [168.6692105358663, -45.032472865439175], [168.66918136167746, -45.03245540416502], [168.66913651968312, -45.03249307565976]]]}, "properties": {"building_id": 4751082, "facet_count": 2, "obstruction_count": 0, "panel_count": 33, "kwp": 14.52, "ac_kwh_day_avg": 43.2, "ac_kwh_year": 15764.0, "facet_area_m2": 133.6, "avg_poa_kwh_m2": 1299.0}}, {"type": "Feature", "geometry": {"type": "Polygon", "coordinates": [[[168.66919387481425, -45.03200375740008], [168.6692461819067, -45.03196506602726], [168.66925565434104, -45.03197194508747], [168.6692719102109, -45.03196068918732], [168.66927569027922, -45.03196343435101], [168.6693733205995, -45.031895831395865], [168.66944094588874, -45.03194493679879], [168.66927300995377, -45.03206122187109], [168.66919387481425, -45.03200375740008]]]}, "properties": {"building_id": 4751207, "facet_count": 8, "obstruction_count": 2, "panel_count": 8, "kwp": 3.52, "ac_kwh_day_avg": 10.7, "ac_kwh_year": 3916.0, "facet_area_m2": 77.0, "avg_poa_kwh_m2": 1343.0}}, {"type": "Feature", "geometry": {"type": "Polygon", "coordinates": [[[168.66911715066, -45.03194392335744], [168.66906088775227, -45.03197980851287], [168.66905418930708, -45.03197494443433], [168.66906130121404, -45.03197001965197], [168.66898927505306, -45.03191771764821], [168.66906327964125, -45.031868034887914], [168.6690827047579, -45.0318821398542], [168.66918432309868, -45.03181177556858], [168.66924469006642, -45.03185561016599], [168.66911715066, -45.03194392335744]]]}, "properties": {"building_id": 4751209, "facet_count": 14, "obstruction_count": 1, "panel_count": 2, "kwp": 0.88, "ac_kwh_day_avg": 2.6, "ac_kwh_year": 945.0, "facet_area_m2": 76.7, "avg_poa_kwh_m2": 1316.0}}, {"type": "Feature", "geometry": {"type": "Polygon", "coordinates": [[[168.66982671665076, -45.03198478384326], [168.6698561847408, -45.03196651227555], [168.6698495697627, -45.03196114700981], [168.6698778803574, -45.031943593926854], [168.66989539050016, -45.03195779344457], [168.66990710848154, -45.03195052755005], [168.6699299237875, -45.0319690298552], [168.66994085851312, -45.03196225091279], [168.669978149229, -45.03199249154195], [168.66992357378348, -45.03202632967823], [168.66991125755456, -45.0320163423135], [168.66987651126058, -45.03203788542313], [168.66986120931222, -45.03202547654645], [168.6698252883139, -45.0320477473793], [168.6697722783522, -45.03200475789064], [168.6698170871312, -45.031976975268506], [168.66982671665076, -45.03198478384326]]]}, "properties": {"building_id": 4751215, "facet_count": 2, "obstruction_count": 1, "panel_count": 4, "kwp": 1.76, "ac_kwh_day_avg": 5.3, "ac_kwh_year": 1944.0, "facet_area_m2": 27.0, "avg_poa_kwh_m2": 1215.0}}, {"type": "Feature", "geometry": {"type": "Polygon", "coordinates": [[[168.66974894337164, -45.03220469930204], [168.66977890117977, -45.03222849152834], [168.66969338732244, -45.03228263008526], [168.66964397633978, -45.03224338702039], [168.66963235015254, -45.032250747294], [168.66957699894417, -45.03220678658595], [168.6696748776085, -45.0321448198945], [168.6697145793146, -45.032176351254115], [168.66972617746862, -45.03216900881111], [168.66976128152072, -45.032196888061904], [168.66974894337164, -45.03220469930204]]]}, "properties": {"building_id": 4751232, "facet_count": 3, "obstruction_count": 5, "panel_count": 20, "kwp": 8.8, "ac_kwh_day_avg": 26.8, "ac_kwh_year": 9765.0, "facet_area_m2": 110.5, "avg_poa_kwh_m2": 1296.0}}, {"type": "Feature", "geometry": {"type": "Polygon", "coordinates": [[[168.67070802733906, -45.032065668860106], [168.67081075595587, -45.03216608250911], [168.67069460793502, -45.032225828685924], [168.67059187943045, -45.032125414936544], [168.67070802733906, -45.032065668860106]]]}, "properties": {"building_id": 4751245, "facet_count": 3, "obstruction_count": 3, "panel_count": 16, "kwp": 7.04, "ac_kwh_day_avg": 21.1, "ac_kwh_year": 7716.0, "facet_area_m2": 119.8, "avg_poa_kwh_m2": 1307.0}}, {"type": "Feature", "geometry": {"type": "Polygon", "coordinates": [[[168.67121556187715, -45.032393105004715], [168.6712917125804, -45.032412327188425], [168.671279693842, -45.03243626682388], [168.67133456579393, -45.032450117854104], [168.67128797740367, -45.032542918122125], [168.67121629757332, -45.03252482442226], [168.6712253456318, -45.0325068023528], [168.6711660038167, -45.03249182372048], [168.67121556187715, -45.032393105004715]]]}, "properties": {"building_id": 4751260, "facet_count": 5, "obstruction_count": 1, "panel_count": 14, "kwp": 6.16, "ac_kwh_day_avg": 18.6, "ac_kwh_year": 6772.0, "facet_area_m2": 86.5, "avg_poa_kwh_m2": 1295.0}}, {"type": "Feature", "geometry": {"type": "Polygon", "coordinates": [[[168.65872620840548, -45.02499080093519], [168.6587628407292, -45.02502289618674], [168.65902075648734, -45.024874839682674], [168.65907722053535, -45.0249243093983], [168.6587565692511, -45.02510837886887], [168.65866347168034, -45.0250268145773], [168.65872620840548, -45.02499080093519]]]}, "properties": {"building_id": 5370921, "facet_count": 12, "obstruction_count": 1, "panel_count": 9, "kwp": 3.96, "ac_kwh_day_avg": 12.1, "ac_kwh_year": 4431.0, "facet_area_m2": 120.7, "avg_poa_kwh_m2": 1299.0}}, {"type": "Feature", "geometry": {"type": "Polygon", "coordinates": [[[168.65870820836784, -45.024748146003255], [168.65864271664358, -45.0246876218069], [168.65884524457638, -45.0245774048184], [168.6589107351405, -45.02463792885424], [168.65870820836784, -45.024748146003255]]]}, "properties": {"building_id": 5370929, "facet_count": 2, "obstruction_count": 0, "panel_count": 43, "kwp": 18.92, "ac_kwh_day_avg": 51.5, "ac_kwh_year": 18813.0, "facet_area_m2": 159.9, "avg_poa_kwh_m2": 1219.0}}, {"type": "Feature", "geometry": {"type": "Polygon", "coordinates": [[[168.65656747886413, -45.02589136123317], [168.6564958462774, -45.02589011969542], [168.6564992393516, -45.025791609728614], [168.65657087181555, -45.025792851259574], [168.65656747886413, -45.02589136123317]]]}, "properties": {"building_id": 5370958, "facet_count": 1, "obstruction_count": 2, "panel_count": 16, "kwp": 7.04, "ac_kwh_day_avg": 20.6, "ac_kwh_year": 7518.0, "facet_area_m2": 50.5, "avg_poa_kwh_m2": 1280.0}}, {"type": "Feature", "geometry": {"type": "Polygon", "coordinates": [[[168.65676675818153, -45.0262714217771], [168.6566878736872, -45.02625092352876], [168.65670349522526, -45.0262206908446], [168.65678237968515, -45.02624118908085], [168.65676675818153, -45.0262714217771]]]}, "properties": {"building_id": 5371090, "facet_count": 1, "obstruction_count": 0, "panel_count": 4, "kwp": 1.76, "ac_kwh_day_avg": 4.6, "ac_kwh_year": 1663.0, "facet_area_m2": 19.2, "avg_poa_kwh_m2": 1133.0}}, {"type": "Feature", "geometry": {"type": "Polygon", "coordinates": [[[168.6565463530048, -45.02602213616497], [168.65650777949025, -45.02595664611704], [168.65662992738658, -45.02592046381162], [168.65666559654522, -45.02598102259645], [168.6565775544609, -45.026007102215836], [168.65658045888648, -45.02601203329588], [168.6565463530048, -45.02602213616497]]]}, "properties": {"building_id": 5371093, "facet_count": 2, "obstruction_count": 3, "panel_count": 14, "kwp": 6.16, "ac_kwh_day_avg": 16.6, "ac_kwh_year": 6074.0, "facet_area_m2": 70.9, "avg_poa_kwh_m2": 1225.0}}, {"type": "Feature", "geometry": {"type": "Polygon", "coordinates": [[[168.6565448603443, -45.02605811733798], [168.65653351895895, -45.02609423269949], [168.65648378670886, -45.02608637846404], [168.6564951279135, -45.0260502631997], [168.6565448603443, -45.02605811733798]]]}, "properties": {"building_id": 5373521, "facet_count": 1, "obstruction_count": 0, "panel_count": 1, "kwp": 0.44, "ac_kwh_day_avg": 1.2, "ac_kwh_year": 454.0, "facet_area_m2": 9.3, "avg_poa_kwh_m2": 1237.0}}, {"type": "Feature", "geometry": {"type": "Polygon", "coordinates": [[[168.65654756789704, -45.024900434495166], [168.6565077822594, -45.024853650589186], [168.6565017215184, -45.02485624264102], [168.65647588124338, -45.024825855969816], [168.65660988133914, -45.02476854461228], [168.65660198980856, -45.024759263611514], [168.6567372358896, -45.02470141895798], [168.65676416024723, -45.02473307923735], [168.65675601231544, -45.024736564880705], [168.65679509293867, -45.02478251976754], [168.65666861516456, -45.0248366135307], [168.6566761291396, -45.0248454498495], [168.65654756789704, -45.024900434495166]]]}, "properties": {"building_id": 4733130, "facet_count": 4, "obstruction_count": 1, "panel_count": 11, "kwp": 4.84, "ac_kwh_day_avg": 14.9, "ac_kwh_year": 5446.0, "facet_area_m2": 137.4, "avg_poa_kwh_m2": 1275.0}}, {"type": "Feature", "geometry": {"type": "Polygon", "coordinates": [[[168.6586122755884, -45.025790801608174], [168.6585851960539, -45.02584372044757], [168.65861214112417, -45.02585065554583], [168.65857753467705, -45.02591828488006], [168.65845885203342, -45.02588774186325], [168.6586545487132, -45.025505305818314], [168.65877327431937, -45.0255358592697], [168.65863926425814, -45.025797747362475], [168.6586122755884, -45.025790801608174]]]}, "properties": {"building_id": 4734784, "facet_count": 5, "obstruction_count": 6, "panel_count": 109, "kwp": 47.96, "ac_kwh_day_avg": 140.7, "ac_kwh_year": 51355.0, "facet_area_m2": 400.2, "avg_poa_kwh_m2": 1281.0}}, {"type": "Feature", "geometry": {"type": "Polygon", "coordinates": [[[168.65853296737822, -45.02558456932524], [168.6583664744809, -45.025917905779245], [168.65825247121546, -45.02588926824355], [168.65841896593363, -45.02555593202524], [168.65853296737822, -45.02558456932524]]]}, "properties": {"building_id": 4734792, "facet_count": 1, "obstruction_count": 7, "panel_count": 97, "kwp": 42.68, "ac_kwh_day_avg": 119.9, "ac_kwh_year": 43750.0, "facet_area_m2": 337.2, "avg_poa_kwh_m2": 1229.0}}, {"type": "Feature", "geometry": {"type": "Polygon", "coordinates": [[[168.6572127918259, -45.025332358052474], [168.6571871083968, -45.025301401398096], [168.65725828250424, -45.025271704392125], [168.65728396596094, -45.025302661031525], [168.6572127918259, -45.025332358052474]]]}, "properties": {"building_id": 4734797, "facet_count": 1, "obstruction_count": 0, "panel_count": 0, "kwp": 0, "ac_kwh_day_avg": 0, "ac_kwh_year": 0, "facet_area_m2": 4.8, "avg_poa_kwh_m2": 1008.0}}, {"type": "Feature", "geometry": {"type": "Polygon", "coordinates": [[[168.65854519245923, -45.02637624916046], [168.65860081248508, -45.026261486842365], [168.65870262185535, -45.0262863019041], [168.65864700326765, -45.026401064326585], [168.65854519245923, -45.02637624916046]]]}, "properties": {"building_id": 4734869, "facet_count": 4, "obstruction_count": 8, "panel_count": 19, "kwp": 8.36, "ac_kwh_day_avg": 23.2, "ac_kwh_year": 8477.0, "facet_area_m2": 103.9, "avg_poa_kwh_m2": 1224.0}}, {"type": "Feature", "geometry": {"type": "Polygon", "coordinates": [[[168.65771758565484, -45.026005579800604], [168.65785262395045, -45.026040703254466], [168.6578122192512, -45.02611882769589], [168.65774328181277, -45.0261008971441], [168.65773091239907, -45.02612481408072], [168.65766481183246, -45.02610762152436], [168.65771758565484, -45.026005579800604]]]}, "properties": {"building_id": 4734882, "facet_count": 3, "obstruction_count": 0, "panel_count": 7, "kwp": 3.08, "ac_kwh_day_avg": 8.1, "ac_kwh_year": 2939.0, "facet_area_m2": 55.1, "avg_poa_kwh_m2": 1226.0}}, {"type": "Feature", "geometry": {"type": "Polygon", "coordinates": [[[168.6567794556464, -45.02596605961093], [168.65679198248657, -45.0259313682796], [168.65691936989845, -45.02595450216621], [168.6569000014701, -45.02600814019771], [168.65681749561787, -45.025993156354474], [168.6568218857252, -45.02598100092202], [168.65679838018374, -45.02598576840101], [168.6567794556464, -45.02596605961093]]]}, "properties": {"building_id": 4734888, "facet_count": 2, "obstruction_count": 0, "panel_count": 9, "kwp": 3.96, "ac_kwh_day_avg": 11.7, "ac_kwh_year": 4255.0, "facet_area_m2": 38.0, "avg_poa_kwh_m2": 1276.0}}, {"type": "Feature", "geometry": {"type": "Polygon", "coordinates": [[[168.65859491328558, -45.025460768776156], [168.6585363256537, -45.025577233754255], [168.65842308297434, -45.02554858394888], [168.65848166953273, -45.02543211898805], [168.65859491328558, -45.025460768776156]]]}, "properties": {"building_id": 4734894, "facet_count": 1, "obstruction_count": 1, "panel_count": 41, "kwp": 18.04, "ac_kwh_day_avg": 50.2, "ac_kwh_year": 18340.0, "facet_area_m2": 120.7, "avg_poa_kwh_m2": 1219.0}}, {"type": "Feature", "geometry": {"type": "Polygon", "coordinates": [[[168.65824019041554, -45.02576296105789], [168.65819744882242, -45.02575254897119], [168.65816125488874, -45.02582727242447], [168.65805859048288, -45.02580226317269], [168.65813053298783, -45.02565373735347], [168.65827593878316, -45.02568915770589], [168.65824019041554, -45.02576296105789]]]}, "properties": {"building_id": 4734895, "facet_count": 8, "obstruction_count": 2, "panel_count": 8, "kwp": 3.52, "ac_kwh_day_avg": 9.7, "ac_kwh_year": 3550.0, "facet_area_m2": 91.3, "avg_poa_kwh_m2": 1216.0}}, {"type": "Feature", "geometry": {"type": "Polygon", "coordinates": [[[168.65818289873087, -45.02556902115643], [168.65820034817375, -45.02553485294346], [168.65830031140123, -45.02556052704399], [168.65828286200787, -45.02559469527415], [168.65818289873087, -45.02556902115643]]]}, "properties": {"building_id": 4734898, "facet_count": 1, "obstruction_count": 1, "panel_count": 5, "kwp": 2.2, "ac_kwh_day_avg": 6.9, "ac_kwh_year": 2536.0, "facet_area_m2": 29.6, "avg_poa_kwh_m2": 1382.0}}, {"type": "Feature", "geometry": {"type": "Polygon", "coordinates": [[[168.6572774293697, -45.02556370126428], [168.6572378059001, -45.02557883889017], [168.65725055331222, -45.025595621595876], [168.65720911682362, -45.02561145079916], [168.65721877431596, -45.02562416575028], [168.6571835024931, -45.02563763996295], [168.65718991774946, -45.02564608601324], [168.6570831268804, -45.02568688281559], [168.65702306262682, -45.025607807208864], [168.6572263157942, -45.02553016082874], [168.6572161318803, -45.025516754280055], [168.65737983839253, -45.02545421394868], [168.65743683395763, -45.02552924762986], [168.6572929978451, -45.025584196705516], [168.6572774293697, -45.02556370126428]]]}, "properties": {"building_id": 4734901, "facet_count": 6, "obstruction_count": 2, "panel_count": 34, "kwp": 14.96, "ac_kwh_day_avg": 40.0, "ac_kwh_year": 14615.0, "facet_area_m2": 198.3, "avg_poa_kwh_m2": 1226.0}}, {"type": "Feature", "geometry": {"type": "Polygon", "coordinates": [[[168.6570752325861, -45.025454016054155], [168.65702632596705, -45.02548001628932], [168.6570204817244, -45.025474488798324], [168.65695045943696, -45.02551171372354], [168.656960616154, -45.02552132315693], [168.65688511279816, -45.02556146196722], [168.6568927822226, -45.02556871715843], [168.65682925383746, -45.02560248965484], [168.65679232701868, -45.025567555961906], [168.65680459432508, -45.02556103519955], [168.656776076086, -45.02553405550336], [168.65689736201907, -45.02546957905119], [168.6568872834176, -45.025460044603676], [168.65701169322543, -45.025393905577396], [168.6570752325861, -45.025454016054155]]]}, "properties": {"building_id": 4734903, "facet_count": 2, "obstruction_count": 10, "panel_count": 32, "kwp": 14.08, "ac_kwh_day_avg": 37.5, "ac_kwh_year": 13687.0, "facet_area_m2": 139.6, "avg_poa_kwh_m2": 1191.0}}, {"type": "Feature", "geometry": {"type": "Polygon", "coordinates": [[[168.6582065752479, -45.025521299217004], [168.65822488509815, -45.02548631219305], [168.6583241252204, -45.025512432229824], [168.65830581542002, -45.025547419271604], [168.6582065752479, -45.025521299217004]]]}, "properties": {"building_id": 4735049, "facet_count": 1, "obstruction_count": 0, "panel_count": 7, "kwp": 3.08, "ac_kwh_day_avg": 8.6, "ac_kwh_year": 3131.0, "facet_area_m2": 30.0, "avg_poa_kwh_m2": 1219.0}}, {"type": "Feature", "geometry": {"type": "Polygon", "coordinates": [[[168.65700294181113, -45.02490946323685], [168.65694654627342, -45.024826473808105], [168.6570798966969, -45.024780899031015], [168.65706422013216, -45.024757829397316], [168.6572056206882, -45.02470950323693], [168.65726015264974, -45.024789750673236], [168.65712269238057, -45.024836730908554], [168.65714023291153, -45.024862541515176], [168.65700294181113, -45.02490946323685]]]}, "properties": {"building_id": 4735087, "facet_count": 11, "obstruction_count": 3, "panel_count": 14, "kwp": 6.16, "ac_kwh_day_avg": 17.9, "ac_kwh_year": 6518.0, "facet_area_m2": 160.0, "avg_poa_kwh_m2": 1292.0}}, {"type": "Feature", "geometry": {"type": "Polygon", "coordinates": [[[168.65680835721352, -45.02447921179109], [168.65686862198646, -45.02437049562278], [168.65702200262535, -45.024413257330416], [168.656961739352, -45.02452197363687], [168.65680835721352, -45.02447921179109]]]}, "properties": {"building_id": 4735092, "facet_count": 4, "obstruction_count": 6, "panel_count": 32, "kwp": 14.08, "ac_kwh_day_avg": 40.7, "ac_kwh_year": 14840.0, "facet_area_m2": 148.6, "avg_poa_kwh_m2": 1252.0}}, {"type": "Feature", "geometry": {"type": "Polygon", "coordinates": [[[168.65758069855605, -45.024630605882344], [168.65758123267366, -45.02470730985376], [168.65756841020345, -45.02470735518547], [168.65756892121257, -45.024780811289226], [168.6574803233234, -45.024781120529376], [168.6574797906134, -45.024704416611534], [168.6574945835442, -45.024704365340185], [168.65749407262376, -45.02463090923904], [168.65758069855605, -45.024630605882344]]]}, "properties": {"building_id": 4735097, "facet_count": 9, "obstruction_count": 1, "panel_count": 9, "kwp": 3.96, "ac_kwh_day_avg": 11.5, "ac_kwh_year": 4181.0, "facet_area_m2": 78.6, "avg_poa_kwh_m2": 1256.0}}, {"type": "Feature", "geometry": {"type": "Polygon", "coordinates": [[[168.65770374976017, -45.02431654779226], [168.65767826954146, -45.02441015564304], [168.6575374178649, -45.02439087289333], [168.65756289830045, -45.02429726508226], [168.65770374976017, -45.02431654779226]]]}, "properties": {"building_id": 4735103, "facet_count": 2, "obstruction_count": 1, "panel_count": 23, "kwp": 10.12, "ac_kwh_day_avg": 30.3, "ac_kwh_year": 11065.0, "facet_area_m2": 78.3, "avg_poa_kwh_m2": 1308.0}}, {"type": "Feature", "geometry": {"type": "Polygon", "coordinates": [[[168.65692197058132, -45.02458513167877], [168.65696425327735, -45.02460431802221], [168.65691650941196, -45.024657235899475], [168.65687422669555, -45.02463804953755], [168.65692197058132, -45.02458513167877]]]}, "properties": {"building_id": 4735126, "facet_count": 1, "obstruction_count": 0, "panel_count": 3, "kwp": 1.32, "ac_kwh_day_avg": 3.8, "ac_kwh_year": 1388.0, "facet_area_m2": 21.2, "avg_poa_kwh_m2": 1260.0}}, {"type": "Feature", "geometry": {"type": "Polygon", "coordinates": [[[168.65785110687696, -45.02514760703844], [168.65788965146615, -45.025054969415116], [168.65795334181877, -45.0250682968563], [168.6579595803444, -45.025053301474074], [168.6580143239888, -45.02506475685585], [168.65797674456488, -45.025155078188874], [168.65793429260594, -45.02514619475641], [168.6579270890172, -45.0251635073733], [168.65785110687696, -45.02514760703844]]]}, "properties": {"building_id": 4735164, "facet_count": 3, "obstruction_count": 3, "panel_count": 20, "kwp": 8.8, "ac_kwh_day_avg": 24.3, "ac_kwh_year": 8862.0, "facet_area_m2": 88.2, "avg_poa_kwh_m2": 1240.0}}, {"type": "Feature", "geometry": {"type": "Polygon", "coordinates": [[[168.65842620433372, -45.025190220011986], [168.6585302016725, -45.025219657326495], [168.65857675168013, -45.02513695011125], [168.65869324441675, -45.02516992473433], [168.65858026937067, -45.025370651093596], [168.65846818051327, -45.025338922517626], [168.6585046677175, -45.02527409422452], [168.65839626743428, -45.025243409857076], [168.65842620433372, -45.025190220011986]]]}, "properties": {"building_id": 4735395, "facet_count": 3, "obstruction_count": 6, "panel_count": 76, "kwp": 33.44, "ac_kwh_day_avg": 97.9, "ac_kwh_year": 35740.0, "facet_area_m2": 274.0, "avg_poa_kwh_m2": 1275.0}}, {"type": "Feature", "geometry": {"type": "Polygon", "coordinates": [[[168.65851109022177, -45.02505737674797], [168.6584981819475, -45.02505974410849], [168.65850769505536, -45.02508583298147], [168.65836220508746, -45.02511251745594], [168.65833307477718, -45.02503263765143], [168.65831364152834, -45.025036202166625], [168.65829449237512, -45.02498368933458], [168.65826188052517, -45.024989671193], [168.658234410051, -45.02491434203429], [168.65836442590106, -45.02489049535928], [168.6583745256073, -45.02491819002153], [168.658392116815, -45.02491496312157], [168.65841789745522, -45.02498565671219], [168.65844823601006, -45.02498009233032], [168.65845798381815, -45.025006819379996], [168.65849047977804, -45.02500085915682], [168.65851109022177, -45.02505737674797]]]}, "properties": {"building_id": 4735414, "facet_count": 6, "obstruction_count": 7, "panel_count": 49, "kwp": 21.56, "ac_kwh_day_avg": 66.2, "ac_kwh_year": 24169.0, "facet_area_m2": 234.5, "avg_poa_kwh_m2": 1318.0}}, {"type": "Feature", "geometry": {"type": "Polygon", "coordinates": [[[168.6699000315834, -45.035042273081224], [168.66994434224125, -45.03505975240258], [168.66992699344496, -45.03508186347149], [168.6698826827759, -45.03506438414321], [168.6699000315834, -45.035042273081224]]]}, "properties": {"building_id": 5372797, "facet_count": 1, "obstruction_count": 0, "panel_count": 1, "kwp": 0.44, "ac_kwh_day_avg": 1.4, "ac_kwh_year": 507.0, "facet_area_m2": 9.7, "avg_poa_kwh_m2": 1382.0}}, {"type": "Feature", "geometry": {"type": "Polygon", "coordinates": [[[168.6684217135772, -45.03549952145889], [168.6686236025628, -45.03549830101337], [168.66862434803306, -45.0355602470871], [168.66853901742581, -45.03556076382529], [168.66853968467794, -45.03561626877048], [168.66863365748026, -45.035615700540454], [168.6686345948539, -45.035693551255186], [168.6683859656896, -45.035695055216436], [168.66838506793263, -45.03562043048446], [168.66847464598155, -45.03561988892412], [168.66847391984498, -45.03555953692007], [168.66842243903048, -45.03555984823226], [168.6684217135772, -45.03549952145889]]]}, "properties": {"building_id": 4725590, "facet_count": 5, "obstruction_count": 4, "panel_count": 85, "kwp": 37.4, "ac_kwh_day_avg": 98.8, "ac_kwh_year": 36063.0, "facet_area_m2": 280.4, "avg_poa_kwh_m2": 1148.0}}, {"type": "Feature", "geometry": {"type": "Polygon", "coordinates": [[[168.67166074153232, -45.036326412008194], [168.67171757153628, -45.03639502575275], [168.67164010256877, -45.036427283126564], [168.67158327282223, -45.03635866903374], [168.67166074153232, -45.036326412008194]]]}, "properties": {"building_id": 4740333, "facet_count": 2, "obstruction_count": 1, "panel_count": 6, "kwp": 2.64, "ac_kwh_day_avg": 6.7, "ac_kwh_year": 2447.0, "facet_area_m2": 40.9, "avg_poa_kwh_m2": 1179.0}}, {"type": "Feature", "geometry": {"type": "Polygon", "coordinates": [[[168.67102598221595, -45.035777770122365], [168.67103637378864, -45.03577726547518], [168.67103172221044, -45.035729128516806], [168.67123753405141, -45.03571912972267], [168.67124176753097, -45.03576293798655], [168.6712539227039, -45.03576234726045], [168.67125593463865, -45.035783176636464], [168.6712362307369, -45.03578413423516], [168.67124676217907, -45.03589311144533], [168.67103292185232, -45.035903500304], [168.67102796805153, -45.03585223811234], [168.67096630015624, -45.03585523424775], [168.6709435285623, -45.0358340287468], [168.67097349922682, -45.03581023621375], [168.67099948010622, -45.03580897422992], [168.6710177537707, -45.03582599225445], [168.67103058178793, -45.03582536859272], [168.67102598221595, -45.035777770122365]]]}, "properties": {"building_id": 4740414, "facet_count": 13, "obstruction_count": 9, "panel_count": 79, "kwp": 34.76, "ac_kwh_day_avg": 93.9, "ac_kwh_year": 34280.0, "facet_area_m2": 295.2, "avg_poa_kwh_m2": 1212.0}}, {"type": "Feature", "geometry": {"type": "Polygon", "coordinates": [[[168.6707728801064, -45.035706554152924], [168.67077447036147, -45.03575551645322], [168.6708531024902, -45.035754232327996], [168.6708568538257, -45.035869710698705], [168.6708638972915, -45.03586959561943], [168.67086473487925, -45.03589536385206], [168.67073830719937, -45.03589742798022], [168.6707368480667, -45.0358525116113], [168.67072566824066, -45.035852694631885], [168.67072094989044, -45.03570740125543], [168.6707728801064, -45.035706554152924]]]}, "properties": {"building_id": 4740415, "facet_count": 1, "obstruction_count": 0, "panel_count": 57, "kwp": 25.08, "ac_kwh_day_avg": 74.9, "ac_kwh_year": 27330.0, "facet_area_m2": 162.7, "avg_poa_kwh_m2": 1306.0}}, {"type": "Feature", "geometry": {"type": "Polygon", "coordinates": [[[168.67026060533553, -45.035781972990534], [168.67028239140478, -45.03575213887001], [168.67046333832323, -45.03581856722977], [168.67041712257068, -45.035881859764636], [168.67032745124314, -45.03584894352649], [168.67031582520352, -45.03586487116544], [168.67024487715295, -45.035838843937015], [168.6702662019805, -45.0358096142404], [168.6702806962144, -45.03578911267604], [168.67026060533553, -45.035781972990534]]]}, "properties": {"building_id": 4740417, "facet_count": 3, "obstruction_count": 2, "panel_count": 17, "kwp": 7.48, "ac_kwh_day_avg": 18.6, "ac_kwh_year": 6796.0, "facet_area_m2": 100.6, "avg_poa_kwh_m2": 1099.0}}, {"type": "Feature", "geometry": {"type": "Polygon", "coordinates": [[[168.6705842060316, -45.03613962241234], [168.67052836697047, -45.036172642273485], [168.67054018607922, -45.03617700520576], [168.6705021466901, -45.03622881202543], [168.67035987512716, -45.03617629498079], [168.67040688294975, -45.03611227210843], [168.67043917330324, -45.03612419192956], [168.67051400587079, -45.03607994080137], [168.6705842060316, -45.03613962241234]]]}, "properties": {"building_id": 4740418, "facet_count": 4, "obstruction_count": 6, "panel_count": 33, "kwp": 14.52, "ac_kwh_day_avg": 41.2, "ac_kwh_year": 15027.0, "facet_area_m2": 138.4, "avg_poa_kwh_m2": 1234.0}}, {"type": "Feature", "geometry": {"type": "Polygon", "coordinates": [[[168.6703382301511, -45.03605426050098], [168.67038551605842, -45.03599045434289], [168.67045282913833, -45.036015532909175], [168.67034664633883, -45.03615881403346], [168.67022323850063, -45.03611283574646], [168.6702821355573, -45.03603336087813], [168.6703382301511, -45.03605426050098]]]}, "properties": {"building_id": 4740419, "facet_count": 1, "obstruction_count": 2, "panel_count": 35, "kwp": 15.4, "ac_kwh_day_avg": 47.8, "ac_kwh_year": 17431.0, "facet_area_m2": 134.0, "avg_poa_kwh_m2": 1357.0}}, {"type": "Feature", "geometry": {"type": "Polygon", "coordinates": [[[168.67022256845618, -45.03592977383431], [168.67028106882947, -45.03595208454538], [168.6701678055088, -45.03610139428492], [168.67003920213568, -45.03605234954207], [168.6700873391312, -45.035988894504534], [168.67015743938086, -45.03601562924441], [168.67022256845618, -45.03592977383431]]]}, "properties": {"building_id": 4740421, "facet_count": 1, "obstruction_count": 1, "panel_count": 22, "kwp": 9.68, "ac_kwh_day_avg": 30.2, "ac_kwh_year": 11041.0, "facet_area_m2": 104.9, "avg_poa_kwh_m2": 1367.0}}, {"type": "Feature", "geometry": {"type": "Polygon", "coordinates": [[[168.6700710409496, -45.0358918599366], [168.67004044551248, -45.035937178158086], [168.66996414889445, -45.03591128212047], [168.66999474437642, -45.03586596392018], [168.66989251438994, -45.035831265661756], [168.66992264241352, -45.035786639898134], [168.669951233985, -45.03579634428043], [168.66997766719695, -45.03575719119389], [168.6701276020059, -45.03580808100154], [168.67009994895514, -45.0358490410772], [168.67012576236957, -45.03585780245609], [168.67009685437841, -45.03590062132227], [168.6700710409496, -45.0358918599366]]]}, "properties": {"building_id": 4740423, "facet_count": 3, "obstruction_count": 6, "panel_count": 41, "kwp": 18.04, "ac_kwh_day_avg": 45.9, "ac_kwh_year": 16770.0, "facet_area_m2": 158.3, "avg_poa_kwh_m2": 1122.0}}, {"type": "Feature", "geometry": {"type": "Polygon", "coordinates": [[[168.6695291980355, -45.03578548269815], [168.66958004293994, -45.0358043756774], [168.66960800394463, -45.035766543415676], [168.66971166848566, -45.035805062337175], [168.6696203470363, -45.03592862247461], [168.66955119808748, -45.035902929054856], [168.66956549386848, -45.03588358786394], [168.66948013185655, -45.03585187012502], [168.6695291980355, -45.03578548269815]]]}, "properties": {"building_id": 4740425, "facet_count": 1, "obstruction_count": 6, "panel_count": 42, "kwp": 18.48, "ac_kwh_day_avg": 55.2, "ac_kwh_year": 20138.0, "facet_area_m2": 153.5, "avg_poa_kwh_m2": 1306.0}}, {"type": "Feature", "geometry": {"type": "Polygon", "coordinates": [[[168.6714697018502, -45.03551698218427], [168.67141606483938, -45.03551960297934], [168.6714089534452, -45.03544644277399], [168.67150960875372, -45.03544152415447], [168.67150115016005, -45.03535449758622], [168.67162399045586, -45.035348494887984], [168.67163910189146, -45.03550395083324], [168.67154317278622, -45.03550863854759], [168.6715456162756, -45.03553377370991], [168.67147168629535, -45.035537386523615], [168.6714697018502, -45.03551698218427]]]}, "properties": {"building_id": 4740446, "facet_count": 6, "obstruction_count": 7, "panel_count": 52, "kwp": 22.88, "ac_kwh_day_avg": 67.0, "ac_kwh_year": 24441.0, "facet_area_m2": 196.3, "avg_poa_kwh_m2": 1279.0}}, {"type": "Feature", "geometry": {"type": "Polygon", "coordinates": [[[168.6707638121827, -45.035487061282524], [168.67076345296832, -45.03553781383672], [168.670678287153, -45.03553751116686], [168.67067835495584, -45.03552789161456], [168.670604353371, -45.03552762852805], [168.67060510701154, -45.03542129163929], [168.67061855080243, -45.03542133864812], [168.670619046142, -45.03535135871131], [168.67069272760102, -45.035351621332346], [168.67069260494188, -45.03536907585277], [168.67075090713575, -45.03536928364003], [168.6707504341441, -45.035435961630085], [168.67077755514404, -45.035436058175485], [168.6707771937559, -45.035487108610134], [168.6707638121827, -45.035487061282524]]]}, "properties": {"building_id": 4740448, "facet_count": 5, "obstruction_count": 7, "panel_count": 53, "kwp": 23.32, "ac_kwh_day_avg": 67.2, "ac_kwh_year": 24521.0, "facet_area_m2": 199.7, "avg_poa_kwh_m2": 1254.0}}, {"type": "Feature", "geometry": {"type": "Polygon", "coordinates": [[[168.67011907621247, -45.03538916791262], [168.67017313821742, -45.03538343549434], [168.67018482187837, -45.03543883170856], [168.67013076013657, -45.035444564221955], [168.67011907621247, -45.03538916791262]]]}, "properties": {"building_id": 4740451, "facet_count": 2, "obstruction_count": 0, "panel_count": 2, "kwp": 0.88, "ac_kwh_day_avg": 2.5, "ac_kwh_year": 928.0, "facet_area_m2": 17.6, "avg_poa_kwh_m2": 1277.0}}, {"type": "Feature", "geometry": {"type": "Polygon", "coordinates": [[[168.6698061073698, -45.035546534486706], [168.66978563138915, -45.03556330584238], [168.66969667755745, -45.035508711227145], [168.66974060587876, -45.035472725973044], [168.66975815880068, -45.03548349921073], [168.66983619671697, -45.035419572421205], [168.6698172691038, -45.03540795570726], [168.66984872749228, -45.03538218645717], [168.66991585745362, -45.03542338708551], [168.66988369393692, -45.03544973449571], [168.66989561347444, -45.035457050331765], [168.66984886639614, -45.035495342876914], [168.66991474195927, -45.03553577300168], [168.66986070034616, -45.03558004027121], [168.6698061073698, -45.035546534486706]]]}, "properties": {"building_id": 4740454, "facet_count": 4, "obstruction_count": 3, "panel_count": 34, "kwp": 14.96, "ac_kwh_day_avg": 43.7, "ac_kwh_year": 15968.0, "facet_area_m2": 153.5, "avg_poa_kwh_m2": 1274.0}}, {"type": "Feature", "geometry": {"type": "Polygon", "coordinates": [[[168.66937832189853, -45.0353963365679], [168.66951766197064, -45.03545995623998], [168.669426627653, -45.035560196917174], [168.6692872874548, -45.035496577129095], [168.66937832189853, -45.0353963365679]]]}, "properties": {"building_id": 4740455, "facet_count": 2, "obstruction_count": 7, "panel_count": 41, "kwp": 18.04, "ac_kwh_day_avg": 52.8, "ac_kwh_year": 19257.0, "facet_area_m2": 155.8, "avg_poa_kwh_m2": 1273.0}}, {"type": "Feature", "geometry": {"type": "Polygon", "coordinates": [[[168.6696264658902, -45.035343976490275], [168.66955328767503, -45.03542863728725], [168.66937471305835, -45.03535103514454], [168.66944789142113, -45.03526637446776], [168.6696264658902, -45.035343976490275]]]}, "properties": {"building_id": 4740456, "facet_count": 4, "obstruction_count": 5, "panel_count": 33, "kwp": 14.52, "ac_kwh_day_avg": 41.9, "ac_kwh_year": 15310.0, "facet_area_m2": 167.0, "avg_poa_kwh_m2": 1272.0}}, {"type": "Feature", "geometry": {"type": "Polygon", "coordinates": [[[168.66966571078152, -45.0351711573452], [168.6695977134867, -45.03514246596149], [168.66962816320878, -45.03510618654608], [168.66960332015196, -45.03509570435768], [168.66964328777578, -45.0350480840539], [168.66983542144746, -45.035129156176815], [168.66977513597217, -45.03520098497516], [168.66967584117575, -45.03515908716528], [168.66966571078152, -45.0351711573452]]]}, "properties": {"building_id": 4740458, "facet_count": 7, "obstruction_count": 5, "panel_count": 21, "kwp": 9.24, "ac_kwh_day_avg": 26.5, "ac_kwh_year": 9656.0, "facet_area_m2": 134.4, "avg_poa_kwh_m2": 1233.0}}, {"type": "Feature", "geometry": {"type": "Polygon", "coordinates": [[[168.6708719628984, -45.035125525171715], [168.67079013796857, -45.03509577173954], [168.67086076473902, -45.034998121299225], [168.67094258957027, -45.0350278746791], [168.67095627330187, -45.0350089551084], [168.6710372273038, -45.03503839174451], [168.67094344965585, -45.035168051713605], [168.6708624955245, -45.03513861500883], [168.6708719628984, -45.035125525171715]]]}, "properties": {"building_id": 4740465, "facet_count": 1, "obstruction_count": 8, "panel_count": 32, "kwp": 14.08, "ac_kwh_day_avg": 39.5, "ac_kwh_year": 14433.0, "facet_area_m2": 154.0, "avg_poa_kwh_m2": 1229.0}}, {"type": "Feature", "geometry": {"type": "Polygon", "coordinates": [[[168.67103496459563, -45.03513789724558], [168.67109135898178, -45.035150450521996], [168.67110918564026, -45.03511018868948], [168.67113211696312, -45.035115293129934], [168.6711573969527, -45.0350581936311], [168.6712430641613, -45.03507726233319], [168.67119502845304, -45.03518576000228], [168.67118014412912, -45.03518244737958], [168.6711625650877, -45.03522215420758], [168.67101245370347, -45.03518874023917], [168.67103496459563, -45.03513789724558]]]}, "properties": {"building_id": 4740466, "facet_count": 3, "obstruction_count": 5, "panel_count": 34, "kwp": 14.96, "ac_kwh_day_avg": 42.5, "ac_kwh_year": 15508.0, "facet_area_m2": 149.5, "avg_poa_kwh_m2": 1248.0}}, {"type": "Feature", "geometry": {"type": "Polygon", "coordinates": [[[168.6712355041913, -45.03516519653255], [168.67129523111436, -45.03517615509918], [168.67133458126568, -45.03513296038994], [168.67135817244204, -45.03506831523806], [168.67144955532424, -45.03508508120175], [168.6714162899229, -45.035176235970155], [168.671355343944, -45.035243136291555], [168.67121636653934, -45.03521763857632], [168.6712355041913, -45.03516519653255]]]}, "properties": {"building_id": 4740467, "facet_count": 5, "obstruction_count": 2, "panel_count": 18, "kwp": 7.92, "ac_kwh_day_avg": 21.6, "ac_kwh_year": 7874.0, "facet_area_m2": 122.0, "avg_poa_kwh_m2": 1225.0}}, {"type": "Feature", "geometry": {"type": "Polygon", "coordinates": [[[168.67181512698656, -45.03515252065454], [168.671828231287, -45.03518550129449], [168.67176157461404, -45.03522365810576], [168.67163642096247, -45.03511373960664], [168.67162167316445, -45.03514793541387], [168.67155927897153, -45.03516572384016], [168.67151918171825, -45.03515702971832], [168.67149158613262, -45.035167537790784], [168.6714689515329, -45.03516257119464], [168.6715180864913, -45.03505065185772], [168.6716411033034, -45.0350778816482], [168.6716524706273, -45.03505205355682], [168.67184101381963, -45.03509353966171], [168.67181512698656, -45.03515252065454]]]}, "properties": {"building_id": 4740468, "facet_count": 3, "obstruction_count": 0, "panel_count": 69, "kwp": 30.36, "ac_kwh_day_avg": 90.6, "ac_kwh_year": 33084.0, "facet_area_m2": 242.1, "avg_poa_kwh_m2": 1288.0}}, {"type": "Feature", "geometry": {"type": "Polygon", "coordinates": [[[168.66983547541597, -45.03504486716296], [168.66968113745332, -45.03498017041722], [168.6697313086683, -45.03491999567862], [168.66988564780158, -45.03498469240097], [168.66983547541597, -45.03504486716296]]]}, "properties": {"building_id": 4740723, "facet_count": 1, "obstruction_count": 0, "panel_count": 36, "kwp": 15.84, "ac_kwh_day_avg": 49.8, "ac_kwh_year": 18180.0, "facet_area_m2": 102.7, "avg_poa_kwh_m2": 1376.0}}, {"type": "Feature", "geometry": {"type": "Polygon", "coordinates": [[[168.6631974377957, -45.02967783826367], [168.66314471605799, -45.02971654888937], [168.66298050165176, -45.02960408843504], [168.66303322338553, -45.02956537788514], [168.6631974377957, -45.02967783826367]]]}, "properties": {"building_id": 5370919, "facet_count": 1, "obstruction_count": 0, "panel_count": 30, "kwp": 13.2, "ac_kwh_day_avg": 42.9, "ac_kwh_year": 15643.0, "facet_area_m2": 94.4, "avg_poa_kwh_m2": 1421.0}}, {"type": "Feature", "geometry": {"type": "Polygon", "coordinates": [[[168.6665684381199, -45.03007061944999], [168.66669131896165, -45.029981758432704], [168.66690881184522, -45.030132993589184], [168.66678593098106, -45.03022185483996], [168.6665684381199, -45.03007061944999]]]}, "properties": {"building_id": 5370974, "facet_count": 4, "obstruction_count": 10, "panel_count": 67, "kwp": 29.48, "ac_kwh_day_avg": 82.1, "ac_kwh_year": 29970.0, "facet_area_m2": 275.5, "avg_poa_kwh_m2": 1230.0}}, {"type": "Feature", "geometry": {"type": "Polygon", "coordinates": [[[168.66370524672362, -45.02730967652967], [168.6638018626502, -45.02725126490171], [168.66397492778765, -45.027395221851094], [168.6638783117726, -45.027453633622336], [168.66370524672362, -45.02730967652967]]]}, "properties": {"building_id": 5371108, "facet_count": 5, "obstruction_count": 2, "panel_count": 32, "kwp": 14.08, "ac_kwh_day_avg": 36.2, "ac_kwh_year": 13230.0, "facet_area_m2": 132.8, "avg_poa_kwh_m2": 1149.0}}, {"type": "Feature", "geometry": {"type": "Polygon", "coordinates": [[[168.66351517429382, -45.02716131836099], [168.66360881245888, -45.027104413054744], [168.66378655522567, -45.027251497265205], [168.66369291570896, -45.027308402665966], [168.66351517429382, -45.02716131836099]]]}, "properties": {"building_id": 5371109, "facet_count": 3, "obstruction_count": 3, "panel_count": 29, "kwp": 12.76, "ac_kwh_day_avg": 33.6, "ac_kwh_year": 12250.0, "facet_area_m2": 141.8, "avg_poa_kwh_m2": 1175.0}}, {"type": "Feature", "geometry": {"type": "Polygon", "coordinates": [[[168.66389908591415, -45.027528640957605], [168.66391454018355, -45.02751757407398], [168.6640155973782, -45.02758854091681], [168.66393382309207, -45.027647101409826], [168.66373968242874, -45.027510767540356], [168.6638060024299, -45.02746327405694], [168.66389908591415, -45.027528640957605]]]}, "properties": {"building_id": 5371111, "facet_count": 8, "obstruction_count": 3, "panel_count": 14, "kwp": 6.16, "ac_kwh_day_avg": 19.0, "ac_kwh_year": 6931.0, "facet_area_m2": 103.5, "avg_poa_kwh_m2": 1309.0}}, {"type": "Feature", "geometry": {"type": "Polygon", "coordinates": [[[168.66359939059396, -45.027509077225154], [168.6636683591244, -45.027558200276516], [168.66364121266832, -45.02757736783576], [168.66370490922577, -45.027622735455424], [168.6636787229469, -45.02764122479928], [168.6637446840742, -45.027688205267665], [168.6637193628091, -45.02770608299089], [168.66378578779944, -45.02775339344724], [168.663757305689, -45.02777350313413], [168.66382003297284, -45.02781817937783], [168.6637519943694, -45.027866218719524], [168.66368585001607, -45.027819107059535], [168.66371048610645, -45.02780171278642], [168.6636450910027, -45.02775513551205], [168.66367219052856, -45.027736002174414], [168.66360684977175, -45.02768946295285], [168.66363509053878, -45.02766952326017], [168.66357024006115, -45.02762333393865], [168.66359618628113, -45.02760501462517], [168.66353013991775, -45.02755797231517], [168.66359939059396, -45.027509077225154]]]}, "properties": {"building_id": 5371112, "facet_count": 5, "obstruction_count": 7, "panel_count": 35, "kwp": 15.4, "ac_kwh_day_avg": 46.0, "ac_kwh_year": 16782.0, "facet_area_m2": 204.8, "avg_poa_kwh_m2": 1265.0}}, {"type": "Feature", "geometry": {"type": "Polygon", "coordinates": [[[168.66411221338055, -45.02854420769992], [168.66410650296245, -45.02854033841468], [168.66408058065946, -45.02855957964782], [168.66405675111488, -45.028543434788304], [168.6641094629857, -45.028504311073604], [168.66413900168286, -45.028524325157896], [168.66411221338055, -45.02854420769992]]]}, "properties": {"building_id": 5371113, "facet_count": 1, "obstruction_count": 0, "panel_count": 0, "kwp": 0, "ac_kwh_day_avg": 0, "ac_kwh_year": 0, "facet_area_m2": 10.8, "avg_poa_kwh_m2": 1386.0}}, {"type": "Feature", "geometry": {"type": "Polygon", "coordinates": [[[168.66591707536261, -45.02769310459307], [168.66596117807504, -45.02773633965003], [168.66592448442287, -45.027755163656316], [168.66594285681788, -45.02777317467144], [168.66588898448353, -45.02780081009692], [168.66587078348581, -45.027782966724125], [168.66584658831968, -45.027795377674416], [168.66577780705447, -45.02772795139823], [168.66578648358316, -45.02772350039926], [168.66577554602495, -45.02771277733769], [168.6657673303882, -45.02771699200693], [168.6656946849305, -45.02764577567973], [168.66570871526554, -45.027638578337324], [168.6656891281135, -45.02761937605193], [168.6656690453304, -45.02762967845607], [168.66551628241584, -45.02747992201208], [168.66553355222715, -45.0274710627975], [168.66551459031922, -45.027452473881645], [168.66557448057887, -45.027421751165505], [168.66559379232132, -45.02744068284352], [168.66562923393724, -45.02742250088099], [168.66567307150078, -45.02746547661587], [168.6656919537643, -45.02745579020193], [168.66572409170405, -45.0274872946171], [168.66571931633464, -45.02748974429473], [168.66575219879925, -45.02752197916002], [168.66573530408928, -45.027530645626875], [168.6657782389737, -45.02757273541747], [168.66575271261203, -45.02758583028649], [168.66577257754787, -45.02760530417845], [168.66580768766562, -45.02758729319454], [168.6658521153625, -45.02763084491544], [168.66587456470242, -45.027619328085976], [168.66593417624654, -45.027685338026984], [168.66591707536261, -45.02769310459307]]]}, "properties": {"building_id": 5371191, "facet_count": 7, "obstruction_count": 1, "panel_count": 37, "kwp": 16.28, "ac_kwh_day_avg": 42.3, "ac_kwh_year": 15438.0, "facet_area_m2": 183.6, "avg_poa_kwh_m2": 1177.0}}, {"type": "Feature", "geometry": {"type": "Polygon", "coordinates": [[[168.66766434505445, -45.02817647004261], [168.6675432581293, -45.02811971904249], [168.66757576145017, -45.028084846184946], [168.66762332517726, -45.02810714162771], [168.6676674276976, -45.028059833099434], [168.66773501141108, -45.028091519417515], [168.66774631806766, -45.028079397684394], [168.66775380184856, -45.02808291194073], [168.66776157315797, -45.02807459881385], [168.66787886647617, -45.028129777133245], [168.66784777077478, -45.028163013251316], [168.66783135499142, -45.02815528720517], [168.6677763631737, -45.02821402666652], [168.6677033948133, -45.02817967222301], [168.6676935270834, -45.02819021113938], [168.66766434505445, -45.02817647004261]]]}, "properties": {"building_id": 5371194, "facet_count": 2, "obstruction_count": 1, "panel_count": 40, "kwp": 17.6, "ac_kwh_day_avg": 45.6, "ac_kwh_year": 16634.0, "facet_area_m2": 153.8, "avg_poa_kwh_m2": 1164.0}}, {"type": "Feature", "geometry": {"type": "Polygon", "coordinates": [[[168.66446570325525, -45.029417185394585], [168.6644313164622, -45.02939172206109], [168.6645163391481, -45.02933398497206], [168.66456067790907, -45.029366817667416], [168.66461057127844, -45.02933293604412], [168.66459470898423, -45.02932119008578], [168.66464467039953, -45.02928726219531], [168.66465315253492, -45.02929354317533], [168.66466421517327, -45.02928603072908], [168.66466123601415, -45.02926659214038], [168.66468649268793, -45.029250513033155], [168.66463616140086, -45.029210757476804], [168.66474595330857, -45.029140860723984], [168.66482467928398, -45.02920304447249], [168.6647177285197, -45.02927113252697], [168.66473160775413, -45.02928209539605], [168.66468374029165, -45.02931256917934], [168.6647038024535, -45.0293284157891], [168.6646032492745, -45.029392430641984], [168.66461051815918, -45.0293981721592], [168.66447227513584, -45.02948618104284], [168.6644209751658, -45.02944566032547], [168.66446570325525, -45.029417185394585]]]}, "properties": {"building_id": 5371196, "facet_count": 13, "obstruction_count": 4, "panel_count": 20, "kwp": 8.8, "ac_kwh_day_avg": 24.6, "ac_kwh_year": 8994.0, "facet_area_m2": 159.5, "avg_poa_kwh_m2": 1251.0}}, {"type": "Feature", "geometry": {"type": "Polygon", "coordinates": [[[168.6651955863555, -45.02978379281231], [168.66513899743728, -45.029824002847434], [168.66510352936953, -45.02979890340897], [168.66516011828517, -45.029758693391344], [168.6651955863555, -45.02978379281231]]]}, "properties": {"building_id": 5371199, "facet_count": 1, "obstruction_count": 0, "panel_count": 4, "kwp": 1.76, "ac_kwh_day_avg": 4.2, "ac_kwh_year": 1543.0, "facet_area_m2": 19.9, "avg_poa_kwh_m2": 1051.0}}, {"type": "Feature", "geometry": {"type": "Polygon", "coordinates": [[[168.6667117110081, -45.027939222137896], [168.66666611046338, -45.02788531674514], [168.66673228819442, -45.027857164401205], [168.66677788865334, -45.02791107002724], [168.6667117110081, -45.027939222137896]]]}, "properties": {"building_id": 5373420, "facet_count": 1, "obstruction_count": 1, "panel_count": 8, "kwp": 3.52, "ac_kwh_day_avg": 9.9, "ac_kwh_year": 3609.0, "facet_area_m2": 33.4, "avg_poa_kwh_m2": 1229.0}}, {"type": "Feature", "geometry": {"type": "Polygon", "coordinates": [[[168.66498423933172, -45.028232015716526], [168.6649978790818, -45.028223504062694], [168.66510997196576, -45.02831383307522], [168.66504940485316, -45.02835162900162], [168.6650073088591, -45.02831770705564], [168.66498150128186, -45.028333811716855], [168.66490563219602, -45.028272672519904], [168.6648731010531, -45.02829297330234], [168.66469095270224, -45.028146188768964], [168.66479621867543, -45.028080499295704], [168.66497836721967, -45.02822728369233], [168.66498423933172, -45.028232015716526]]]}, "properties": {"building_id": 5373422, "facet_count": 5, "obstruction_count": 2, "panel_count": 77, "kwp": 33.88, "ac_kwh_day_avg": 96.2, "ac_kwh_year": 35124.0, "facet_area_m2": 290.2, "avg_poa_kwh_m2": 1243.0}}, {"type": "Feature", "geometry": {"type": "Polygon", "coordinates": [[[168.6676867876151, -45.030227492928994], [168.66759540206712, -45.03019822348435], [168.66763368819207, -45.03013811486223], [168.66772507353144, -45.03016738396842], [168.6676867876151, -45.030227492928994]]]}, "properties": {"building_id": 5373429, "facet_count": 1, "obstruction_count": 1, "panel_count": 9, "kwp": 3.96, "ac_kwh_day_avg": 11.8, "ac_kwh_year": 4315.0, "facet_area_m2": 43.2, "avg_poa_kwh_m2": 1306.0}}, {"type": "Feature", "geometry": {"type": "Polygon", "coordinates": [[[168.66450564942159, -45.02871785598222], [168.6644464831807, -45.02867438691399], [168.66445662273276, -45.028667282295324], [168.66442057904942, -45.02864141448995], [168.6644880030965, -45.0285941714491], [168.66459952603688, -45.02867421006065], [168.66454432301398, -45.028712889979296], [168.66452871952777, -45.02870169137], [168.66450564942159, -45.02871785598222]]]}, "properties": {"building_id": 5373527, "facet_count": 1, "obstruction_count": 2, "panel_count": 25, "kwp": 11.0, "ac_kwh_day_avg": 31.4, "ac_kwh_year": 11451.0, "facet_area_m2": 88.9, "avg_poa_kwh_m2": 1248.0}}, {"type": "Feature", "geometry": {"type": "Polygon", "coordinates": [[[168.66575422878137, -45.02985282251486], [168.66563036260519, -45.029943142435194], [168.6655186311202, -45.029866090871536], [168.66564249729606, -45.029775771071584], [168.66575422878137, -45.02985282251486]]]}, "properties": {"building_id": 4734609, "facet_count": 6, "obstruction_count": 0, "panel_count": 5, "kwp": 2.2, "ac_kwh_day_avg": 5.7, "ac_kwh_year": 2095.0, "facet_area_m2": 53.6, "avg_poa_kwh_m2": 1154.0}}, {"type": "Feature", "geometry": {"type": "Polygon", "coordinates": [[[168.66581185546423, -45.02803134560889], [168.66579121222074, -45.028023382901274], [168.66582443991993, -45.0279800641411], [168.6658354283339, -45.0279843022978], [168.66588993809575, -45.027913238975636], [168.66599272388547, -45.0279528876252], [168.66598872162098, -45.027958104719026], [168.66608139799692, -45.0279938537234], [168.6659747802347, -45.02813284794346], [168.6659133882578, -45.02810916629], [168.66592079378495, -45.02809951127031], [168.66588249696656, -45.02808473892095], [168.66588593536815, -45.028080255950805], [168.66586166555527, -45.02807089443885], [168.66585424679278, -45.02808056679349], [168.6657923990255, -45.02805670907844], [168.66581185546423, -45.02803134560889]]]}, "properties": {"building_id": 4734760, "facet_count": 13, "obstruction_count": 1, "panel_count": 3, "kwp": 1.32, "ac_kwh_day_avg": 3.9, "ac_kwh_year": 1437.0, "facet_area_m2": 80.1, "avg_poa_kwh_m2": 1179.0}}, {"type": "Feature", "geometry": {"type": "Polygon", "coordinates": [[[168.66484415420285, -45.02945509878187], [168.6647602805486, -45.02951012148922], [168.66474731105043, -45.02950017983185], [168.66466362562954, -45.02955507819889], [168.66463355179135, -45.02953202646223], [168.66461021010906, -45.02954733851444], [168.66454137185846, -45.029494572527646], [168.66465307004404, -45.02942129646713], [168.66470469835457, -45.02946087179642], [168.6647187140256, -45.02945167739785], [168.6647358446577, -45.02946480915774], [168.6648010329143, -45.02942204486471], [168.66484415420285, -45.02945509878187]]]}, "properties": {"building_id": 4734775, "facet_count": 7, "obstruction_count": 4, "panel_count": 24, "kwp": 10.56, "ac_kwh_day_avg": 29.3, "ac_kwh_year": 10694.0, "facet_area_m2": 129.9, "avg_poa_kwh_m2": 1245.0}}, {"type": "Feature", "geometry": {"type": "Polygon", "coordinates": [[[168.66394285671845, -45.02883817162412], [168.66413499452992, -45.02870088366488], [168.6642383773591, -45.02877364192475], [168.66404623952508, -45.028910930057314], [168.66394285671845, -45.02883817162412]]]}, "properties": {"building_id": 4734966, "facet_count": 6, "obstruction_count": 9, "panel_count": 24, "kwp": 10.56, "ac_kwh_day_avg": 31.1, "ac_kwh_year": 11345.0, "facet_area_m2": 158.4, "avg_poa_kwh_m2": 1295.0}}, {"type": "Feature", "geometry": {"type": "Polygon", "coordinates": [[[168.66731580395964, -45.0287071489691], [168.66731192593113, -45.02871221996782], [168.6673710766778, -45.0287349691995], [168.66734152039746, -45.028773616179286], [168.66735140375786, -45.028777417065776], [168.6673276104343, -45.028808526150875], [168.66734390593905, -45.02881479243145], [168.66730936736184, -45.028859951942756], [168.66729095145078, -45.0288528687048], [168.66724999904946, -45.028906416330734], [168.66714987147313, -45.028867908058594], [168.66713623287157, -45.02888574091208], [168.6670337542885, -45.02884632759991], [168.66705269086938, -45.02882156754102], [168.66704201677803, -45.028817462913246], [168.66707941514943, -45.028768563876696], [168.66709045680565, -45.02877281029983], [168.6671272762429, -45.028724667005285], [168.66712159813434, -45.028722483355644], [168.66715417585172, -45.02867988872362], [168.66721171058308, -45.028702015793], [168.66721887637917, -45.02869264623387], [168.6672626457315, -45.028709479936396], [168.66727610531032, -45.02869188151378], [168.66731580395964, -45.0287071489691]]]}, "properties": {"building_id": 4735019, "facet_count": 5, "obstruction_count": 2, "panel_count": 92, "kwp": 40.48, "ac_kwh_day_avg": 106.3, "ac_kwh_year": 38804.0, "facet_area_m2": 316.4, "avg_poa_kwh_m2": 1172.0}}, {"type": "Feature", "geometry": {"type": "Polygon", "coordinates": [[[168.6634746722556, -45.0285739790553], [168.66355025801235, -45.02852099869476], [168.66358091482536, -45.028542993570234], [168.66359199275522, -45.02853522867574], [168.6636400593111, -45.028569713446274], [168.66366905438454, -45.02854939015482], [168.66371039389625, -45.028579047819264], [168.66357910753905, -45.028671069587205], [168.66353854467232, -45.028641968932654], [168.6635467794129, -45.028636196922506], [168.66350038047537, -45.02860290889415], [168.66350777338013, -45.02859772689182], [168.6634746722556, -45.0285739790553]]]}, "properties": {"building_id": 4735026, "facet_count": 1, "obstruction_count": 2, "panel_count": 46, "kwp": 20.24, "ac_kwh_day_avg": 62.8, "ac_kwh_year": 22913.0, "facet_area_m2": 140.2, "avg_poa_kwh_m2": 1357.0}}, {"type": "Feature", "geometry": {"type": "Polygon", "coordinates": [[[168.66419347373096, -45.028580043979744], [168.66417174741736, -45.028565193502345], [168.6641930008626, -45.02854955905673], [168.66417544362497, -45.02853755782921], [168.6642189842237, -45.02850552798281], [168.6642531800549, -45.028528904054376], [168.66425870617687, -45.02852483834738], [168.66430235298375, -45.02855467447769], [168.66432276359166, -45.02853965968691], [168.6643872423877, -45.028583735194545], [168.6643514754301, -45.02861004661337], [168.6643249392222, -45.028591906659756], [168.66428880921993, -45.02861848600949], [168.664277149495, -45.028610515122814], [168.66424385985778, -45.02863500423183], [168.66422817110353, -45.02862427943861], [168.66421336587456, -45.02863517030933], [168.66416421268323, -45.028601569844135], [168.66419347373096, -45.028580043979744]]]}, "properties": {"building_id": 4735030, "facet_count": 5, "obstruction_count": 1, "panel_count": 8, "kwp": 3.52, "ac_kwh_day_avg": 10.1, "ac_kwh_year": 3702.0, "facet_area_m2": 59.7, "avg_poa_kwh_m2": 1316.0}}, {"type": "Feature", "geometry": {"type": "Polygon", "coordinates": [[[168.66484420280713, -45.029283577138564], [168.66492349829988, -45.029232232170024], [168.66496537033902, -45.02926474972822], [168.66488607483438, -45.029316094725424], [168.66484420280713, -45.029283577138564]]]}, "properties": {"building_id": 4735042, "facet_count": 0, "obstruction_count": 0, "panel_count": 0, "kwp": 0, "ac_kwh_day_avg": 0, "ac_kwh_year": 0, "facet_area_m2": 0, "avg_poa_kwh_m2": 0}}, {"type": "Feature", "geometry": {"type": "Polygon", "coordinates": [[[168.66344763018301, -45.0300451545035], [168.6633472240683, -45.03009115833222], [168.66323607146148, -45.02996916752812], [168.66333647743684, -45.029923163791985], [168.66344763018301, -45.0300451545035]]]}, "properties": {"building_id": 4735050, "facet_count": 4, "obstruction_count": 3, "panel_count": 27, "kwp": 11.88, "ac_kwh_day_avg": 31.1, "ac_kwh_year": 11346.0, "facet_area_m2": 123.1, "avg_poa_kwh_m2": 1218.0}}, {"type": "Feature", "geometry": {"type": "Polygon", "coordinates": [[[168.6637364821845, -45.02864594678111], [168.66370754840415, -45.02862563963759], [168.6637591603021, -45.02858865990261], [168.66378345684836, -45.028605711977654], [168.66381823650548, -45.028580792682064], [168.66389588880455, -45.02863529239349], [168.6638054559155, -45.02870008760256], [168.66378170535947, -45.02868341907902], [168.6637421071988, -45.028711790928874], [168.66369284270073, -45.028677214720354], [168.6637364821845, -45.02864594678111]]]}, "properties": {"building_id": 4735051, "facet_count": 5, "obstruction_count": 0, "panel_count": 1, "kwp": 0.44, "ac_kwh_day_avg": 1.4, "ac_kwh_year": 495.0, "facet_area_m2": 31.0, "avg_poa_kwh_m2": 1335.0}}, {"type": "Feature", "geometry": {"type": "Polygon", "coordinates": [[[168.6634683206276, -45.02916497510578], [168.66345360409315, -45.02915483990962], [168.6634910773511, -45.02912747925299], [168.6635026458554, -45.02913544764993], [168.66353678945325, -45.02911051864659], [168.66368485481706, -45.02921249517747], [168.66359225142247, -45.02928010715636], [168.6635349236222, -45.02924062415926], [168.66352844443048, -45.02924535572128], [168.66344085357215, -45.02918502970807], [168.6634683206276, -45.02916497510578]]]}, "properties": {"building_id": 4735054, "facet_count": 9, "obstruction_count": 4, "panel_count": 18, "kwp": 7.92, "ac_kwh_day_avg": 22.5, "ac_kwh_year": 8228.0, "facet_area_m2": 134.2, "avg_poa_kwh_m2": 1303.0}}, {"type": "Feature", "geometry": {"type": "Polygon", "coordinates": [[[168.66630484776007, -45.028708129340075], [168.66630977464814, -45.028712726685974], [168.66633286694417, -45.02870028271019], [168.66642537266858, -45.02870479791839], [168.66642012730756, -45.02875883225762], [168.66625730452174, -45.02884657411874], [168.66620342079455, -45.02879629149959], [168.6662267725073, -45.028783707976835], [168.66621673382633, -45.02877433971248], [168.66624091127937, -45.02876131138052], [168.66622818918177, -45.028749439387965], [168.66630484776007, -45.028708129340075]]]}, "properties": {"building_id": 4735058, "facet_count": 4, "obstruction_count": 8, "panel_count": 36, "kwp": 15.84, "ac_kwh_day_avg": 47.3, "ac_kwh_year": 17276.0, "facet_area_m2": 137.0, "avg_poa_kwh_m2": 1313.0}}, {"type": "Feature", "geometry": {"type": "Polygon", "coordinates": [[[168.6632433698772, -45.028844006814616], [168.66329888322073, -45.02880242992028], [168.66343198401694, -45.02889179650781], [168.66337647067365, -45.02893337346692], [168.6632433698772, -45.028844006814616]]]}, "properties": {"building_id": 4735070, "facet_count": 1, "obstruction_count": 0, "panel_count": 17, "kwp": 7.48, "ac_kwh_day_avg": 21.3, "ac_kwh_year": 7786.0, "facet_area_m2": 72.1, "avg_poa_kwh_m2": 1248.0}}, {"type": "Feature", "geometry": {"type": "Polygon", "coordinates": [[[168.66628484018864, -45.0285642375385], [168.6663017709435, -45.028549758032646], [168.66639114158173, -45.028541268754395], [168.66640156712654, -45.028596463288935], [168.6663712127126, -45.02862242119924], [168.66636655049572, -45.028619679308136], [168.6662912358486, -45.028684083560435], [168.66620426750163, -45.02863294097833], [168.66622113306084, -45.0286185184184], [168.66620914445667, -45.028611468723504], [168.66624694420324, -45.02857914601888], [168.66625333349523, -45.028582903277666], [168.66627910474327, -45.02856086521617], [168.66628484018864, -45.0285642375385]]]}, "properties": {"building_id": 4735077, "facet_count": 2, "obstruction_count": 5, "panel_count": 32, "kwp": 14.08, "ac_kwh_day_avg": 42.8, "ac_kwh_year": 15611.0, "facet_area_m2": 116.3, "avg_poa_kwh_m2": 1319.0}}, {"type": "Feature", "geometry": {"type": "Polygon", "coordinates": [[[168.66483007836214, -45.02891492881117], [168.66482800190488, -45.0289110807436], [168.66482688211062, -45.028907037710766], [168.66482674939343, -45.02890291789413], [168.66482760851213, -45.02889884300035], [168.66482943524807, -45.02889493183361], [168.6648321753433, -45.02889129755466], [168.6648357482297, -45.028888048722884], [168.66484005037563, -45.02888527862125], [168.6648449549461, -45.02888306974435], [168.66485031874294, -45.02888148596075], [168.66485598473633, -45.028880572609076], [168.66486178699216, -45.02888035848599], [168.6648675562781, -45.028880848857796], [168.6648731236575, -45.02888202829769], [168.66487832528082, -45.02888386446877], [168.66490197890028, -45.028901870359306], [168.66491247473863, -45.02889493567868], [168.66500036045795, -45.028961835057856], [168.6649218739306, -45.029013685246994], [168.66487570319512, -45.02897854036634], [168.6648687737782, -45.02898311715311], [168.66482508292543, -45.02894986064426], [168.6648523265166, -45.02893186314458], [168.66483007836214, -45.02891492881117]]]}, "properties": {"building_id": 4735127, "facet_count": 2, "obstruction_count": 1, "panel_count": 16, "kwp": 7.04, "ac_kwh_day_avg": 21.0, "ac_kwh_year": 7672.0, "facet_area_m2": 93.4, "avg_poa_kwh_m2": 1315.0}}, {"type": "Feature", "geometry": {"type": "Polygon", "coordinates": [[[168.66747928193936, -45.02882184184886], [168.6674910312314, -45.028805574590436], [168.66749599427226, -45.02880737726833], [168.6675250943267, -45.02876708986533], [168.66756681742356, -45.02878224513818], [168.6675693750664, -45.02877870467989], [168.66764926808412, -45.02880772338791], [168.6676467274659, -45.02881124018992], [168.66769074010637, -45.02882722599288], [168.66761641986957, -45.028930118738415], [168.66747520339214, -45.02887882549859], [168.66744105734531, -45.0289260983124], [168.66735696970198, -45.02889555623435], [168.6673747730027, -45.02887090787911], [168.66736303690405, -45.02886664499036], [168.66741283381342, -45.028797706273224], [168.66747928193936, -45.02882184184886]]]}, "properties": {"building_id": 4735128, "facet_count": 10, "obstruction_count": 2, "panel_count": 33, "kwp": 14.52, "ac_kwh_day_avg": 43.0, "ac_kwh_year": 15691.0, "facet_area_m2": 177.0, "avg_poa_kwh_m2": 1300.0}}, {"type": "Feature", "geometry": {"type": "Polygon", "coordinates": [[[168.66369655721223, -45.02839100643284], [168.66359036364048, -45.028468232159035], [168.663503784066, -45.02840836235085], [168.6636099776313, -45.028331136705035], [168.66369655721223, -45.02839100643284]]]}, "properties": {"building_id": 4735143, "facet_count": 2, "obstruction_count": 2, "panel_count": 28, "kwp": 12.32, "ac_kwh_day_avg": 35.3, "ac_kwh_year": 12888.0, "facet_area_m2": 102.1, "avg_poa_kwh_m2": 1249.0}}, {"type": "Feature", "geometry": {"type": "Polygon", "coordinates": [[[168.66429107855606, -45.028163125605424], [168.66415918215944, -45.028140761079555], [168.66419585877176, -45.028031984589646], [168.6643277562044, -45.02805434911255], [168.66429107855606, -45.028163125605424]]]}, "properties": {"building_id": 4735148, "facet_count": 2, "obstruction_count": 6, "panel_count": 31, "kwp": 13.64, "ac_kwh_day_avg": 40.6, "ac_kwh_year": 14829.0, "facet_area_m2": 125.0, "avg_poa_kwh_m2": 1300.0}}, {"type": "Feature", "geometry": {"type": "Polygon", "coordinates": [[[168.66631087857965, -45.02936591240931], [168.6663272115032, -45.02935460854716], [168.6664384058488, -45.02943540251726], [168.66636081748814, -45.02948909902766], [168.6662184508615, -45.02938565389616], [168.66627970494469, -45.029343262189], [168.66631087857965, -45.02936591240931]]]}, "properties": {"building_id": 4735149, "facet_count": 1, "obstruction_count": 1, "panel_count": 40, "kwp": 17.6, "ac_kwh_day_avg": 52.5, "ac_kwh_year": 19179.0, "facet_area_m2": 119.3, "avg_poa_kwh_m2": 1306.0}}, {"type": "Feature", "geometry": {"type": "Polygon", "coordinates": [[[168.66429359582588, -45.0282959778026], [168.66432850562518, -45.02831573703886], [168.66428948003053, -45.0283504087849], [168.66425457022535, -45.028330649536464], [168.66429359582588, -45.0282959778026]]]}, "properties": {"building_id": 4735155, "facet_count": 1, "obstruction_count": 0, "panel_count": 1, "kwp": 0.44, "ac_kwh_day_avg": 1.3, "ac_kwh_year": 479.0, "facet_area_m2": 13.8, "avg_poa_kwh_m2": 1306.0}}, {"type": "Feature", "geometry": {"type": "Polygon", "coordinates": [[[168.66340169585277, -45.027418514571906], [168.66345584729112, -45.0273833581517], [168.6634943992535, -45.027413221314056], [168.66347990686467, -45.02742263057604], [168.66349082743957, -45.02743108833426], [168.66351202531317, -45.02741732609673], [168.66356004688666, -45.0274545241667], [168.66350241919199, -45.027491937492435], [168.66348127126096, -45.027475556957334], [168.66344182968888, -45.02750116387658], [168.66338816263823, -45.027459592998724], [168.663424376222, -45.02743608226086], [168.66340169585277, -45.027418514571906]]]}, "properties": {"building_id": 4735162, "facet_count": 4, "obstruction_count": 1, "panel_count": 8, "kwp": 3.52, "ac_kwh_day_avg": 10.4, "ac_kwh_year": 3800.0, "facet_area_m2": 70.6, "avg_poa_kwh_m2": 1257.0}}, {"type": "Feature", "geometry": {"type": "Polygon", "coordinates": [[[168.66341609180682, -45.027686253123], [168.6633625254096, -45.02765227646698], [168.66340438376673, -45.02761908919924], [168.66345795142644, -45.02765306588362], [168.66341609180682, -45.027686253123]]]}, "properties": {"building_id": 4735172, "facet_count": 1, "obstruction_count": 1, "panel_count": 4, "kwp": 1.76, "ac_kwh_day_avg": 4.4, "ac_kwh_year": 1594.0, "facet_area_m2": 21.8, "avg_poa_kwh_m2": 1085.0}}, {"type": "Feature", "geometry": {"type": "Polygon", "coordinates": [[[168.66315221122906, -45.02727523923288], [168.66322780491697, -45.02722179848637], [168.66330603198335, -45.02727744571254], [168.66323043702144, -45.02733088646242], [168.66315221122906, -45.02727523923288]]]}, "properties": {"building_id": 4735173, "facet_count": 2, "obstruction_count": 1, "panel_count": 14, "kwp": 6.16, "ac_kwh_day_avg": 20.0, "ac_kwh_year": 7300.0, "facet_area_m2": 67.0, "avg_poa_kwh_m2": 1333.0}}, {"type": "Feature", "geometry": {"type": "Polygon", "coordinates": [[[168.664767177669, -45.028039268571064], [168.664707758408, -45.02808471333286], [168.66467564848654, -45.02806360057136], [168.66473506741926, -45.02801815573255], [168.664767177669, -45.028039268571064]]]}, "properties": {"building_id": 4735177, "facet_count": 1, "obstruction_count": 0, "panel_count": 3, "kwp": 1.32, "ac_kwh_day_avg": 3.3, "ac_kwh_year": 1195.0, "facet_area_m2": 18.8, "avg_poa_kwh_m2": 1085.0}}, {"type": "Feature", "geometry": {"type": "Polygon", "coordinates": [[[168.6678276338314, -45.027311606952814], [168.6678334261881, -45.02730908601426], [168.66780806697753, -45.02727978243614], [168.66784590952182, -45.027263313173144], [168.66782960380274, -45.027244471818], [168.66791177956756, -45.02720870669166], [168.66795417426775, -45.027257693993064], [168.66797197520322, -45.02724994742353], [168.66799654418153, -45.02727833694636], [168.6680290445633, -45.027264192333305], [168.66807401481225, -45.027316155378166], [168.66801501372933, -45.02734183343112], [168.6680404817006, -45.02737126172165], [168.66808126048602, -45.02735351407412], [168.6681069130219, -45.027383154607136], [168.66806857956868, -45.02739983754989], [168.66809570657458, -45.027431182368346], [168.66813082815477, -45.02741589777788], [168.66816683609534, -45.027457503775956], [168.66820740092427, -45.02743984967388], [168.66824806467957, -45.02748683657634], [168.668205983809, -45.027505150531795], [168.66821208381737, -45.02751219858505], [168.66818296321136, -45.02752487205143], [168.66818944031604, -45.027532355725455], [168.66813104147153, -45.027557772264586], [168.66812269651737, -45.027548129162405], [168.6681092637143, -45.027553974920565], [168.66806952810478, -45.027508061160525], [168.6680482907533, -45.02751730379332], [168.66800657634744, -45.027469103942764], [168.66802216177828, -45.027462320989216], [168.66799742934603, -45.02743374162166], [168.6679596812519, -45.027450169514914], [168.66793886215206, -45.027426111981924], [168.66793133325095, -45.02742938880305], [168.66788863493082, -45.027380050582984], [168.66789563353402, -45.027377004763906], [168.66788376402346, -45.027363290261746], [168.66787548045278, -45.027366894873346], [168.6678276338314, -45.027311606952814]]]}, "properties": {"building_id": 4735247, "facet_count": 19, "obstruction_count": 3, "panel_count": 15, "kwp": 6.6, "ac_kwh_day_avg": 17.4, "ac_kwh_year": 6365.0, "facet_area_m2": 166.2, "avg_poa_kwh_m2": 1229.0}}, {"type": "Feature", "geometry": {"type": "Polygon", "coordinates": [[[168.66696494532525, -45.02862058995444], [168.6670092719473, -45.02863925252008], [168.66699522980628, -45.028656025796764], [168.66703872734377, -45.02867433816774], [168.66703314286684, -45.02868100874244], [168.6670878691005, -45.02870404903224], [168.6670649856537, -45.02873138214375], [168.66705193859826, -45.028725889241244], [168.66701753046655, -45.02876698656354], [168.66704360494896, -45.02877796352708], [168.6670018790194, -45.028827803483324], [168.66698218976074, -45.02881951324721], [168.6669452321089, -45.028863655296384], [168.66684380701153, -45.02882095475625], [168.66685810175753, -45.02880388053539], [168.66676096061184, -45.02876298381748], [168.66678341017843, -45.028736169886656], [168.66677304268444, -45.0287318050313], [168.66679148042883, -45.0287097824349], [168.66677302020898, -45.028702010583395], [168.66679510284638, -45.028675633696686], [168.66683085697, -45.02869068655868], [168.66690503600682, -45.028602085777884], [168.6669607869282, -45.02862555756398], [168.66696494532525, -45.02862058995444]]]}, "properties": {"building_id": 4735276, "facet_count": 4, "obstruction_count": 8, "panel_count": 85, "kwp": 37.4, "ac_kwh_day_avg": 97.9, "ac_kwh_year": 35742.0, "facet_area_m2": 290.2, "avg_poa_kwh_m2": 1141.0}}, {"type": "Feature", "geometry": {"type": "Polygon", "coordinates": [[[168.66308706948536, -45.027957430185246], [168.66310975155383, -45.027973651316394], [168.66315456835312, -45.02794213763099], [168.66323010668543, -45.02792643795487], [168.66331367326117, -45.02798620324618], [168.66320115341972, -45.02806532227756], [168.66314736787373, -45.028026856936634], [168.663113565173, -45.02805062584706], [168.66303472177174, -45.027994238490216], [168.66308706948536, -45.027957430185246]]]}, "properties": {"building_id": 4735295, "facet_count": 2, "obstruction_count": 3, "panel_count": 49, "kwp": 21.56, "ac_kwh_day_avg": 56.5, "ac_kwh_year": 20640.0, "facet_area_m2": 171.5, "avg_poa_kwh_m2": 1183.0}}, {"type": "Feature", "geometry": {"type": "Polygon", "coordinates": [[[168.66651631319502, -45.02777619741689], [168.66642521998546, -45.0278166563749], [168.66635683605142, -45.02773923003893], [168.66633190039965, -45.02775030496418], [168.66628448359828, -45.02769661797096], [168.666417536748, -45.02763752168342], [168.6664672291182, -45.02769378505867], [168.66645020472995, -45.02770134666926], [168.66651631319502, -45.02777619741689]]]}, "properties": {"building_id": 4735297, "facet_count": 1, "obstruction_count": 1, "panel_count": 50, "kwp": 22.0, "ac_kwh_day_avg": 65.7, "ac_kwh_year": 23974.0, "facet_area_m2": 153.3, "avg_poa_kwh_m2": 1306.0}}, {"type": "Feature", "geometry": {"type": "Polygon", "coordinates": [[[168.66800443141028, -45.028232588067624], [168.66807030631406, -45.02816309883827], [168.66806174285875, -45.02815901690499], [168.6680860832768, -45.028133341299565], [168.6680933062643, -45.02813678446495], [168.66810110382028, -45.02812855959538], [168.66822092197123, -45.02818567958703], [168.6681881702253, -45.02822022741432], [168.6681716156109, -45.02821233466626], [168.66811650690917, -45.02827046581506], [168.66804360063892, -45.028235710487465], [168.66803344709865, -45.0282464203611], [168.66800443141028, -45.028232588067624]]]}, "properties": {"building_id": 4735302, "facet_count": 2, "obstruction_count": 3, "panel_count": 32, "kwp": 14.08, "ac_kwh_day_avg": 34.4, "ac_kwh_year": 12560.0, "facet_area_m2": 119.5, "avg_poa_kwh_m2": 1099.0}}, {"type": "Feature", "geometry": {"type": "Polygon", "coordinates": [[[168.66642692830268, -45.027897718174266], [168.66640736455605, -45.027874175820116], [168.6665189915686, -45.0278275272692], [168.66656449383996, -45.0278822831362], [168.66658440308575, -45.0278739631953], [168.66665303516592, -45.027956553925435], [168.66650362271446, -45.028018991590045], [168.66645811422669, -45.02796422707542], [168.66648093329317, -45.02795469136126], [168.66646193791433, -45.02793183220873], [168.6664398485607, -45.027941062896495], [168.66640978382344, -45.027904882465435], [168.66642692830268, -45.027897718174266]]]}, "properties": {"building_id": 4735309, "facet_count": 1, "obstruction_count": 2, "panel_count": 57, "kwp": 25.08, "ac_kwh_day_avg": 74.9, "ac_kwh_year": 27330.0, "facet_area_m2": 181.5, "avg_poa_kwh_m2": 1306.0}}, {"type": "Feature", "geometry": {"type": "Polygon", "coordinates": [[[168.66705297328699, -45.02811642130024], [168.66711449033767, -45.0281576761024], [168.6670741684813, -45.028187912434774], [168.66713560054768, -45.02822911010549], [168.66703396094627, -45.02830532669614], [168.66698419983828, -45.02827195560182], [168.66700712600655, -45.02825476437731], [168.6669465320673, -45.02821412968334], [168.66693873561016, -45.028219976048774], [168.6668938113652, -45.02818984806318], [168.6669498662066, -45.02814781445796], [168.6669821954693, -45.02816949494875], [168.66705297328699, -45.02811642130024]]]}, "properties": {"building_id": 4735330, "facet_count": 2, "obstruction_count": 1, "panel_count": 2, "kwp": 0.88, "ac_kwh_day_avg": 2.6, "ac_kwh_year": 959.0, "facet_area_m2": 46.1, "avg_poa_kwh_m2": 1306.0}}, {"type": "Feature", "geometry": {"type": "Polygon", "coordinates": [[[168.6664721575487, -45.02762105341551], [168.6665326197503, -45.02759380956887], [168.66658070370707, -45.02764747231125], [168.66652024146782, -45.02767471618196], [168.6664721575487, -45.02762105341551]]]}, "properties": {"building_id": 4735366, "facet_count": 1, "obstruction_count": 0, "panel_count": 7, "kwp": 3.08, "ac_kwh_day_avg": 9.7, "ac_kwh_year": 3535.0, "facet_area_m2": 33.2, "avg_poa_kwh_m2": 1376.0}}, {"type": "Feature", "geometry": {"type": "Polygon", "coordinates": [[[168.664450014088, -45.02917359763614], [168.66446373640434, -45.02918409097166], [168.66450046783095, -45.029159936149604], [168.6644843142184, -45.02914758417153], [168.664527989448, -45.02911886392669], [168.66460388287672, -45.02917689881472], [168.66442155891588, -45.02929679468442], [168.6643743954201, -45.02926072875412], [168.66441270726904, -45.02923553494106], [168.6643864074048, -45.029215424474074], [168.664450014088, -45.02917359763614]]]}, "properties": {"building_id": 4735400, "facet_count": 3, "obstruction_count": 1, "panel_count": 3, "kwp": 1.32, "ac_kwh_day_avg": 4.1, "ac_kwh_year": 1486.0, "facet_area_m2": 50.7, "avg_poa_kwh_m2": 1363.0}}, {"type": "Feature", "geometry": {"type": "Polygon", "coordinates": [[[168.6644204311554, -45.028336338015066], [168.66474852140018, -45.02857396855424], [168.6646354092254, -45.02865250385643], [168.66430731778334, -45.02841487294629], [168.6644204311554, -45.028336338015066]]]}, "properties": {"building_id": 4735401, "facet_count": 3, "obstruction_count": 14, "panel_count": 61, "kwp": 26.84, "ac_kwh_day_avg": 77.5, "ac_kwh_year": 28272.0, "facet_area_m2": 284.9, "avg_poa_kwh_m2": 1274.0}}, {"type": "Feature", "geometry": {"type": "Polygon", "coordinates": [[[168.66344376694911, -45.029842552081305], [168.66354756925693, -45.02977005784703], [168.66391677043387, -45.03003588956612], [168.66381296679504, -45.03010838408582], [168.66344376694911, -45.029842552081305]]]}, "properties": {"building_id": 4735406, "facet_count": 1, "obstruction_count": 15, "panel_count": 112, "kwp": 49.28, "ac_kwh_day_avg": 152.8, "ac_kwh_year": 55780.0, "facet_area_m2": 416.4, "avg_poa_kwh_m2": 1357.0}}, {"type": "Feature", "geometry": {"type": "Polygon", "coordinates": [[[168.6637638668455, -45.02967808701033], [168.66377761483284, -45.02968803949047], [168.66381095317786, -45.02966488105341], [168.66380126105847, -45.02965786535362], [168.6638380440922, -45.02963231471459], [168.66385011313434, -45.029641051974856], [168.66386029062662, -45.029633982855955], [168.66390720216475, -45.02966794197138], [168.66392637018274, -45.02965462635378], [168.6638414196307, -45.02959313091992], [168.66387758364775, -45.02956800951585], [168.6641081580836, -45.02973491947053], [168.6640349283272, -45.02978578795224], [168.6640511749229, -45.029797549405124], [168.66395241663204, -45.029866151809216], [168.66394165576426, -45.02985836181195], [168.6639307372337, -45.029865946463964], [168.6637311479546, -45.02972146566346], [168.66374430936702, -45.029712323505905], [168.66372975139097, -45.02970178479129], [168.6637638668455, -45.02967808701033]]]}, "properties": {"building_id": 4735412, "facet_count": 10, "obstruction_count": 1, "panel_count": 25, "kwp": 11.0, "ac_kwh_day_avg": 30.5, "ac_kwh_year": 11146.0, "facet_area_m2": 151.9, "avg_poa_kwh_m2": 1249.0}}, {"type": "Feature", "geometry": {"type": "Polygon", "coordinates": [[[168.66599924797913, -45.02924895167472], [168.66608128432657, -45.029197305023565], [168.66615867219468, -45.02925911887788], [168.66606670042208, -45.02931702133223], [168.6660252135071, -45.02928388418926], [168.66603515143495, -45.02927762854051], [168.66599924797913, -45.02924895167472]]]}, "properties": {"building_id": 4735642, "facet_count": 2, "obstruction_count": 5, "panel_count": 18, "kwp": 7.92, "ac_kwh_day_avg": 24.8, "ac_kwh_year": 9034.0, "facet_area_m2": 75.6, "avg_poa_kwh_m2": 1356.0}}, {"type": "Feature", "geometry": {"type": "Polygon", "coordinates": [[[168.6621280688854, -45.02719125008004], [168.6621632121391, -45.027214095718456], [168.6621487472585, -45.02722528643389], [168.6621859788391, -45.02724948890732], [168.66216820518764, -45.02726323897714], [168.6622055058236, -45.02728748548076], [168.6621198733125, -45.02735373400072], [168.66207776223575, -45.02732635988048], [168.66209164062272, -45.02731562305526], [168.66204970989656, -45.027288365611156], [168.66206375542058, -45.02727750012138], [168.66203812047917, -45.027260836935035], [168.6621280688854, -45.02719125008004]]]}, "properties": {"building_id": 5370896, "facet_count": 1, "obstruction_count": 1, "panel_count": 2, "kwp": 0.88, "ac_kwh_day_avg": 2.7, "ac_kwh_year": 1004.0, "facet_area_m2": 71.8, "avg_poa_kwh_m2": 1367.0}}, {"type": "Feature", "geometry": {"type": "Polygon", "coordinates": [[[168.66186328435558, -45.0276369836715], [168.66187582626034, -45.02765695821018], [168.66186937850233, -45.02765899390444], [168.6618763048351, -45.02767002468119], [168.66186325194732, -45.027674145891915], [168.66187425092974, -45.02769166270329], [168.66186395367816, -45.02769491478178], [168.66187360349053, -45.027710281903126], [168.66186149213635, -45.02771410587598], [168.66187262472477, -45.027731836616354], [168.6618609880708, -45.02773551031965], [168.661869661198, -45.02774932435029], [168.66184959216835, -45.027755661264415], [168.66186876937132, -45.02778620180949], [168.6618008308417, -45.02780765397212], [168.6618160271069, -45.027831855109866], [168.66174532238793, -45.02785418046937], [168.6617073036319, -45.02779363061865], [168.66173003735597, -45.02778645264644], [168.66170980219025, -45.027754226264875], [168.66173247871012, -45.0277470659192], [168.66171136783797, -45.02771344512158], [168.66173464128804, -45.02770609594948], [168.66171559911467, -45.02767576846461], [168.6617388725486, -45.02766841929101], [168.66171819560168, -45.027635489251715], [168.66172659803325, -45.02763283571296], [168.6617071945672, -45.027601931857106], [168.66183557394078, -45.027561394215084], [168.6618508777074, -45.0275857677755], [168.66185759080432, -45.027583647660585], [168.66188648097125, -45.027629659449985], [168.66186328435558, -45.0276369836715]]]}, "properties": {"building_id": 5371105, "facet_count": 1, "obstruction_count": 8, "panel_count": 81, "kwp": 35.64, "ac_kwh_day_avg": 99.2, "ac_kwh_year": 36196.0, "facet_area_m2": 281.3, "avg_poa_kwh_m2": 1217.0}}, {"type": "Feature", "geometry": {"type": "Polygon", "coordinates": [[[168.66290607518965, -45.02937793566318], [168.66296503837427, -45.02942393646419], [168.662852577765, -45.02949642209451], [168.66278769314536, -45.02944580119809], [168.66281544864307, -45.02942791188417], [168.66282137010316, -45.029432531920975], [168.66290607518965, -45.02937793566318]]]}, "properties": {"building_id": 5371115, "facet_count": 1, "obstruction_count": 0, "panel_count": 0, "kwp": 0, "ac_kwh_day_avg": 0, "ac_kwh_year": 0, "facet_area_m2": 8.0, "avg_poa_kwh_m2": 1367.0}}, {"type": "Feature", "geometry": {"type": "Polygon", "coordinates": [[[168.66299800866187, -45.02844752950706], [168.6629647415115, -45.028423530352896], [168.6629714487547, -45.02841885430959], [168.66266024551481, -45.02819435133793], [168.6627447064238, -45.02813547630238], [168.66305738548692, -45.028361043407834], [168.6630159161997, -45.02838995054181], [168.66304770757577, -45.028412885318524], [168.66299800866187, -45.02844752950706]]]}, "properties": {"building_id": 5371116, "facet_count": 7, "obstruction_count": 1, "panel_count": 0, "kwp": 0, "ac_kwh_day_avg": 0, "ac_kwh_year": 0, "facet_area_m2": 64.5, "avg_poa_kwh_m2": 1314.0}}, {"type": "Feature", "geometry": {"type": "Polygon", "coordinates": [[[168.66175555907964, -45.029381577061436], [168.66182247522346, -45.029430166718974], [168.66181091803884, -45.0294381697549], [168.6618311131926, -45.02945283458287], [168.66182436936543, -45.02945750466521], [168.66185282176355, -45.029478163945036], [168.6618854650203, -45.02955024403824], [168.66176394239824, -45.029577917919504], [168.6617009404499, -45.02953217146886], [168.66173399254777, -45.029509282705924], [168.66162834782887, -45.029432571566], [168.66168561297457, -45.029392913826584], [168.66171176565058, -45.02941190488175], [168.66175555907964, -45.029381577061436]]]}, "properties": {"building_id": 5371130, "facet_count": 11, "obstruction_count": 6, "panel_count": 23, "kwp": 10.12, "ac_kwh_day_avg": 29.4, "ac_kwh_year": 10739.0, "facet_area_m2": 151.4, "avg_poa_kwh_m2": 1283.0}}, {"type": "Feature", "geometry": {"type": "Polygon", "coordinates": [[[168.66204493556177, -45.026950397419135], [168.66213224185177, -45.02690338940411], [168.66223632738496, -45.02700060560327], [168.66222167726852, -45.02707658137462], [168.66211169964436, -45.02706591567714], [168.66212038668013, -45.02702086767647], [168.66204493556177, -45.026950397419135]]]}, "properties": {"building_id": 4734702, "facet_count": 4, "obstruction_count": 3, "panel_count": 38, "kwp": 16.72, "ac_kwh_day_avg": 47.3, "ac_kwh_year": 17264.0, "facet_area_m2": 152.0, "avg_poa_kwh_m2": 1245.0}}, {"type": "Feature", "geometry": {"type": "Polygon", "coordinates": [[[168.6623092644309, -45.026742507827954], [168.66229507525736, -45.02676547364118], [168.66227697548644, -45.02675984912516], [168.6622529860846, -45.026798675123494], [168.6621844327894, -45.02677737388945], [168.66224347907328, -45.026681809809695], [168.66219366319484, -45.02666633020417], [168.66222280221757, -45.0266191699824], [168.66219789120814, -45.026611429160766], [168.6622300390717, -45.02655939818439], [168.66234629715703, -45.02659552249442], [168.6623186439197, -45.02664027726743], [168.66235478766507, -45.02665150795669], [168.66232284967126, -45.02670319858074], [168.66233286076533, -45.026706308918385], [168.66234441145247, -45.026687613120124], [168.6623699957357, -45.02668664138272], [168.6623740304314, -45.02674004747448], [168.6623092644309, -45.026742507827954]]]}, "properties": {"building_id": 4734787, "facet_count": 8, "obstruction_count": 1, "panel_count": 13, "kwp": 5.72, "ac_kwh_day_avg": 17.1, "ac_kwh_year": 6233.0, "facet_area_m2": 90.6, "avg_poa_kwh_m2": 1302.0}}, {"type": "Feature", "geometry": {"type": "Polygon", "coordinates": [[[168.66307733766342, -45.027447899718645], [168.66304583061523, -45.02746810838226], [168.66305233396392, -45.02747320604341], [168.66304285220355, -45.02747928794769], [168.6630482062092, -45.02748348669867], [168.66296168310512, -45.0275389825021], [168.66284640892385, -45.027448602187285], [168.66289741056414, -45.027415889027466], [168.6629375755578, -45.027447380984], [168.6630140857874, -45.027398307869085], [168.66307733766342, -45.027447899718645]]]}, "properties": {"building_id": 4734806, "facet_count": 2, "obstruction_count": 5, "panel_count": 38, "kwp": 16.72, "ac_kwh_day_avg": 47.7, "ac_kwh_year": 17422.0, "facet_area_m2": 128.6, "avg_poa_kwh_m2": 1248.0}}, {"type": "Feature", "geometry": {"type": "Polygon", "coordinates": [[[168.66273790709508, -45.02760576890724], [168.66272165605434, -45.02761724640646], [168.66275254438756, -45.02763924131473], [168.66278943435225, -45.027613188273236], [168.662825530982, -45.027638892078], [168.6627242604723, -45.02771041347342], [168.66263873199816, -45.02764951267044], [168.6626481356224, -45.027642870609064], [168.66262022609112, -45.027622996443846], [168.66269145410757, -45.02757269183403], [168.66273790709508, -45.02760576890724]]]}, "properties": {"building_id": 4734807, "facet_count": 3, "obstruction_count": 3, "panel_count": 25, "kwp": 11.0, "ac_kwh_day_avg": 30.0, "ac_kwh_year": 10956.0, "facet_area_m2": 102.9, "avg_poa_kwh_m2": 1233.0}}, {"type": "Feature", "geometry": {"type": "Polygon", "coordinates": [[[168.66263029682463, -45.02736770041196], [168.66267764240442, -45.02732940388248], [168.66264722296316, -45.027310491942934], [168.6626914018415, -45.027274755677865], [168.66265422474493, -45.02725164197305], [168.66269869558158, -45.02721567016216], [168.66283689557426, -45.02730158841596], [168.6627955549051, -45.02733502922268], [168.66283267640196, -45.0273581074585], [168.66273802167456, -45.027434673206855], [168.66263029682463, -45.02736770041196]]]}, "properties": {"building_id": 4734808, "facet_count": 1, "obstruction_count": 6, "panel_count": 35, "kwp": 15.4, "ac_kwh_day_avg": 38.2, "ac_kwh_year": 13945.0, "facet_area_m2": 130.6, "avg_poa_kwh_m2": 1085.0}}, {"type": "Feature", "geometry": {"type": "Polygon", "coordinates": [[[168.6621486533404, -45.02750082749693], [168.66213987045018, -45.027373909406855], [168.66229182257445, -45.02736862137943], [168.66230060580241, -45.02749553947061], [168.6621486533404, -45.02750082749693]]]}, "properties": {"building_id": 4734816, "facet_count": 2, "obstruction_count": 6, "panel_count": 49, "kwp": 21.56, "ac_kwh_day_avg": 62.8, "ac_kwh_year": 22927.0, "facet_area_m2": 162.1, "avg_poa_kwh_m2": 1276.0}}, {"type": "Feature", "geometry": {"type": "Polygon", "coordinates": [[[168.6620434731323, -45.027489794285195], [168.66208975340834, -45.02752284974784], [168.66205054455406, -45.027550455360775], [168.66209270129968, -45.027580566006556], [168.66207011485227, -45.02759646799872], [168.66208956687655, -45.02761036094511], [168.6620885219585, -45.02764270462346], [168.6620246575044, -45.027687670099205], [168.66197767513933, -45.02765411169046], [168.6620139704505, -45.02762855748031], [168.6619728422982, -45.027599179997246], [168.661992444098, -45.02758537890632], [168.66197115923146, -45.02757017572869], [168.66198508117688, -45.027560374071655], [168.66196430445333, -45.027545535003895], [168.6620434731323, -45.027489794285195]]]}, "properties": {"building_id": 4734817, "facet_count": 6, "obstruction_count": 0, "panel_count": 3, "kwp": 1.32, "ac_kwh_day_avg": 3.3, "ac_kwh_year": 1198.0, "facet_area_m2": 41.5, "avg_poa_kwh_m2": 1254.0}}, {"type": "Feature", "geometry": {"type": "Polygon", "coordinates": [[[168.66209419357622, -45.02689246514576], [168.66201482534456, -45.026899190148235], [168.66198360313143, -45.026713890512255], [168.66209582009324, -45.026704381871276], [168.66212453364614, -45.026874794981175], [168.66209419357622, -45.02689246514576]]]}, "properties": {"building_id": 4734820, "facet_count": 1, "obstruction_count": 8, "panel_count": 44, "kwp": 19.36, "ac_kwh_day_avg": 58.3, "ac_kwh_year": 21277.0, "facet_area_m2": 164.5, "avg_poa_kwh_m2": 1317.0}}, {"type": "Feature", "geometry": {"type": "Polygon", "coordinates": [[[168.66212460619997, -45.02669005168755], [168.66201237224118, -45.02669151560959], [168.66200876652846, -45.0265524313136], [168.66212100147993, -45.02655096743294], [168.66212460619997, -45.02669005168755]]]}, "properties": {"building_id": 4734822, "facet_count": 1, "obstruction_count": 6, "panel_count": 33, "kwp": 14.52, "ac_kwh_day_avg": 43.2, "ac_kwh_year": 15780.0, "facet_area_m2": 124.9, "avg_poa_kwh_m2": 1303.0}}, {"type": "Feature", "geometry": {"type": "Polygon", "coordinates": [[[168.66229036446722, -45.02838621306993], [168.6623205964356, -45.02836554986776], [168.66249774236175, -45.028339348470446], [168.66251889487089, -45.02841126389492], [168.66242287772687, -45.0284254663675], [168.66242002337188, -45.02841576262351], [168.66235148832004, -45.028425899529324], [168.66237525554826, -45.028506707537304], [168.66227042629893, -45.028522212895965], [168.66224157334946, -45.02842411761973], [168.66229901397398, -45.02841562092814], [168.66229036446722, -45.02838621306993]]]}, "properties": {"building_id": 4734907, "facet_count": 8, "obstruction_count": 7, "panel_count": 22, "kwp": 9.68, "ac_kwh_day_avg": 26.6, "ac_kwh_year": 9702.0, "facet_area_m2": 123.9, "avg_poa_kwh_m2": 1194.0}}, {"type": "Feature", "geometry": {"type": "Polygon", "coordinates": [[[168.6615532105449, -45.02948916307257], [168.66161692921014, -45.02944625735508], [168.66168665164358, -45.02949832421183], [168.66159582618658, -45.029559482152024], [168.6615505213102, -45.029525648945686], [168.66157762682138, -45.029507396723965], [168.6615532105449, -45.02948916307257]]]}, "properties": {"building_id": 4735079, "facet_count": 3, "obstruction_count": 1, "panel_count": 7, "kwp": 3.08, "ac_kwh_day_avg": 10.2, "ac_kwh_year": 3709.0, "facet_area_m2": 48.1, "avg_poa_kwh_m2": 1313.0}}, {"type": "Feature", "geometry": {"type": "Polygon", "coordinates": [[[168.66216457360963, -45.02991348899661], [168.66222220665912, -45.02995487590122], [168.66220079080878, -45.029970494794284], [168.6622240884164, -45.029986556785516], [168.66215732541818, -45.03003524953527], [168.6620410296764, -45.029955067406476], [168.66211000683842, -45.02990476122799], [168.66214420871987, -45.02992834160543], [168.66216457360963, -45.02991348899661]]]}, "properties": {"building_id": 4735130, "facet_count": 2, "obstruction_count": 3, "panel_count": 23, "kwp": 10.12, "ac_kwh_day_avg": 31.6, "ac_kwh_year": 11520.0, "facet_area_m2": 102.8, "avg_poa_kwh_m2": 1335.0}}, {"type": "Feature", "geometry": {"type": "Polygon", "coordinates": [[[168.66253919591466, -45.028624864754676], [168.66257156987425, -45.02859601228764], [168.66261071438197, -45.02861809904693], [168.662625554381, -45.02860487371468], [168.66260717030946, -45.0285921107284], [168.66262627903308, -45.02857826916228], [168.66265285486335, -45.02859671708529], [168.66267471694874, -45.028580879235236], [168.66262508955688, -45.028546428284095], [168.66261299144966, -45.02855519218445], [168.66255038675223, -45.02851173339743], [168.66258105367942, -45.028489518787744], [168.66257405484086, -45.02848466060034], [168.66261815356478, -45.028452714718206], [168.66276590926694, -45.02855528469753], [168.66277875804977, -45.02854597772325], [168.66282559100753, -45.02857848949336], [168.66277768217122, -45.028613194495016], [168.66274541733546, -45.028590796144975], [168.6627167502118, -45.02861156197011], [168.6627045989727, -45.02860312752563], [168.6626646542393, -45.028632063734825], [168.6626590604605, -45.02862818081121], [168.6626466216722, -45.028639265944975], [168.66268376715718, -45.028660225191985], [168.66264110379294, -45.02869824708815], [168.66265510562016, -45.02870614792841], [168.66260977561558, -45.02874654566775], [168.6625111893226, -45.02869091812424], [168.6625181737632, -45.028684693526415], [168.6624838188685, -45.02864208911907], [168.66253601720373, -45.028620923391316], [168.66253919591466, -45.028624864754676]]]}, "properties": {"building_id": 4735259, "facet_count": 14, "obstruction_count": 3, "panel_count": 7, "kwp": 3.08, "ac_kwh_day_avg": 7.6, "ac_kwh_year": 2766.0, "facet_area_m2": 153.5, "avg_poa_kwh_m2": 1139.0}}, {"type": "Feature", "geometry": {"type": "Polygon", "coordinates": [[[168.66181566180435, -45.028557190166865], [168.66200982060454, -45.028428241960356], [168.6620529913977, -45.02846092974634], [168.66209942078274, -45.02843009447762], [168.66213856953445, -45.028459736857705], [168.66187934235515, -45.02863189899662], [168.66182730374416, -45.0285924967046], [168.6618459426829, -45.02858011820341], [168.66181566180435, -45.028557190166865]]]}, "properties": {"building_id": 4735273, "facet_count": 4, "obstruction_count": 2, "panel_count": 27, "kwp": 11.88, "ac_kwh_day_avg": 36.1, "ac_kwh_year": 13176.0, "facet_area_m2": 157.9, "avg_poa_kwh_m2": 1319.0}}, {"type": "Feature", "geometry": {"type": "Polygon", "coordinates": [[[168.66284028456235, -45.02960233251277], [168.6626704181102, -45.029715344113534], [168.66252936964952, -45.029608736237314], [168.66269923729794, -45.02949572489218], [168.66284028456235, -45.02960233251277]]]}, "properties": {"building_id": 4735290, "facet_count": 2, "obstruction_count": 16, "panel_count": 67, "kwp": 29.48, "ac_kwh_day_avg": 88.0, "ac_kwh_year": 32125.0, "facet_area_m2": 247.4, "avg_poa_kwh_m2": 1305.0}}, {"type": "Feature", "geometry": {"type": "Polygon", "coordinates": [[[168.66223940427082, -45.02788728496484], [168.6622900983189, -45.0278570530002], [168.66232216624263, -45.02788409256997], [168.66237184457196, -45.02785446645297], [168.66248892460908, -45.02795319141265], [168.66239385105348, -45.028009890839115], [168.66234311318317, -45.02796710765411], [168.6623378142196, -45.027970267319056], [168.66223940427082, -45.02788728496484]]]}, "properties": {"building_id": 4735298, "facet_count": 9, "obstruction_count": 4, "panel_count": 14, "kwp": 6.16, "ac_kwh_day_avg": 17.0, "ac_kwh_year": 6192.0, "facet_area_m2": 111.5, "avg_poa_kwh_m2": 1242.0}}, {"type": "Feature", "geometry": {"type": "Polygon", "coordinates": [[[168.66180689736166, -45.02832426726655], [168.66183618198482, -45.02840316272287], [168.66171931728982, -45.02842497625485], [168.66166578762855, -45.02828075930661], [168.6618041447356, -45.028254934279076], [168.66182839014735, -45.028320254825545], [168.66180689736166, -45.02832426726655]]]}, "properties": {"building_id": 4735315, "facet_count": 3, "obstruction_count": 4, "panel_count": 49, "kwp": 21.56, "ac_kwh_day_avg": 68.3, "ac_kwh_year": 24914.0, "facet_area_m2": 162.3, "avg_poa_kwh_m2": 1382.0}}, {"type": "Feature", "geometry": {"type": "Polygon", "coordinates": [[[168.66271306463088, -45.029085016273925], [168.66265285633125, -45.029056668401736], [168.6627165363332, -45.028988655191895], [168.6627792537573, -45.029018184131644], [168.6627885841127, -45.02900821846997], [168.66289431621917, -45.029057999068975], [168.6628507776039, -45.02910449903826], [168.66283762391777, -45.029098305747446], [168.6627877530937, -45.02915156913531], [168.66269266795967, -45.02910680073499], [168.66271306463088, -45.029085016273925]]]}, "properties": {"building_id": 4735336, "facet_count": 3, "obstruction_count": 0, "panel_count": 19, "kwp": 8.36, "ac_kwh_day_avg": 23.6, "ac_kwh_year": 8632.0, "facet_area_m2": 114.7, "avg_poa_kwh_m2": 1259.0}}, {"type": "Feature", "geometry": {"type": "Polygon", "coordinates": [[[168.66212329443957, -45.027980680158976], [168.66226590658218, -45.028079648731605], [168.66219427848574, -45.028131552788906], [168.66205166635118, -45.02803258412701], [168.66212329443957, -45.027980680158976]]]}, "properties": {"building_id": 4735348, "facet_count": 2, "obstruction_count": 5, "panel_count": 25, "kwp": 11.0, "ac_kwh_day_avg": 32.2, "ac_kwh_year": 11758.0, "facet_area_m2": 118.4, "avg_poa_kwh_m2": 1301.0}}, {"type": "Feature", "geometry": {"type": "Polygon", "coordinates": [[[168.6623325343732, -45.028821005382646], [168.662305769542, -45.02880186784858], [168.66237706168306, -45.02875172971496], [168.66246642428533, -45.028815627510625], [168.66234491432215, -45.02890108300203], [168.66228231529988, -45.02885632260939], [168.6623325343732, -45.028821005382646]]]}, "properties": {"building_id": 4735351, "facet_count": 4, "obstruction_count": 2, "panel_count": 15, "kwp": 6.6, "ac_kwh_day_avg": 19.0, "ac_kwh_year": 6942.0, "facet_area_m2": 87.8, "avg_poa_kwh_m2": 1274.0}}, {"type": "Feature", "geometry": {"type": "Polygon", "coordinates": [[[168.66188343470284, -45.028692974211815], [168.66197730869465, -45.02866618803865], [168.66202429682292, -45.02874542216704], [168.66199543301585, -45.02875420599526], [168.6619787543104, -45.02872664296789], [168.66191546421032, -45.02874590280203], [168.66188343470284, -45.028692974211815]]]}, "properties": {"building_id": 4735380, "facet_count": 2, "obstruction_count": 1, "panel_count": 0, "kwp": 0, "ac_kwh_day_avg": 0, "ac_kwh_year": 0, "facet_area_m2": 14.6, "avg_poa_kwh_m2": 1320.0}}, {"type": "Feature", "geometry": {"type": "Polygon", "coordinates": [[[168.66199580776657, -45.02813744685031], [168.66195823083478, -45.028164633834265], [168.6618751113727, -45.02810685957955], [168.66191268830187, -45.02807967262287], [168.66199580776657, -45.02813744685031]]]}, "properties": {"building_id": 4735381, "facet_count": 2, "obstruction_count": 1, "panel_count": 1, "kwp": 0.44, "ac_kwh_day_avg": 1.5, "ac_kwh_year": 552.0, "facet_area_m2": 24.7, "avg_poa_kwh_m2": 1347.0}}]}